Days Since,Date,Start Time,End Time,Boulder Name,Area,Sub Area,V Grade,Return Interest,Session #,Attempts,Minutes,Comment
83,2024-07-28,14:45:00,15:05:00,"""Vince's Project""","""Duncan""","""Middle Level""",9.0,4,1,5,20,"""Fell a couple times on the bump, but felt doable if fresher. Top felt like it might be sort of hard."""
83,2024-07-28,15:15:00,15:30:00,"""Noah's Arete""","""Duncan""","""Middle Level""",7.0,2,1,5,15,"""Was absolutely toasted and this felt really hard."""
87,2024-07-24,16:30:00,17:30:00,"""Progression in Backwards Thinking""","""Squamish""","""Shannon Falls""",10.0,2,1,15,60,"""Did all the moves individually but couldn't do more than 1 or 2 consecutively. Felt really weak and heavy. I think if I was in better shape I may have been able to do it in one session."""
90,2024-07-21,11:30:00,11:40:00,"""Panda Milk""","""Squamish""","""Furry Creek""",2.0,2,1,4,10,"""Hard, slightly broken, and way too scary on a soli mission"""
90,2024-07-21,16:00:00,17:00:00,"""Invincible""","""Squamish""","""Porteau Cove""",10.0,2,1,20,60,"""So hot, so buggy, so miserable. Got my ass kicked by this, basically successfully only did the two extremely easy moves, though I didn't try anything past the pinch since I couldn't pull on from there. Got close a couple times to getting the pinch, but would probably be stuck doing the next move even if I did. Don't think I have stuff this hard in me in my current state."""
140,2024-06-01,18:00:00,19:00:00,"""Final Hour""","""Tahoe""","""PCT Boulders""",7.0,4,1,10,60,"""Figured it out but was too gassed to do the first move after figuring out the rest. The only cookie diet did not come through."""
150,2024-05-22,11:30:00,11:40:00,"""Messa delle Streghe""","""Varazze""","""Potala""",10.0,4,1,3,10,"""Messed around. Tough to see how it would feel with pads, but I think it would go."""
150,2024-05-22,16:00:00,16:30:00,"""Rampage""","""Varazze""","""Futurama""",11.0,2,1,10,30,"""There were 4 (shitty) stashed pads under it, so I figured I'd at least mess around trying some of the moves. Shockingly they all felt  hard, but most at least felt doable. Linking would be very tough."""
153,2024-05-19,10:00:00,10:15:00,"""Made in Norway""","""Chironico""","""Made in Norway""",7.5,3,1,3,15,"""Felt pretty scared on a left hand bump move. Maybe would feel better with more pads."""
154,2024-05-18,10:30:00,10:40:00,"""Wonderboy""","""Magic Wood""","""Wonderboy""",0.0,4,1,3,10,"""Great warmup to a spooky and weird mantle. Got too spooked!"""
154,2024-05-18,11:15:00,13:15:00,"""Intermezzo""","""Magic Wood""","""Intermezzo""",9.0,4,1,10,120,"""Soooo many people. Maybe like 20 people at the tiny boulder, and maybe 8-10 people trying? Not my favorite experience, but wasn't too bad."""
154,2024-05-18,15:00:00,15:15:00,"""Bosna Something""","""Magic Wood""","""Bosna""",8.0,2,1,5,15,"""Some unknown problem involving grabbing an undercling over your head and pulling it down to your chest. Of course Conor was good at it."""
154,2024-05-18,16:00:00,18:00:00,"""Mummy""","""Magic Wood""","""Morgenlatte""",7.5,3,1,20,120,"""So hard! Should have capitalized the time I did the first move."""
158,2024-05-14,11:00:00,13:00:00,"""Black Pearl""","""Brione""","""Black Pearl""",10.0,3,1,20,120,"""Couldn't do the first move or the move bringing your right hand to the lip, but given the weather it was a relief to just have something dry, and Conor did it to boot. Overall a success."""
160,2024-05-12,10:00:00,10:05:00,"""Dosage Jump""","""Brione""","""Dosage Jump""",5.5,4,1,2,5,"""Whoa. Hit the jug and flew up and over Conor. Great spotting from him and soft dirt prevented an injury after one of the most exciting falls I've ever taken and somehow Caitlin got it on video. I left a nice human sized crater in the dirt. Maybe one day I'll go back and try again."""
160,2024-05-12,16:30:00,17:00:00,"""Sunny Slab""","""Brione""","""Frogger""",5.0,2,1,10,30,"""Damn I want to be better at slab. They always look so fun, but they're always so damn hard."""
161,2024-05-11,16:30:00,18:00:00,"""There Is No Spoon""","""Brione""","""Wie im Urlaub""",7.5,3,1,20,90,"""Such a cool feature, bummed I am not enough of a slab master to finish (must be hard though, Conor also did not finish)."""
162,2024-05-10,16:30:00,17:30:00,"""Molunk""","""Brione""","""Molunk""",9.0,4,1,10,60,"""Felt too hard to do in a single session, but pretty cool! And Conor did it, in a way I would imagine I would not do, but it did look cool."""
162,2024-05-10,18:00:00,18:20:00,"""Atlantis""","""Brione""","""Atlantis""",9.0,3,1,5,20,"""Caitlin believed this would be really easy. It was not. Maybe on another day it would be doable, but certainly not today."""
226,2024-03-07,13:15:00,14:15:00,"""Solid Works""","""Doolin""","""Small Cave""",6.0,3,1,10,60,"""Never figured out how to safely do the top without a pad. Climbing to the lip encounter wasn't too hard."""
256,2024-02-06,15:00:00,15:45:00,"""Hedgehog""","""Hueco Tanks""","""North Mountain""",9.0,3,1,8,45,"""Had a kink in my neck and couldn't really move my head, but still did most of the moves."""
258,2024-02-04,15:00:00,15:30:00,"""The Egg""","""Hueco Tanks""","""East Spur""",8.0,3,3,10,30,"""Did Thegg again! Still cannot do the first move for the life of me...maybe one day."""
261,2024-02-01,17:15:00,17:30:00,"""Mojo""","""Hueco Tanks""","""East Mountain""",10.0,4,2,5,15,"""Did most of the moves...individually. Hoping it feels better not in the sun next time."""
265,2024-01-28,13:00:00,14:00:00,"""The Egg""","""Hueco Tanks""","""East Spur""",8.0,3,2,10,60,"""Still cannot do the first move! But Joaquin did!!"""
294,2023-12-30,10:30:00,10:35:00,"""Julio and Me""","""Hueco Tanks""","""East Mountain""",9.0,1,1,3,5,"""Sharp, probably not that good"""
294,2023-12-30,15:15:00,15:45:00,"""Squid Pro Roe""","""Hueco Tanks""","""East Mountain""",9.0,1,1,10,30,"""Couldnt figure out how to move out right"""
295,2023-12-29,16:00:00,16:15:00,"""Power of Landjager""","""Hueco Tanks""","""East Mountain""",11.0,4,1,5,15,"""Wow that move to the pocket crimp is long and hard...and pogoing after would be hard too. Very cool though!"""
295,2023-12-29,16:20:00,16:40:00,"""Meddle Detector""","""Hueco Tanks""","""West Mountain""",6.0,2,1,5,20,"""One day I will learn how to kneebar! Sage did it and it was really really cool!"""
299,2023-12-25,17:15:00,17:25:00,"""Crash Dummy""","""Hueco Tanks""","""West Mountain""",7.0,4,1,3,10,"""Did all the moves before having to walk out"""
302,2023-12-22,11:00:00,11:05:00,"""El Techo De Los Tres B""","""Hueco Tanks""","""North Mountain""",11.0,2,2,2,5,"""This is...still too hard!!"""
302,2023-12-22,11:30:00,11:35:00,"""Coffee Achiever""","""Hueco Tanks""","""North Mountain""",5.0,3,2,2,5,"""Tried the campus method and felt closer, but it really hurt my scapula so I stopped. Teddy and Conor did it."""
304,2023-12-20,14:00:00,14:15:00,"""Mr. Serious""","""Hueco Tanks""","""East Spur""",8.0,2,1,5,15,"""Felt impossible and unpleasant"""
304,2023-12-20,15:30:00,16:00:00,"""Sex After Death""","""Hueco Tanks""","""East Spur""",8.0,4,2,8,30,"""Got close and then it started raining. It's sharp"""
328,2023-11-26,12:00:00,14:00:00,"""Triple Cracks""","""Columbia College""","""Lower Arboretum""",6.0,5,1,20,120,"""I suck at climbing"""
329,2023-11-25,16:00:00,17:00:00,"""The Minotaur""","""Columbia College""","""The Labyrinth""",5.0,4,1,10,60,"""Too scared"""
658,2022-12-31,11:00:00,12:00:00,"""Below Me""","""Hueco Tanks""","""East Mountain""",8.0,2,1,20,60,"""Should have done it on my 3rd try, then regressed, then should have done it on my ~10th try before regressing really hard and tearing open my pinky. Was pretty disappointed with my performance, but that's how it goes sometimes."""
658,2022-12-31,15:00:00,16:00:00,"""Man Gum""","""Hueco Tanks""","""East Mountain""",9.0,3,1,15,60,"""Never did the first move, but did it (to a safe drop off point) from a move in. This is VERY crimpy and sharp. Caitlin could do the first move but not the 3rd(?) move, so combined we had a team send. Conor gave up, but then got bored and gritted his teeth and did it. It still looked hard.

In lighter news, Casey took my first witnessed Hueco dump. We collected all the plastic bags we could find and off he went, only to return after relieving himself alerting us to the fact that he couldn't find any of the bags other than the bag that the toilet paper was in. He took C^2's saucy sandwich bag for a second layer, and made the (smart) decision to sacrifice his tupperware for extra protection.

When we left the area he realized the bags were in his jacket pocket which he had removed prior to pooping. A comedy in three parts."""
663,2022-12-26,11:00:00,11:01:00,"""Bad Religion""","""Hueco Tanks""","""East Spur""",8.0,2,1,1,1,"""Tried once and got two (2) flappers! So I stopped trying. Caitlin did it though! And Joaquin did New Religion and Sage got very close!"""
664,2022-12-25,14:00:00,15:00:00,"""The Dwindles""","""Hueco Tanks""","""North Mountain""",9.0,2,1,15,60,"""I bet this would be WAY easier with a kneebar. Too bad we didn't have a kneebar pad, nor am I able to competently kneebar."""
664,2022-12-25,16:00:00,17:00:00,"""The Egg""","""Hueco Tanks""","""East Spur""",8.0,3,1,10,60,"""Couldn't do the knee bar to pull off the ground but did the rest of the problem. The top is super cool."""
666,2022-12-23,10:30:00,10:35:00,"""Slim Pickins""","""Hueco Tanks""","""East Spur""",5.0,3,1,2,5,"""Sooooo cold. Friction felt great, but every time I fell I'd kick the wall and it would hurt super bad. Conor repeated and Casey did it!"""
668,2022-12-21,14:00:00,14:20:00,"""Choir Boys""","""Hueco Tanks""","""North Mountain""",7.0,2,2,5,20,"""Still really hard. Mostly tried out of boredom and to give some sick support to Caitlin."""
668,2022-12-21,16:00:00,16:15:00,"""Bloody Flapper""","""Hueco Tanks""","""North Mountain""",4.0,4,2,5,15,"""Doesn't feel good on the knee but I'd like to do it. I'm bad at jumping."""
669,2022-12-20,14:00:00,14:10:00,"""William's Jump""","""Hueco Tanks""","""East Mountain""",3.0,5,3,5,10,"""Did not feel good on the knee."""
669,2022-12-20,15:00:00,15:15:00,"""The Bear""","""Hueco Tanks""","""East Mountain""",4.0,4,3,5,15,"""Couldn't figure out how to get off the ground. After watching Louie's video it turned out we were starting in the wrong place."""
797,2022-08-14,15:15:00,16:45:00,"""Houdini""","""Squamish""","""North Walls""",8.0,5,1,15,90,"""Got all the moves, just didn't have the juice to finish it off. Hopefully will come back tomorrow before heading out and can get it done."""
797,2022-08-14,18:30:00,19:00:00,"""Superdyke""","""Squamish""","""Grand Wall""",3.0,4,3,5,30,"""God damn this is so hard. Guess this will have to wait for another year...."""
800,2022-08-11,19:30:00,20:45:00,"""Superdyke""","""Squamish""","""Grand Wall""",3.0,5,2,10,75,"""Will I ever do this? Doubt it. Banged into the tree chimney a few times decently hard. Piano matching is so hard."""
803,2022-08-08,8:45:00,9:45:00,"""The Perfect Cave""","""Squamish""","""North Walls""",11.0,3,5,15,60,"""Tried to wake up early and get better temperature; results very meh. Forgot I don't operate well this early, plus I'm tired, so this was pretty useless. Still did the top a couple of times because I'm loving that part, just that damn bump (and today the move before the bump). At least the forest is very pleasant and still at this hour!"""
804,2022-08-07,9:30:00,11:30:00,"""The Perfect Cave""","""Squamish""","""North Walls""",11.0,3,4,25,120,"""Pretty depressing to keep walking back up here to fall at the same spot over and over. Kind of fully starting to lose motivation. At least the cave is usually much cooler than the rest of the forest so the temperature is pleasant. """
805,2022-08-06,13:00:00,15:30:00,"""The Perfect Cave""","""Squamish""","""North Walls""",11.0,4,3,20,150,"""Another long session of falling on basically the same two moves. Managed to do the bump a couple times in isolation, but VERY low percentage. Came close to doing the bump once from the bottom (but not really even that close, just sorta wildly slapped the crimp with my feet coming off)."""
805,2022-08-06,17:15:00,17:30:00,"""Almost Famous""","""Squamish""","""North Walls""",9.0,2,1,5,15,"""Did not feel very good on any of those holds. Maybe a heat thing? Skin thing? Weakness thing?"""
805,2022-08-06,17:45:00,17:55:00,"""Sheriff's Badge Arete""","""Squamish""","""North Walls""",9.0,2,1,3,10,"""Oof so hard. Pulled on 3 times. Foot popped 3 times. Knee scraped 3 times. Awkward and balancey to reach up to that gastony arete. Looks very cool though wish I could do it."""
807,2022-08-04,17:00:00,20:00:00,"""The Perfect Cave""","""Squamish""","""North Walls""",11.0,4,2,45,180,"""Maybe the longest I sat at a boulder, got the top super dialed (brought the Futuras, which work much better than the barefoot method). Just need to link the move to the lip and the first bump. Really hoping I only have to do that once and will finish it off once that happens."""
807,2022-08-04,20:30:00,20:31:00,"""Megalodon""","""Squamish""","""North Walls""",5.0,3,1,1,1,"""Probably wouldn't feel too bad with an extra pad or two and/or a spotter. But solo with 1.5 pads is too scary for me."""
808,2022-08-03,12:00:00,14:30:00,"""The Perfect Cave""","""Squamish""","""North Walls""",11.0,4,1,30,150,"""Whoa! Did much better than expected. Did every move but the first bump (this has gotta be the crux right? Not the move to the jug?) and was semi-close on that a couple times. No left shoe for the heel hook, kind of crazy but the Solutions just have way too insensitive of a heel for that for me."""
808,2022-08-03,14:45:00,15:30:00,"""Power Launch""","""Squamish""","""North Walls""",8.0,5,1,15,45,"""Started to rain lightly but the top hold stayed pretty dry so it was okay. What wasn't okay was how much I needed to poop. Each time I jumped I was slightly afraid a little poo would come out (none did, I made it home in time)."""
810,2022-08-01,18:00:00,18:30:00,"""Peter and the Wolf""","""Squamish""","""Shannon Falls""",9.0,4,1,10,30,"""The crux move is so hard! Reach for an undercling crimp thing above your head. Wish it was not so hot and humid when I tried this so I would know whether or not it was actually possible. Would love to be able to do this someday though, even if the approach isn't my favorite."""
811,2022-07-31,21:30:00,23:00:00,"""Whispering Waters""","""Squamish""","""North Walls""",6.0,4,1,10,90,"""After doing Flow Stone and checking this out this morning, I went home and watched some videos of this to gauge whether it would be worth going back to. After sitting around for a few hours the weather had cooled down I couldn't think of anything else to do so I drove back out there to give it some goes. It was decently scary trying to figure out the mid/top section with 2 pads, but almost doable. However it was pretty sharp, and harder than I thought, so overall a 2.5/5 experience. Would consider going back, but probably not solo."""
813,2022-07-29,15:00:00,15:15:00,"""The 'I'""","""Squamish""","""North Walls""",6.0,4,1,5,15,"""Couldn't hold onto a single hold really."""
816,2022-07-26,17:00:00,19:00:00,"""Majestic""","""Squamish""","""Brittania Beach""",6.0,5,1,3,120,"""So fun, wish I could have done it, if only it wasn't soooo crowded."""
817,2022-07-25,18:00:00,18:15:00,"""The Weasel""","""Squamish""","""Grand Wall""",8.0,2,1,5,15,"""Did the first move once. Did no other moves. Felt impossible (possibly heat? But also just very hard and anti-style)"""
819,2022-07-23,15:45:00,16:00:00,"""Astroman""","""Squamish""","""North Walls""",7.0,5,1,4,15,"""Matching the lip hurt my wrist. Will have to go back in a week or so when it feels better hopefully and finish it off."""
820,2022-07-22,19:30:00,20:15:00,"""Lounge Act""","""Squamish""","""Grand Wall""",6.0,5,3,10,45,"""Got all the moves at the end of the day. Not enough skin/energy/strength to put it all together, but it's possible which I wasn't sure about before!"""
822,2022-07-20,14:00:00,15:00:00,"""Phantom Menace""","""Squamish""","""Paradise Valley""",6.0,5,4,10,60,"""I am starting to think I will never ever do this. It's so hard. I've never gotten more than ~18 inches of the ground. Felt kind of close once though, but then I dry fired bad and my fingies stung for like 20 minutes."""
823,2022-07-19,14:00:00,14:30:00,"""Planet of the Apes""","""Squamish""","""North Walls""",8.0,2,1,10,30,"""Never got off the ground really. The foot is very high and I am not good at that. I'm not good at much in climbing these days, but this is certainly near the top of the list."""
823,2022-07-19,15:30:00,16:30:00,"""Sage Against the Machine""","""Squamish""","""North Walls""",7.0,3,1,10,60,"""Heel the arete to reach back far right, would really like another 4 inches of wingspan."""
828,2022-07-14,16:00:00,17:00:00,"""The Land That Time Forgot""","""Squamish""","""North Walls""",6.0,3,2,15,60,"""I suck at this. The other beta is easily but much less pleasant so I'll stick with the original."""
831,2022-07-11,18:00:00,18:45:00,"""The Land That Time Forgot""","""Squamish""","""North Walls""",6.0,3,1,15,45,"""Eh, maybe I'll stay on the wall one day. Maybe not."""
833,2022-07-09,20:00:00,21:00:00,"""Lowlife""","""Squamish""","""Grand Wall""",10.0,2,2,20,60,"""Better conditions, but waaaay worse skin. I think the skin/fatigue canceled out the cooler weather. This one might just have to wait. It kind of feels likeThe Fury, it's just a game of chance (aka I'm not strong enough to do it super clean, so I just have to get lucky once)."""
834,2022-07-08,18:00:00,19:00:00,"""Lowlife""","""Squamish""","""North Walls""",10.0,4,1,15,60,"""Did each move individually. Did not do them together. Very hot and sweaty. Lots of dirtbikers going mach dick past, was kind of afraid a rock would kick up and kill me."""
834,2022-07-08,19:15:00,20:00:00,"""The Peach""","""Squamish""","""North Walls""",7.0,2,1,10,45,"""Absolute insanity. Could barely get off the ground, never latched the second hold, never even managed to try the fun dyno. Maybe it'll be better when it's less hot and humid."""
964,2022-02-28,12:00:00,12:30:00,"""Smooth Move""","""Hueco Tanks""","""North Mountain""",5.5,4,3,10,30,"""Damn. Thought today was the day but wasn't meant to be. Even tried a basketball shoe for extra jumping, but that just made it harder. Maybe I was never as close as I thought..."""
964,2022-02-28,13:00:00,13:45:00,"""Eurydice""","""Hueco Tanks""","""North Mountain""",9.0,3,2,10,45,"""Well I did what I thought was the crux, and then had no idea what to do after so I guess that's something. Maybe wearing shoes that had a more precise heel could have been helpful, but who knows."""
968,2022-02-24,12:00:00,13:00:00,"""Predator""","""Hueco Tanks""","""North Mountain""",10.0,3,2,10,60,"""I thought this innovative heel beta I saw a video on was going to be the difference. It wasn't. Underclings are still way too hard. My down jacket did blow away in a strong gust of wind though so that added some excitement. I think a gust whipped through the cave and rocketed out; my jacket flew up and out of the cave, probably like 40-70 feet up in the air. I thought I was going to have to spend the rest of the day looking for it, but luckily I found it after maybe 25 (stressful) minutes. It had blown maybe ~250 feet east and I audibly shrieked when I found it. Probably happier to find the jacket than to do any climb, so I'll take it."""
968,2022-02-24,14:30:00,15:15:00,"""Dirty Martini on the Rocks""","""Hueco Tanks""","""North Mountain""",9.0,5,1,5,45,"""Was joined by a large crew (Jeff and 4 of his friends). The number of pads helped, but my index fingers were pretty tender from Predator I think? DFinally did the first move but felt a little tweak so called it good for the day. ""I know we just met, but you need to set higher goals for yourself."" Thank you random *EXTREMELY* strong girl, I think that's a pretty good assessment of my goal setting mentality."""
970,2022-02-22,12:30:00,12:45:00,"""Eurydice""","""Hueco Tanks""","""North Mountain""",9.0,2,1,5,15,"""Did not make a lot of progress, but did crumble a foothold."""
970,2022-02-22,15:00:00,16:15:00,"""Smooth Move""","""Hueco Tanks""","""North Mountain""",5.5,5,2,25,75,"""I WANT TO DO THIS SO BAD. WHY IS JUMPING SO HARD."""
970,2022-02-22,16:30:00,17:00:00,"""El Techo de los Tres B""","""Hueco Tanks""","""North Mountain""",11.0,3,1,10,30,"""Tried out some of the moves, but realized I had neither the skin nor the energy to do much more than that."""
972,2022-02-20,12:00:00,12:30:00,"""Predator""","""Hueco Tanks""","""North Mountain""",10.0,3,1,10,30,"""Couldn't figure out how to do the punchy undercling move, felt really far."""
972,2022-02-20,12:45:00,13:15:00,"""Governator""","""Hueco Tanks""","""North Mountain""",10.0,2,1,10,30,"""Sunny and lot, the first crimp (not very sharp) started to give me a split. Also felt pretty hard."""
972,2022-02-20,14:30:00,15:30:00,"""Assisted Living""","""Hueco Tanks""","""North Mountain""",8.0,5,1,5,60,"""Ran into Matt and new friend Jeff and gave it a couple tries with them. Try 1: should have flashed, but did not think about how to do topout. Try 22: did top section in isolation (not very hard). Then I sat around and ate and when I tried again I felt like jello and could not do the second move. Returning home I've realized that I think we were using bad beta (no high right heel for second move). Maybe it will feel even easier with that method when I go back."""
972,2022-02-20,16:15:00,17:15:00,"""Both Barrels""","""Hueco Tanks""","""North Mountain""",9.0,3,1,10,60,"""It's a 3 move problem and I've done 0 moves (maybe am close on the first 2?), but it's kind of fun and interesting!"""
975,2022-02-17,13:00:00,14:30:00,"""Speed Bump""","""Hueco Tanks""","""North Mountain""",7.0,4,3,20,90,"""Okay, new beta again, use TWO kneebars. Should have done it once but punted the top. Should have taken shoes off so I could feel the heel. Also maybe practice the top?"""
975,2022-02-17,16:00:00,16:30:00,"""Power of Silence""","""Hueco Tanks""","""North Mountain""",10.0,1,1,5,30,"""Out of my league for sure."""
975,2022-02-17,16:45:00,17:30:00,"""Diaphanous Sea""","""Hueco Tanks""","""North Mountain""",11.0,1,1,10,45,"""Maaaaybe would be doable with good skin and a lot of work, but probably best to wait. Tried the top finishing V4 problem briefly too and it was a bit sharp/stabby/not super fun; I feel bad for anybody who falls there after doing the bottom."""
979,2022-02-13,14:00:00,14:30:00,"""The Bear""","""Hueco Tanks""","""East Mountain""",4.0,4,2,5,30,"""The second move is the hardest single move in all of rock climbing."""
979,2022-02-13,14:20:00,15:00:00,"""William's Jump""","""Hueco Tanks""","""East Mountain""",3.0,5,2,20,40,"""I GOT CLOSE! Very exciting! Beta: One step runup (accuracy more important than power), jump off right foot."""
982,2022-02-10,15:45:00,16:45:00,"""Speed Bump""","""Hueco Tanks""","""North Mountain""",7.0,3,2,10,60,"""Maybe got better knee bar beta this time to skip the hold our right? Felt harder than last time maybe."""
982,2022-02-10,17:00:00,17:10:00,"""See Sharp""","""Hueco Tanks""","""North Mountain""",6.0,3,2,3,10,"""Guess what? This still felt sharp, but at least I didn't decapitate my finger this time. Maybe it'll feel better some time when it's colder."""
985,2022-02-07,13:30:00,13:45:00,"""Shamu""","""Hueco Tanks""","""North Mountain""",9.0,2,1,5,15,"""Have no idea how to go right hand to the crimp \_(?)_/"""
987,2022-02-05,16:00:00,17:00:00,"""Free Willy""","""Hueco Tanks""","""North Mountain""",10.0,5,3,10,60,"""Worked out the intermediate beta, which will work way better than the jump beta for me."""
987,2022-02-05,17:30:00,17:40:00,"""Bloody Flapper""","""Hueco Tanks""","""North Mountain""",4.0,3,1,5,10,"""Really did not want to dyno, kept trying a myriad of other/worse options. Next time I should just jump."""
991,2022-02-01,14:30:00,15:00:00,"""Smooth Move""","""Hueco Tanks""","""North Mountain""",5.5,5,1,10,30,"""Fuck I want to be able to dyno so bad. Why are the most fun looking climbs dynos and flatwalls, two things I suck at? Slapped ~3 inches before the jug once. Key beta, wear tennis shoes (easier to jump in/more comfortable to land on)."""
991,2022-02-01,17:30:00,17:45:00,"""Coffee Achiever""","""Hueco Tanks""","""North Mountain""",5.0,3,1,5,15,"""What in the fuck?! This feels so hard. Got absolutely no where. According to Stupid Strong Southern Sean, this thing is just super hard."""
994,2022-01-29,11:00:00,11:30:00,"""Mojo""","""Hueco Tanks""","""East Mountain""",10.0,4,1,5,30,"""Would have liked to feel how the 2nd and 3rd holds feel without tape on my critical fingers. Still may be too hard for my current strength level."""
994,2022-01-29,15:30:00,16:00:00,"""The Notorious D.I.G.""","""Hueco Tanks""","""East Mountain""",9.0,2,2,5,30,"""Didn't make any more progress, and I still don't want to hold that sharp hold. Probably out of my league for now."""
994,2022-01-29,17:00:00,17:30:00,"""The Bear""","""Hueco Tanks""","""East Mountain""",4.0,3,1,10,30,"""Juuuuuust spanny enough to make that second move blind and quite hard. Tried Casey's right method once but the foot felt even higher and balancey."""
997,2022-01-26,13:00:00,13:30:00,"""Pumped Full of Semen""","""Hueco Tanks""","""North Mountain""",8.0,4,1,10,30,"""Tried while Vanessa did Daily Dick Dose. Did all the moves but didn't finish yet."""
997,2022-01-26,15:00:00,15:45:00,"""Speed Bump""","""Hueco Tanks""","""North Mountain""",7.0,3,1,10,45,"""Did all the moves but didn't finish yet. Using a knee pad will be very helpfu."""
997,2022-01-26,17:00:00,17:15:00,"""See Sharp""","""Hueco Tanks""","""North Mountain""",6.0,3,1,3,15,"""Almost flashed, but got tunnel finish and thrutched for the top, slicing open my middle finger. Tried to do it with tape but was too painful."""
1000,2022-01-23,13:00:00,14:00:00,"""Full Service""","""Hueco Tanks""","""East Mountain""",10.0,3,1,10,60,"""Upon returning home I was informed that matching the loaf was bad beta by the stupidly strong man with questionable sequencing. Instead, you should flip the J."""
1000,2022-01-23,15:00:00,16:00:00,"""The Notorious D.I.G.""","""Hueco Tanks""","""East Mountain""",9.0,3,1,10,60,"""Very sharp, made me not want to try to hold the pocket, but at least it was a little separated from the rest of the tour."""
1249,2021-05-19,11:30:00,12:00:00,"""Collins Problem""","""Castle Rock""","""Parking Lot Rock""",10.0,3,3,10,30,"""Felt really slippery even though it was super cold. Also realized it's not over after the first move, matching or getting your foot up to go left is going to be hard as well."""
1253,2021-05-15,13:00:00,14:00:00,"""Crossroads Moe""","""Yosemite""","""Bridalveil Falls""",6.0,4,1,15,60,"""Hooooly mosquitos. Couldn't see the top hold because of sun, think it will go next time."""
1253,2021-05-15,16:00:00,16:45:00,"""The Wave""","""Yosemite""","""The Wave""",3.0,3,1,5,45,"""Too scary for a little boy like me! Sage put on his big boy pants"""
1265,2021-05-03,11:30:00,12:30:00,"""Collins Problem""","""Castle Rock""","""Parking Lot Rock""",10.0,3,2,10,60,"""Slapped the hold a couple times before busting off and opening my knuckle. I don't think I can do this in the hot weather."""
1277,2021-04-21,12:00:00,12:30:00,"""Collins Problem""","""Castle Rock""","""Parking Lot Rock""",10.0,4,1,15,30,"""Slapped the hold once surprisingly. Had taken a couple months off climbing but surprisingly felt okay on crimps and skin didn't hurt too bad. Who knows why."""
1340,2021-02-17,12:10:00,13:40:00,"""The Brute""","""Santa Barbara""","""Potter's Point""",9.0,4,1,15,90,"""Need to work on that crimp lock-off strength. Slapped the second hold a number of times, but never with enough control to stay on."""
1353,2021-02-04,12:30:00,13:00:00,"""Groundation""","""Castle Rock""","""Cave Rock""",7.0,4,3,10,30,"""Did the first move! Then was too scared to really do anything else. I have become even more of a pansy than I was in the past."""
1353,2021-02-04,14:00:00,15:00:00,"""Ecoterrorist""","""Castle Rock""","""The Graveyard""",10.0,2,1,10,60,"""Man...I didn't expect this to be as spooky as it was. I don't know if the new landing zone makes it better or worse, but the tree is  really bothersome to me. I did the first move a couple times, but haven't quite figured out the match. I tried starting from both hands on the lip off the tree, but couldn't commit to doing any moves even with the tree padded up. Maybe this one will have to wait until I'm waaaay stronger or something."""
1356,2021-02-01,11:00:00,11:20:00,"""Static Reach Sit""","""Castle Rock""","""Indian Rock""",10.0,1,1,10,20,"""Super spanny...not sure if I have the reach, or if I just need to be real strong. Also I tried the normal start a couple times and have 0 idea how I did it whenever that was."""
1356,2021-02-01,12:30:00,13:00:00,"""Right Hand Indian Man""","""Castle Rock""","""Indian Rock""",7.0,3,2,10,30,"""Still don't really know how the hell to do this...At least I did *one* move this time. No idea how to get out of the full span after the first move."""
1367,2021-01-21,11:30:00,12:15:00,"""Trojan Arete""","""Santa Barbara""","""Painted Cave""",8.0,4,1,10,45,"""Got basically to the rock scar, and then decided it was not an ideal time to try due to traffic/0 spotters. I was pleasantly surprised how nicely the bottom section climbs."""
1367,2021-01-21,12:30:00,13:30:00,"""Steve's Traverse""","""Santa Barbara""","""Painted Cave""",9.0,4,1,10,60,"""Got all the moves up until the upper section of Big Deal (felt lazy, didn't want to set up pads), despite feeling very sore and my skin hurting from not climbing, so that was a very pleasant surprise! Maybe I'm not as weak as I thought (though I'm sure linking them all together and then doing the upper part of Big Deal is going to be harder than I anticipate)."""
1368,2021-01-20,15:00:00,15:05:00,"""Sasquatch""","""Santa Barbara""","""The Brickyard""",5.0,3,1,2,5,"""Too scared to do the topout section without a spotter or more pads. I'm not out here to get hurt!"""
1368,2021-01-20,15:15:00,16:15:00,"""Dancing Outlaw""","""Santa Barbara""","""The Brickyard""",8.0,4,1,10,60,"""Once again, too scared to do the topout section without a spotter or way more pads. Made it to the first sloper on the lip (supposedly crux), but getting to the second sloper seemed like it had higher backsplat-on-to-rock potential than what I was hoping for."""
1368,2021-01-20,17:00:00,17:10:00,"""Grotesque Old Woman Sit""","""Santa Barbara""","""The Brickyard""",10.0,4,1,5,10,"""Tried pulling on a few times and slapped the first move but couldn't keep my feet. Then realized that my skin hurt real bad and didn't want to grab more crimps."""
1374,2021-01-14,13:30:00,14:30:00,"""Kauk Roof""","""Castle Rock""","""Magoos""",7.0,2,1,15,60,"""Maybe not the best solo boulder? Kept falling and ending up on the ground. Plus I couldn't really figure out wtf to do after getting the crimp."""
1376,2021-01-12,10:00:00,10:30:00,"""Deforestation""","""Castle Rock""","""Parking Lot Rock""",9.0,3,4,10,30,"""Felt surprisingly okay for not having climbed in a while. Def need some more finger strength/skin."""
1398,2020-12-21,13:05:00,13:10:00,"""Swinger""","""Castle Rock""","""Aquarian Valley""",5.0,1,1,5,5,"""Very confusing, not sure how the hell to levitate off the ground."""
1408,2020-12-11,13:30:00,13:50:00,"""Pitbull""","""Castle Rock""","""Yabo Zone""",8.0,4,1,10,20,"""Never stuck the first move but was getting closer. Then it started to rain. Also maybe the first time I've gotten use out of a kneebar?! Might even be *easier* with a kneepad?!"""
1464,2020-10-16,11:00:00,11:25:00,"""Blue Steel""","""Castle Rock""","""The Biddles""",7.0,4,1,5,25,"""After climbing the stand to the lip, I figured I'd work this to the lip. Quickly figured it out and dropped off. Then I decided to try and top the stand out and fell and got hurt. Sick."""
1464,2020-10-16,11:00:00,11:20:00,"""Biddles Steel""","""Castle Rock""","""The Biddles""",5.0,4,2,3,20,"""Fuck. Climbed it to the lip, then climbed the other version (Blue Steel) to the lip, then decided to actually try to top this one out. Fell past where I should have and missed the bad, messing up my left heel/ankle. Will have to see how bad it is (walking out/driving home was pretty difficult/painful)."""
1471,2020-10-09,12:30:00,13:30:00,"""Mystery Pocket""","""Tahoe""","""Rainbow""",10.0,4,1,15,60,"""Sussed out most of the beta, felt pretty good to try hard."""
1472,2020-10-08,16:00:00,16:30:00,"""Battle Cry""","""Tahoe""","""South Bliss""",5.0,2,1,5,30,"""Damn. I really had hoped 2 years away from climbing outside was gonna make me a slab master."""
1481,2020-09-29,18:30:00,19:15:00,"""Unnamed Cave Project 2""","""UCSC""","""Upper Quarry""",7.5,3,2,10,45,"""Got everything worked out, but then it got dark."""
1489,2020-09-21,19:00:00,19:15:00,"""Unnamed Cave Project 2""","""UCSC""","""Upper Quarry""",7.5,3,1,5,15,"""Too spooked sans crash pad."""
1492,2020-09-18,16:00:00,16:10:00,"""Dark Side of the Moon""","""Castle Rock""","""Indian Rock""",7.0,3,1,2,10,"""Got scared and confused."""
1492,2020-09-18,16:30:00,16:45:00,"""Right Hand Indian Man""","""Castle Rock""","""Indian Rock""",7.0,3,1,5,15,"""Very spanny, not sure if my beta was great either."""
1533,2020-08-08,12:15:00,13:15:00,"""Biddles Platinum""","""Castle Rock""","""The Biddles""",5.0,4,1,10,60,"""Tried to climb after straining my back sneezing. Went ok."""
1533,2020-08-08,13:30:00,13:45:00,"""Biddles Steel""","""Castle Rock""","""The Biddles""",5.0,3,1,5,15,"""All the excuses...back hurts, fingers hurt, don't know what the start holds are, don't know which direction to go, etc. etc. etc."""
2254,2018-08-18,14:00:00,14:30:00,"""Baboon Sumo""","""Rocklands""","""Kliphuis Campground - Campground""",7.5,2,1,10,30,"""Got really good at hitting just below the jug, but not getting the extra 2 inches to actually latch."""
2254,2018-08-18,15:30:00,16:00:00,"""Bengie Black""","""Rocklands""","""de Pakhuys - Plateau""",7.0,2,1,10,30,"""Slapped the lip a couple times, but never got back to the actual hold. High feet dynos are hard."""
2254,2018-08-18,16:15:00,16:25:00,"""Push the Tempo""","""Rocklands""","""de Pakhuys - Plateau""",7.5,1,1,5,10,"""Never really generated in the right direction at all. High feet dynos are...still hard."""
2255,2018-08-17,14:45:00,14:47:00,"""Gladiator""","""Rocklands""","""Lower Pakhuis - The Colosseum""",8.0,1,1,2,2,"""This problem REALLY smells like dassie poop."""
2255,2018-08-17,17:45:00,17:47:00,"""Golden Wave""","""Rocklands""","""Powerlines""",3.0,1,1,2,2,"""Reminds me a little of Lidja's Mouth in Bishop...minus the chossiness. Broke a sizeable foot pulling on the second time and then n d decided to be done."""
2256,2018-08-16,13:30:00,15:00:00,"""The Potato Problem""","""Rocklands""","""Kliphuis Campground - Upper Campground""",7.5,2,1,10,90,"""Busted off the last move and fell on my face/head on my last attempt. This whole problem felt hard, and a little tweakyy on trmy right knee. Direct was easier, and maybe better?"""
2258,2018-08-14,12:00:00,12:10:00,"""Throw Yourself Away""","""Rocklands""","""de Pakhuys - Plateau""",10.0,1,1,5,10,"""Finally did the first move and then tried to chimney into the rock and scratched my arm and got very over it."""
2260,2018-08-12,13:00:00,14:00:00,"""Rooi Klavier""","""Rocklands""","""The Pass - Roadcrew""",9.0,2,2,15,60,"""Shiiit. Thought I was gonna do it when I quickly highpointed, then it turned out that the last move was/is stopper for me :(. At least I don't have to go back."""
2260,2018-08-12,14:30:00,15:15:00,"""Elefant im Porzellanladen""","""Rocklands""","""The Pass - Roadside""",6.0,3,1,10,45,"""GOD DAMN MANTLES ARE HARD!!!"""
2263,2018-08-09,13:30:00,15:30:00,"""Hole in One""","""Rocklands""","""de Pakhuys - Plateau""",10.0,3,1,40,120,"""Got high enough once, but was too far to the right. Couldn't figure out how to get that high again."""
2264,2018-08-08,11:00:00,11:45:00,"""Barracuda""","""Rocklands""","""8 Day Rain""",11.0,3,2,15,45,"""Did the first move...twice! Couldn't do any other move though :/."""
2265,2018-08-07,15:00:00,15:30:00,"""Slab Race""","""Rocklands""","""8 Day Rain""",3.0,2,1,6,30,"""Fuck slab is so hard. Tried to complete the whole boulder but this one stymied me. Right before the rain came."""
2269,2018-08-03,18:00:00,18:30:00,"""Roadside Slab""","""Rocklands""","""The Pass - Roadside""",7.5,5,2,5,30,"""""The trick with slab is to take lots of small steps."" Made it to the bailout point 2/3 of the way up, top feels hard."""
2270,2018-08-02,17:00:00,17:30:00,"""Night Sesh""","""Rocklands""","""de Pakhuys - Roadkill Cafe""",8.0,1,1,10,30,"""Way harder than it looks. Couldn't do the first move."""
2270,2018-08-02,18:00:00,18:30:00,"""Fire of Love""","""Rocklands""","""de Pakhuys - Roadkill Cafe""",8.0,1,1,10,30,"""Part 2! Way harder than it looks. Couldn't do the first move."""
2273,2018-07-30,16:00:00,16:15:00,"""I Believe I Can Fly""","""Rocklands""","""de Pakhuys - Arch Valley""",9.0,1,2,10,15,"""Jesus Christ...could barely do the first move this time."""
2275,2018-07-28,10:00:00,10:14:00,"""Has Fred Nicole Done This?""","""Rocklands""","""The Pass - Rhino Boulders""",2.0,5,1,9,14,"""Still just an undone project. Need to return in climbing shoes to FIRE THE RIG!"""
2275,2018-07-28,13:00:00,15:00:00,"""Ron Ron et Caramel""","""Rocklands""","""Kliphuis Campground - Campground""",10.0,5,2,30,120,"""Climbed it from a move in; still having trouble sticking the first move."""
2276,2018-07-27,13:00:00,13:15:00,"""The Stimulator""","""Rocklands""","""The Pass - The Section""",8.0,5,1,5,15,"""Got swarmed by 8 people (with 1 pad?!) after trying to make it clear I did not want company, and then left in disgust."""
2277,2018-07-26,10:00:00,11:30:00,"""The Hatchling""","""Rocklands""","""Kleinfontein""",11.0,3,1,10,90,"""Really nice looking, but not the most fun I've had trying a problem. Cruxy heel did not really agree with my knee, so maybe that played a role."""
2277,2018-07-26,13:00:00,14:00:00,"""Distance""","""Rocklands""","""The Coop""",9.0,4,1,20,60,"""Way too many strangers climbed with me on this. I felt very uncomfortable; thank god Conor and Caitlin stuck around and kept me company."""
2279,2018-07-24,10:00:00,10:30:00,"""Fruchtzwerg""","""Rocklands""","""de Pakhuys - Plateau""",9.0,1,2,10,30,"""Tried hard this time and still made no progress. Strained my back as well trying to lie back off the toehook."""
2279,2018-07-24,16:30:00,17:30:00,"""Koevoet""","""Rocklands""","""de Pakhuys - Roadkill Cafe""",8.0,3,1,20,60,"""Fell on the lip encounter twice."""
2283,2018-07-20,13:00:00,14:00:00,"""Cedar Spine""","""Rocklands""","""The Pass - Roadcrew""",9.0,2,1,10,60,"""Made some progress up to the last RH hold on the arete. Was less pleasant climbing than I had hoped :/"""
2283,2018-07-20,15:00:00,16:00:00,"""Royksopp""","""Rocklands""","""The Pass - Roadcrew""",11.0,3,2,15,60,"""Couldn't do the heel move to get the RH crimp"""
2283,2018-07-20,16:00:00,16:10:00,"""Tomorrow I Will Be Gone""","""Rocklands""","""The Pass - Roadcrew""",9.0,2,1,4,10,"""Couldn't do anything. Felt very warm."""
2289,2018-07-14,10:00:00,10:05:00,"""Fruchtzwerg""","""Rocklands""","""de Pakhuys - Plateau""",9.0,3,1,3,5,"""The ""mini-hatching"" boulder facing Weichei. Tried a couple times in my street shoes"""
2289,2018-07-14,12:00:00,12:45:00,"""Weichei""","""Rocklands""","""de Pakhuys - Plateau""",10.0,5,3,15,45,"""Tried with Caitlin. Got pretty close to doing it."""
2289,2018-07-14,16:00:00,16:15:00,"""Eddy Would Go""","""Rocklands""","""de Pakhuys - Plateau""",10.0,3,2,5,15,"""Tried after Conor did it. Went better this better by just jumping very hard."""
2291,2018-07-12,14:00:00,14:30:00,"""Olifanthuis""","""Rocklands""","""The Sassies""",8.0,2,1,8,30,"""Felt really hard. Two really hard moves in a row. Could only do the first one in isolation, and couldn't do the second at all."""
2292,2018-07-11,15:30:00,16:30:00,"""Mr. Pink""","""Rocklands""","""Lower Pakhuis - Champsite""",7.0,3,1,30,60,"""UGH WHAT A MESS"""
2293,2018-07-10,11:00:00,11:45:00,"""Kingdom in the Sky""","""Rocklands""","""Lower Pakhuis - Champsite""",9.0,2,1,10,45,"""Couldn't move my feet after getting the LH gaston"""
2294,2018-07-09,11:00:00,12:00:00,"""White Mazda Clan""","""Rocklands""","""Lower Pakhuis - Riverside""",10.0,2,4,5,60,"""Felt like shit. British guys were back."""
2296,2018-07-07,11:00:00,14:00:00,"""White Mazda Clan""","""Rocklands""","""Lower Pakhuis - Riverside""",10.0,4,3,30,180,"""Fell after doing the last move and holding it"""
2298,2018-07-05,16:00:00,16:30:00,"""Barracuda""","""Rocklands""","""8 Day Rain""",11.0,5,1,10,30,"""Tried the initial move"""
2299,2018-07-04,16:00:00,16:01:00,"""Eddy Would Go""","""Rocklands""","""de Pakhuys - Plateau""",10.0,1,1,1,1,"""Wtf, that move is huuuuge"""
2299,2018-07-04,16:00:00,16:05:00,"""The Good Seed""","""Rocklands""","""de Pakhuys - Plateau""",8.0,1,1,2,5,"""Did the initial campus move, but then was stuck"""
2300,2018-07-03,16:00:00,16:30:00,"""Pinotage Sit""","""Rocklands""","""The Sassies""",10.0,2,1,10,30,"""Tried briefly and couldn't get my heel up"""
2304,2018-06-29,12:00:00,12:30:00,"""Ron Ron et Caramel""","""Rocklands""","""Kliphuis Campground - Campground""",10.0,3,1,10,30,"""Only did the first move"""
2304,2018-06-29,14:00:00,14:15:00,"""Ron Ron Ultramel""","""Rocklands""","""Kliphuis Campground - Campground""",7.0,2,1,5,15,"""Couldn't figure out the first move"""
2305,2018-06-28,16:00:00,17:00:00,"""Rooi Klavier""","""Rocklands""","""The Pass - Roadcrew""",9.0,4,1,10,60,"""With 5 British? People"""
2310,2018-06-23,15:00:00,15:45:00,"""White Mazda Clan""","""Rocklands""","""Lower Pakhuis - Riverside""",10.0,4,2,15,45,"""Tried after Slaps for Nini"""
2311,2018-06-22,17:00:00,17:45:00,"""Weichei""","""Rocklands""","""de Pakhuys - Plateau""",10.0,4,2,15,45,"""Tried with Caitlin"""
2368,2018-04-26,0:00:01,0:01:01,"""Geronimo""","""Leavenworth""","""Mountain Home Road""",8.0,,1,1,1,"""Backfill Comment #1"""
2368,2018-04-26,13:00:00,14:00:00,"""The Cotton Pony""","""Leavenworth""","""Icicle Canyon""",10.0,1,1,10,60,"""Roughly 5 feet from sticking the dyno"""
2369,2018-04-25,10:30:00,11:15:00,"""Right Angles""","""Leavenworth""","""Icicle Canyon""",8.0,1,1,10,45,"""Day of Failure #1"""
2369,2018-04-25,11:00:00,11:20:00,"""Mad Max""","""Leavenworth""","""Icicle Canyon""",8.0,2,1,5,20,"""Day of Failure #2"""
2369,2018-04-25,11:30:00,11:50:00,"""Thunderdome""","""Leavenworth""","""Icicle Canyon""",9.0,2,1,5,20,"""Day of Failure #3"""
2369,2018-04-25,12:30:00,12:45:00,"""The White Arete""","""Leavenworth""","""Icicle Canyon""",5.0,2,1,3,15,"""Day of Failure #4"""
2370,2018-04-24,11:00:00,11:10:00,"""One Summer""","""Leavenworth""","""Icicle Canyon""",5.0,1,1,5,10,"""Couldn't do the crimp dyno"""
2370,2018-04-24,12:00:00,13:30:00,"""Twisted""","""Leavenworth""","""Icicle Canyon""",7.0,3,1,15,90,"""With Jacob and Teddy, couldn't link"""
2370,2018-04-24,16:00:00,17:00:00,"""Bootin Dookie""","""Leavenworth""","""Icicle Canyon""",6.0,3,1,5,60,"""Mantle hurt my wrist"""
2370,2018-04-24,17:00:00,18:30:00,"""Resurrection""","""Leavenworth""","""Icicle Canyon""",8.0,4,1,20,90,"""Couldn't do the first move; flashed from 1 move in"""
2371,2018-04-23,12:00:00,12:20:00,"""The Coffee Cup""","""Leavenworth""","""Icicle Canyon""",8.0,3,1,5,20,"""Second move hurt my wrist"""
2372,2018-04-22,14:00:00,14:45:00,"""The Nine Iron""","""Leavenworth""","""Tumwater Canyon""",10.0,2,1,10,45,"""Couldn't do the crux"""
2376,2018-04-18,11:00:00,11:30:00,"""The Shield""","""Leavenworth""","""Icicle Canyon""",7.0,4,1,10,30,"""Couldn't latch the hold"""
2376,2018-04-18,14:00:00,14:45:00,"""Pimpsqueak""","""Leavenworth""","""Icicle Canyon""",8.0,3,1,5,45,"""Hurt my wrist doing the pistol grip"""
2376,2018-04-18,17:00:00,18:00:00,"""The Lion's Den""","""Leavenworth""","""Icicle Canyon""",8.0,4,1,15,60,"""Couldn't link"""
2445,2018-02-08,14:00:00,14:20:00,"""Sock Hands""","""Roy""","""Upper Mesteno""",7.0,3,1,3,20,"""Got scared up high"""
2445,2018-02-08,16:00:00,16:15:00,"""Moss Niesley""","""Roy""","""Upper Mesteno""",5.0,2,1,2,15,"""Hurt my shoulder on the flash attempt."""
2446,2018-02-07,13:00:00,13:30:00,"""Destroy the Castle""","""Roy""","""Middle Mesteno""",7.0,2,1,5,30,"""Couldn't figure it out"""
2446,2018-02-07,15:00:00,15:45:00,"""ROYGBIV""","""Roy""","""Middle Mesteno""",10.0,4,1,10,45,"""Couldn't do crux"""
2448,2018-02-05,13:00:00,15:00:00,"""Best of Friends""","""Roy""","""Best of Friends""",8.0,4,1,15,120,"""Couldn't do top section"""
2449,2018-02-04,10:30:00,11:00:00,"""Try Angular""","""Roy""","""Middle Mesteno""",6.0,4,1,3,30,"""Hamstring hurt on crux mantle"""
2449,2018-02-04,11:00:00,11:15:00,"""Desert Spring""","""Roy""","""Middle Mesteno""",8.0,1,1,5,15,"""Couldn't dyno"""
2449,2018-02-04,13:00:00,15:00:00,"""Golden Casket""","""Roy""","""Middle Mesteno""",9.0,4,1,20,120,"""Couldn't stick the last move"""
2449,2018-02-04,17:00:00,18:30:00,"""Puddle Jumper""","""Roy""","""Middle Mesteno""",6.0,1,1,15,90,"""Couldn't deal with the sloper match"""
2453,2018-01-31,10:00:00,10:01:00,"""Girls of Juarez""","""Hueco Tanks""","""North Mountain""",4.0,5,2,1,1,"""Streetshoe Failure #2"""
2453,2018-01-31,16:00:00,16:45:00,"""Free Willy""","""Hueco Tanks""","""North Mountain""",10.0,3,2,10,45,"""Still like ~20 inches from the jug"""
2454,2018-01-30,16:30:00,17:00:00,"""Sex After Death""","""Hueco Tanks""","""East Spur""",8.0,4,1,5,30,"""Tried it before the park closed."""
2455,2018-01-29,15:30:00,16:00:00,"""William's Jump""","""Hueco Tanks""","""East Mountain""",3.0,3,1,20,30,"""I think I once slapped within ~3 feet of the lip, so that's something."""
2456,2018-01-28,12:00:00,12:20:00,"""Choir Boys""","""Hueco Tanks""","""North Mountain""",7.0,2,1,5,20,"""Not my favorite problem. All weird and thrutchy and awkward falls."""
2456,2018-01-28,16:00:00,16:01:00,"""Girls of Juarez""","""Hueco Tanks""","""North Mountain""",4.0,5,1,1,1,"""Streetshoe Failure #1"""
2459,2018-01-25,16:00:00,17:00:00,"""Free Willy""","""Hueco Tanks""","""North Mountain""",10.0,4,1,10,60,"""Couldn't generate for the dyno"""
2480,2018-01-04,11:00:00,13:30:00,"""UltraViolet""","""Red Rocks""","""Red Springs""",8.5,3,1,30,150,"""Couldn't link"""
2480,2018-01-04,15:00:00,16:00:00,"""Mr. Moran""","""Red Rocks""","""Gateway Canyon""",7.0,3,2,10,60,"""Didn't have the juice to mantle"""
2483,2018-01-01,11:00:00,12:30:00,"""Up the Line""","""Red Rocks""","""Willow Springs""",6.0,3,1,10,90,"""Couldn't link"""
2483,2018-01-01,16:00:00,16:45:00,"""Ode to the Modern Mayor""","""Red Rocks""","""Stampede""",9.0,1,1,10,45,"""Stuck the first move twice!"""
2485,2017-12-30,11:00:00,12:30:00,"""Finders Fee""","""Bishop""","""Buttermilks""",9.0,4,2,20,90,"""In the heat with a ton of people at the boulder before bailing to Red Rocks"""
2486,2017-12-29,11:00:00,12:30:00,"""Toxic Avenger""","""Bishop""","""Happy Boulders""",9.0,4,1,30,90,"""The day there were ~125 cars at the Happies"""
2487,2017-12-28,11:00:00,11:45:00,"""High Plains Drifter""","""Bishop""","""Buttermilks""",7.0,3,2,5,45,"""With 30 of my closest friends (and LKV9)"""
2487,2017-12-28,14:00:00,15:00:00,"""Finders Fee""","""Bishop""","""Buttermilks""",9.0,4,1,15,60,"""Figured out the moves up until the lip"""
2488,2017-12-27,14:00:00,14:10:00,"""Seven Spanish Angels""","""Bishop""","""Buttermilks""",6.0,5,3,5,10,"""It was HAWT"""
2555,2017-10-21,10:00:00,10:45:00,"""Maxipad""","""Joe's Valley""","""Right Fork""",6.0,4,1,10,45,"""On the Joe's Valley Climbing Fest day; with remember when I flashed Saigon? guy"""
2555,2017-10-21,17:00:00,17:20:00,"""Lindner's Roof""","""Moe's Valley""","""TeePee Boulder""",9.0,1,1,10,20,"""Couldn't do the crux"""
2557,2017-10-19,16:00:00,16:05:00,"""The Flu""","""Joe's Valley""","""Right Fork""",8.0,3,1,2,5,"""Couldn't top out"""
2557,2017-10-19,16:00:00,16:05:00,"""Pandemic""","""Joe's Valley""","""Right Fork""",7.0,3,1,2,5,"""Couldn't top out"""
2558,2017-10-18,0:00:01,0:01:01,"""Resident Evil""","""Joe's Valley""","""New Joe's""",10.0,,1,1,1,"""Backfill Comment #1"""
2558,2017-10-18,0:00:02,0:01:02,"""Resident Evil""","""Joe's Valley""","""New Joe's""",10.0,,2,1,1,"""Backfill Comment #2"""
2559,2017-10-17,0:00:01,0:01:01,"""Playmate of the Year""","""Joe's Valley""","""Right Fork""",9.0,,1,1,1,"""Backfill Comment #1"""
2559,2017-10-17,15:00:00,16:30:00,"""Electric Fence""","""Joe's Valley""","""Right Fork""",7.0,2,1,15,90,"""Punted off the top and couldn't get back"""
2560,2017-10-16,0:00:01,0:01:01,"""Big Joe""","""Joe's Valley""","""Left Fork""",7.0,,1,1,1,"""Backfill Comment #1"""
2560,2017-10-16,14:00:00,14:30:00,"""Worm Turns""","""Joe's Valley""","""Left Fork""",11.0,1,1,10,30,"""Got bombarded by 8 Coloradians"""
2560,2017-10-16,16:00:00,16:10:00,"""They Call Him Jordan""","""Joe's Valley""","""Left Fork""",8.0,2,1,2,10,"""Felt improbable"""
2591,2017-09-15,16:00:00,16:30:00,"""A Buttload of Sausage""","""Tahoe""","""Woods Lake""",8.0,3,1,5,30,"""Punted on topout and then was too tired"""
2620,2017-08-17,17:00:00,19:00:00,"""Axel""","""Squamish""","""Grand Wall""",8.0,5,2,20,120,"""Fell off the last move of Minor Threat...twice more"""
2621,2017-08-16,15:00:00,16:00:00,"""Lounge Act""","""Squamish""","""Grand Wall""",6.0,5,2,10,60,"""With Teddy/Jolie; Jolie did it; tall man beta doesn't work for me"""
2621,2017-08-16,17:00:00,18:00:00,"""Axel""","""Squamish""","""Grand Wall""",8.0,5,1,10,60,"""Fell off the last move of Minor Threat"""
2622,2017-08-15,0:00:01,0:01:01,"""Practical Horseman""","""Squamish""","""Grand Wall""",4.0,,1,1,1,"""Backfill Comment #1"""
2622,2017-08-15,15:00:00,16:00:00,"""The Bulb""","""Squamish""","""Grand Wall""",8.0,4,1,10,60,"""With Teddy; couldn't do big move"""
2624,2017-08-13,11:00:00,12:00:00,"""This Monkey's Gone to Heaven""","""Squamish""","""The Apron""",7.0,3,2,10,60,"""Couldn't stick big move again; flapped"""
2627,2017-08-10,0:00:01,0:01:01,"""Sesame Street""","""Squamish""","""Grand Wall""",9.0,,1,1,1,"""Backfill Comment #1"""
2627,2017-08-10,0:00:02,0:01:02,"""Sesame Street""","""Squamish""","""Grand Wall""",9.0,,2,1,1,"""Backfill Comment #2"""
2627,2017-08-10,0:00:03,0:01:03,"""Sesame Street""","""Squamish""","""Grand Wall""",9.0,,3,1,1,"""Backfill Comment #3"""
2627,2017-08-10,0:00:04,0:01:04,"""Sesame Street""","""Squamish""","""Grand Wall""",9.0,,4,1,1,"""Backfill Comment #4"""
2629,2017-08-08,14:00:00,14:20:00,"""Darksided""","""Squamish""","""North Walls""",10.0,2,1,5,20,"""Couldn't do first or last move"""
2633,2017-08-04,0:00:01,0:01:01,"""Portable""","""Squamish""","""Grand Wall""",7.0,,1,1,1,"""Backfill Comment #1"""
2633,2017-08-04,0:00:02,0:01:02,"""Portable""","""Squamish""","""Grand Wall""",7.0,,2,1,1,"""Backfill Comment #2"""
2633,2017-08-04,0:00:03,0:01:03,"""Portable""","""Squamish""","""Grand Wall""",7.0,,3,1,1,"""Backfill Comment #3"""
2633,2017-08-04,0:00:04,0:01:04,"""Portable""","""Squamish""","""Grand Wall""",7.0,,4,1,1,"""Backfill Comment #4"""
2637,2017-07-31,11:00:00,11:30:00,"""Defenders of the Faith""","""Squamish""","""The Apron""",9.0,3,1,5,30,"""Couldn't do first move (may have started low?)"""
2644,2017-07-24,16:00:00,16:30:00,"""Hunt's Arete""","""Squamish""","""Grand Wall""",8.0,2,1,10,30,"""Couldn't do top; day Mackenzie hurt her wrist on Viper"""
2667,2017-07-01,12:00:00,12:30:00,"""Body Glove""","""Tahoe""","""Castle Peak""",8.0,2,1,5,30,"""Half assed attempts in the morning"""
2667,2017-07-01,12:00:00,13:30:00,"""Skeeter Glen""","""Tahoe""","""Castle Peak""",9.0,3,2,10,90,"""With Conor/Caitlin, couldn't link"""
2667,2017-07-01,12:00:00,13:00:00,"""Trojan Horse""","""Tahoe""","""Castle Boulder""",7.0,3,3,10,60,"""Couldn't do topout"""
2667,2017-07-01,12:00:00,12:30:00,"""Nietzsche Girls Sit""","""Tahoe""","""The Saddle""",10.0,2,4,15,30,"""Couldn't link"""
2698,2017-05-31,16:00:00,16:10:00,"""Campfire Arete Sit""","""Tahoe""","""Boreal""",8.0,1,1,5,10,"""Couldn't do first move"""
3000,2016-08-02,0:00:01,0:01:01,"""King Kong""","""Squamish""","""The Apron""",9.0,,2,1,1,"""Backfill Comment #1"""
3001,2016-08-01,0:00:01,0:01:01,"""Anubis""","""Squamish""","""Grand Wall""",7.0,,1,1,1,"""Backfill Comment #1"""
3001,2016-08-01,16:00:00,17:00:00,"""This Monkey's Gone to Heaven""","""Squamish""","""The Apron""",7.0,4,1,20,60,"""Couldn't stick big move in a variety of ways"""
3006,2016-07-27,0:00:01,0:01:01,"""King Swing""","""Squamish""","""Grand Wall""",7.0,,1,1,1,"""Backfill Comment #1"""
3006,2016-07-27,0:00:01,0:01:01,"""Minor Threat""","""Squamish""","""Grand Wall""",6.0,,1,1,1,"""Backfill Comment #1"""
3006,2016-07-27,0:00:02,0:01:02,"""King Swing""","""Squamish""","""Grand Wall""",7.0,,2,1,1,"""Backfill Comment #2"""
3009,2016-07-24,0:00:01,0:01:01,"""Sunshine and Lollipops""","""Squamish""","""Grand Wall""",6.0,,1,1,1,"""Backfill Comment #1"""
3024,2016-07-09,12:00:00,12:20:00,"""The Shazinky""","""Fort Ross""","""Fort Ross""",8.0,2,4,3,20,"""Got distracted and just did Fort Ross again"""
3024,2016-07-09,12:00:00,12:20:00,"""Living a Dream""","""Fort Ross""","""Fort Ross""",6.0,2,4,3,20,"""Got distracted and just did Fort Ross again"""
3024,2016-07-09,12:00:00,12:20:00,"""Living La Vida Loca""","""Fort Ross""","""Fort Ross""",8.0,2,4,3,20,"""Got distracted and just did Fort Ross again"""
3030,2016-07-03,14:30:00,15:15:00,"""Domino Eliminate""","""Castle Rock""","""The Graveyard""",9.0,3,1,10,45,"""Slapped the crimp but nothing else."""
3031,2016-07-02,15:00:00,17:00:00,"""The Real Deal""","""Tahoe""","""Donner Summit""",10.0,4,3,20,120,"""Couldn't link"""
3032,2016-07-01,12:00:00,12:20:00,"""Air Trojan""","""Tahoe""","""Castle Boulder""",8.0,3,1,3,20,"""Stuck the dyno...still can't do topout"""
3032,2016-07-01,12:00:00,13:00:00,"""Trojan Horse""","""Tahoe""","""Castle Boulder""",7.0,2,2,10,60,"""Couldn't do topout"""
3032,2016-07-01,12:00:00,12:20:00,"""Waimea Arete""","""Castle Rock""","""Castle Rock""",6.0,2,2,3,20,"""Scared trying the last move"""
3032,2016-07-01,12:00:00,13:15:00,"""Prince of Thieves""","""Tuolumne Meadows""","""Pennroyal Boulders""",6.0,1,1,10,75,"""Couldn't mantle"""
3032,2016-07-01,12:00:00,12:45:00,"""Nietzsche Girls Sit""","""Tahoe""","""The Saddle""",10.0,2,3,10,45,"""Couldn't link"""
3032,2016-07-01,15:00:00,17:00:00,"""The Real Deal""","""Tahoe""","""Donner Summit""",10.0,4,2,20,120,"""Couldn't link"""
3032,2016-07-01,16:00:00,16:45:00,"""The Fun House""","""Tahoe""","""Castle Peak""",6.0,3,2,5,45,"""Couldn't do the finish...again"""
3040,2016-06-23,13:00:00,13:20:00,"""Solar Power Sit""","""Tuolumne Meadows""","""Sunrise Boulder""",9.0,1,2,3,20,"""Couldn't do first move"""
3045,2016-06-18,0:00:01,0:01:01,"""Pimp Juice""","""Tahoe""","""Pie Shop""",9.0,,1,1,1,"""Backfill Comment #1"""
3045,2016-06-18,0:00:02,0:01:02,"""Pimp Juice""","""Tahoe""","""Pie Shop""",9.0,,2,1,1,"""Backfill Comment #2"""
3045,2016-06-18,0:00:03,0:01:03,"""Pimp Juice""","""Tahoe""","""Pie Shop""",9.0,,3,1,1,"""Backfill Comment #3"""
3052,2016-06-11,12:00:00,12:20:00,"""Soul Train""","""Tahoe""","""The Saddle""",10.0,4,1,3,20,"""Couldn't do first move"""
3066,2016-05-28,0:00:01,0:01:01,"""Bear Hug Arete""","""Tahoe""","""Split Rock""",4.0,,2,1,1,"""Backfill Comment #1"""
3080,2016-05-14,0:00:01,0:01:01,"""Over the Mountain""","""Tahoe""","""Donner Summit - Snowshed""",6.0,,2,1,1,"""Backfill Comment #1"""
3080,2016-05-14,0:00:02,0:01:02,"""Over the Mountain""","""Tahoe""","""Donner Summit - Snowshed""",6.0,,3,1,1,"""Backfill Comment #2"""
3095,2016-04-29,0:00:01,0:01:01,"""No Holds Bard""","""Yosemite""","""Sentinel Boulder""",7.0,,1,1,1,"""Backfill Comment #1"""
3107,2016-04-17,0:00:01,0:01:01,"""The Octagon""","""Yosemite""","""Cathedral Boulders""",6.0,,1,1,1,"""Backfill Comment #1"""
3107,2016-04-17,10:00:00,10:45:00,"""Our Generation""","""Yosemite""","""The Wave""",7.0,3,1,5,45,"""Couldn't do the top"""
3107,2016-04-17,12:00:00,12:10:00,"""The Diamond""","""Yosemite""","""Candyland""",8.0,3,1,2,10,"""Tried briefly; was very hot"""
3107,2016-04-17,17:00:00,17:20:00,"""Wall to Wall Carpet""","""Yosemite""","""Bridalveil Boulders""",9.0,3,1,5,20,"""Couldn't do first move"""
3108,2016-04-16,10:00:00,12:00:00,"""Across The Tracks""","""Yosemite""","""Intersection Boulders""",10.0,5,1,35,120,"""Couldn't link"""
3108,2016-04-16,17:00:00,17:10:00,"""Cocaine Corner""","""Yosemite""","""Camp 4""",5.0,2,1,2,10,"""With Tony/Skyler/etc. group"""
3125,2016-03-30,17:00:00,17:20:00,"""Finger Hut""","""Joe's Valley""","""Right Fork""",10.0,1,1,5,20,"""Super cold; saw girl who took 45 minute rests in between attempts"""
3126,2016-03-29,0:00:01,0:01:01,"""Low Tide""","""Joe's Valley""","""Left Fork""",6.0,,1,1,1,"""Backfill Comment #1"""
3127,2016-03-28,17:00:00,17:20:00,"""No Substance""","""Joe's Valley""","""Right Fork""",8.0,3,1,5,20,"""Got scared with 2.5 pads"""
3128,2016-03-27,10:00:00,10:01:00,"""Dirty Harry""","""Joe's Valley""","""Right Fork""",7.0,2,1,1,1,"""Tried once and ankle hurt"""
3130,2016-03-25,17:00:00,18:00:00,"""Mr. Moran""","""Red Rocks""","""Gateway Canyon""",7.0,3,1,10,60,"""Didn't have the juice to mantle"""
3155,2016-02-29,10:00:00,10:20:00,"""Spock Was Here""","""Yosemite""","""El Cap Boulder""",6.0,1,1,5,20,"""Couldn't do the top section"""
3155,2016-02-29,10:00:00,10:20:00,"""Spock Was Here Right""","""Yosemite""","""El Cap Boulder""",8.0,1,1,5,20,"""Couldn't do the top section"""
3163,2016-02-21,17:00:00,17:30:00,"""Rave""","""Bishop""","""Happy Boulders""",7.0,1,1,10,30,"""Couldn't figure it out"""
3164,2016-02-20,10:00:00,11:00:00,"""The Upside""","""Bishop""","""Buttermilks""",8.0,1,1,10,60,"""With funny British guys who like climbing naked"""
3164,2016-02-20,10:00:00,10:20:00,"""Fly Boy Sit""","""Bishop""","""Buttermilks""",8.0,5,1,5,20,"""Mackenzie sent; New Best Friend Greg was there"""
3164,2016-02-20,14:00:00,15:30:00,"""Solitaire""","""Bishop""","""Buttermilks""",8.0,4,2,20,90,"""With Kyra Condie"""
3164,2016-02-20,17:00:00,17:20:00,"""Brian's Project""","""Bishop""","""Buttermilks""",8.0,1,1,5,20,"""Brief attempt in the cold (too cold)"""
3177,2016-02-07,15:00:00,15:15:00,"""Jedi Mind Tricks""","""Bishop""","""Buttermilks""",4.0,4,1,2,15,"""Very hot; with Ryan and Mackenzie"""
3179,2016-02-05,0:00:01,0:01:01,"""The Hulk""","""Bishop""","""Happy Boulders""",6.0,,1,1,1,"""Backfill Comment #1"""
3179,2016-02-05,16:00:00,17:15:00,"""Atari""","""Bishop""","""Happy Boulders""",6.0,4,1,10,75,"""With ~20 people included Oregon people and Matisyahue looking guy"""
3196,2016-01-19,11:00:00,11:15:00,"""Anti Hero""","""Bishop""","""Sad Boulders""",5.0,1,1,3,15,"""In the rain with Mackenzie/Ryan; after hurting ankle on the Hulk"""
3198,2016-01-17,14:00:00,15:00:00,"""Solitaire""","""Bishop""","""Buttermilks""",8.0,5,1,15,60,"""With Ryan Bauer"""
3198,2016-01-17,16:00:00,16:45:00,"""Painted Cave""","""Bishop""","""Buttermilks""",6.0,1,1,10,45,"""Couldn't figure it out"""
3199,2016-01-16,16:00:00,16:20:00,"""Leary Bard Arete""","""Bishop""","""Buttermilks""",5.0,1,1,5,20,"""Suuuuper Cold"""
3252,2015-11-24,10:00:00,10:20:00,"""Soul Slinger""","""Bishop""","""Buttermilks""",9.0,2,1,5,20,"""Very cold; had a cold"""
3252,2015-11-24,15:00:00,15:30:00,"""Saigon""","""Bishop""","""Buttermilks""",6.0,2,1,5,30,"""Very cold; had a cold"""
3252,2015-11-24,15:00:00,15:30:00,"""High Plains Drifter""","""Bishop""","""Buttermilks""",7.0,4,1,5,30,"""Very cold; had a cold"""
3252,2015-11-24,15:00:00,15:20:00,"""Seven Spanish Angels""","""Bishop""","""Buttermilks""",6.0,5,2,2,20,"""Very cold; had a cold"""
3262,2015-11-14,0:00:01,0:01:01,"""Egghead Arete Direct""","""Castle Rock""","""The Graveyard""",8.0,,1,1,1,"""Backfill Comment #1"""
3262,2015-11-14,0:00:02,0:01:02,"""Egghead Arete Direct""","""Castle Rock""","""The Graveyard""",8.0,,2,1,1,"""Backfill Comment #2"""
3276,2015-10-31,0:00:01,0:01:01,"""Girls on Film Sit""","""Tahoe""","""Summit Lake""",10.0,,1,1,1,"""Backfill Comment #1"""
3277,2015-10-30,0:00:01,0:01:01,"""White Lines""","""Tahoe""","""Donner Summit""",8.0,,1,1,1,"""Backfill Comment #1"""
3277,2015-10-30,0:00:02,0:01:02,"""White Lines""","""Tahoe""","""Donner Summit""",8.0,,2,1,1,"""Backfill Comment #2"""
3277,2015-10-30,12:00:00,13:30:00,"""The Real Deal""","""Tahoe""","""Donner Summit""",10.0,5,1,20,90,"""Did all the moves except dyno"""
3289,2015-10-18,0:00:01,0:01:01,"""Yabo Roof""","""Castle Rock""","""Parking Lot Rock""",5.0,,1,1,1,"""Backfill Comment #1"""
3297,2015-10-10,12:00:00,13:00:00,"""Skeeter Glen""","""Tahoe""","""Castle Peak""",9.0,4,1,10,60,"""With Teddy/Jolie, couldn't link"""
3304,2015-10-03,0:00:01,0:01:01,"""The Cross Right""","""Tuolumne Meadows""","""Knobs Boulders""",3.0,,1,1,1,"""Backfill Comment #1"""
3305,2015-10-02,12:00:00,12:30:00,"""Solar Power Sit""","""Tuolumne Meadows""","""Sunrise Boulder""",9.0,1,1,10,30,"""Couldn't do first move"""
3317,2015-09-20,0:00:01,0:01:01,"""Reach for a Peach""","""Tuolumne Meadows""","""Tenaya Lake Boulders""",6.0,,1,1,1,"""Backfill Comment #1"""
3317,2015-09-20,11:00:00,12:00:00,"""Out of Your League""","""Tuolumne Meadows""","""Tenaya Hillside Boulders""",9.0,4,2,10,60,"""Couldn't do first move"""
3318,2015-09-19,15:00:00,16:00:00,"""Conquistadors""","""Tuolumne Meadows""","""Olmsted Point""",8.0,4,2,10,60,"""Couldn't do top section"""
3341,2015-08-27,0:00:01,0:01:01,"""Big Chicken""","""Squamish""","""North Walls""",9.0,,1,1,1,"""Backfill Comment #1"""
3342,2015-08-26,0:00:01,0:01:01,"""Tim's Sloper Problem""","""Squamish""","""Grand Wall""",5.0,,1,1,1,"""Backfill Comment #1"""
3342,2015-08-26,0:00:02,0:01:02,"""Tim's Sloper Problem""","""Squamish""","""Grand Wall""",5.0,,2,1,1,"""Backfill Comment #2"""
3347,2015-08-21,0:00:01,1:00:01,"""Phantom Menace""","""Squamish""","""Paradise Valley""",6.0,4,3,20,60,"""Backfill Comment #3"""
3347,2015-08-21,0:00:01,0:01:01,"""Storm Troopers""","""Squamish""","""Paradise Valley""",8.0,,1,1,1,"""Backfill Comment #1"""
3349,2015-08-19,0:00:01,0:01:01,"""The Fury""","""Squamish""","""Grand Wall""",9.0,,1,1,1,"""Backfill Comment #1"""
3349,2015-08-19,0:00:02,0:01:02,"""The Fury""","""Squamish""","""Grand Wall""",9.0,,2,1,1,"""Backfill Comment #2"""
3349,2015-08-19,0:00:03,0:01:03,"""The Fury""","""Squamish""","""Grand Wall""",9.0,,3,1,1,"""Backfill Comment #3"""
3350,2015-08-18,12:00:00,13:00:00,"""Superdyke""","""Squamish""","""Grand Wall""",3.0,1,1,10,60,"""I'm pretty sure this is the hardest and scariest boulder in the Grand Wall."""
3353,2015-08-15,13:00:00,13:45:00,"""Lounge Act""","""Squamish""","""Grand Wall""",6.0,4,1,10,45,"""Mackenzie's first day in Squamish (she did it)"""
3367,2015-08-01,12:00:00,13:00:00,"""Deforestation""","""Castle Rock""","""Parking Lot Rock""",9.0,2,3,20,60,"""Solo Mission. Made no progress."""
3373,2015-07-26,0:00:01,0:01:01,"""Midnight Train""","""Tahoe""","""The Saddle""",7.0,,1,1,1,"""Backfill Comment #1"""
3373,2015-07-26,0:00:02,0:01:02,"""Midnight Train""","""Tahoe""","""The Saddle""",7.0,,2,1,1,"""Backfill Comment #2"""
3373,2015-07-26,0:00:03,0:01:03,"""Midnight Train""","""Tahoe""","""The Saddle""",7.0,,3,1,1,"""Backfill Comment #3"""
3373,2015-07-26,0:00:04,0:01:04,"""Midnight Train""","""Tahoe""","""The Saddle""",7.0,,4,1,1,"""Backfill Comment #4"""
3373,2015-07-26,0:00:05,0:01:05,"""Midnight Train""","""Tahoe""","""The Saddle""",7.0,,5,1,1,"""Backfill Comment #5"""
3373,2015-07-26,0:00:06,0:01:06,"""Midnight Train""","""Tahoe""","""The Saddle""",7.0,,6,1,1,"""Backfill Comment #6"""
3374,2015-07-25,14:00:00,15:00:00,"""Tears of Tammy Faye Baker Sit""","""Tahoe""","""Soda Springs""",9.0,4,1,10,60,"""Couldn't do the kneebar move"""
3397,2015-07-02,12:00:00,12:20:00,"""The Shazinky""","""Fort Ross""","""Fort Ross""",8.0,2,3,3,20,"""Got distracted and just did Fort Ross again"""
3397,2015-07-02,12:00:00,12:20:00,"""Living a Dream""","""Fort Ross""","""Fort Ross""",6.0,2,3,3,20,"""Got distracted and just did Fort Ross again"""
3397,2015-07-02,12:00:00,12:20:00,"""Living La Vida Loca""","""Fort Ross""","""Fort Ross""",8.0,2,3,3,20,"""Got distracted and just did Fort Ross again"""
3398,2015-07-01,12:00:00,14:00:00,"""Trojan Horse""","""Tahoe""","""Castle Boulder""",7.0,4,1,15,120,"""Couldn't do topout"""
3398,2015-07-01,12:00:00,13:00:00,"""Deforestation""","""Castle Rock""","""Parking Lot Rock""",9.0,3,2,10,60,"""Solo Mission. Made no progress."""
3398,2015-07-01,12:00:00,12:30:00,"""Nietzsche Girls Sit""","""Tahoe""","""The Saddle""",10.0,2,2,5,30,"""First move is really hard"""
3416,2015-06-13,10:00:00,10:45:00,"""The Fun House""","""Tahoe""","""Castle Peak""",6.0,4,1,5,45,"""Couldn't do the finish"""
3440,2015-05-20,16:00:00,16:45:00,"""Sharma Face""","""Tahoe""","""Snowshed""",6.0,5,1,5,45,"""Got scared at top with the wind"""
3702,2014-08-31,10:00:00,10:15:00,"""Weichei""","""Rocklands""","""de Pakhuys - Plateau""",10.0,2,1,5,15,"""Tried briefly on last day in Rocklands"""
3702,2014-08-31,14:00:00,14:30:00,"""I Believe I Can Fly""","""Rocklands""","""de Pakhuys - Arch Valley""",9.0,3,1,15,30,"""Close to hitting the jug"""
3703,2014-08-30,0:00:01,0:01:01,"""Caroline""","""Rocklands""","""The Pass - Roadside""",10.0,,1,1,1,"""Backfill Comment #1"""
3703,2014-08-30,14:00:00,14:01:00,"""Sunset Arete""","""Rocklands""","""The Pass - Roadside""",9.0,3,1,1,1,"""Tried the first move once and it felt sharp"""
3703,2014-08-30,15:00:00,15:45:00,"""Roadside Slab""","""Rocklands""","""The Pass - Roadside""",7.5,5,1,10,45,"""Working on my slab skills!"""
3703,2014-08-30,17:00:00,17:30:00,"""Un pincon d'herbes arete""","""Rocklands""","""The Pass - Roadside""",9.0,2,1,5,30,"""Topout is confusing"""
3704,2014-08-29,13:00:00,13:05:00,"""Manuerheim Roof""","""Rocklands""","""The Pass - Roadcrew""",5.0,3,1,2,5,"""Was very muddy under the boulder. Tried to do the top a couple times in streetshoes."""
3704,2014-08-29,14:00:00,14:05:00,"""Royksopp""","""Rocklands""","""The Pass - Roadcrew""",11.0,5,1,2,5,"""Tried the first moves a couple times"""
3704,2014-08-29,18:00:00,18:30:00,"""Ulan Bator""","""Rocklands""","""The Pass - Roadcrew""",8.0,2,1,5,30,"""Felt really really hard"""
3706,2014-08-27,12:00:00,12:15:00,"""White Mazda Clan""","""Rocklands""","""Lower Pakhuis - Riverside""",10.0,3,1,5,15,"""Tried briefly in the rain with Keenan before he went to Mooiste"""
3707,2014-08-26,17:00:00,18:00:00,"""Maniac""","""Rocklands""","""de Pakhuys - Fields of Joy""",7.5,5,1,15,60,"""Couldn't finish in the dark. Punted off the top."""
3711,2014-08-22,0:00:01,0:01:01,"""Pinotage""","""Rocklands""","""The Sassies""",8.0,,1,1,1,"""Backfill Comment #1"""
3712,2014-08-21,16:00:00,16:45:00,"""Black Mango Chutney""","""Rocklands""","""8 Day Rain""",10.0,1,1,5,45,"""Out of my league"""
3715,2014-08-18,17:00:00,17:30:00,"""The Dirty German""","""Rocklands""","""de Pakhuys - Plateau""",9.0,1,1,5,30,"""Extremely shouldery"""
3733,2014-07-31,0:00:01,0:01:01,"""The Wheel of Rat Hole""","""Scotts Valley""","""Moose Lodge #545""",9.0,,2,1,1,"""Backfill Comment #1"""
3748,2014-07-16,12:00:00,12:30:00,"""Out of Your League""","""Tuolumne Meadows""","""Tenaya Hillside Boulders""",9.0,3,1,10,30,"""Did the upper section; can't do first move"""
3749,2014-07-15,14:00:00,15:00:00,"""Conquistadors""","""Tuolumne Meadows""","""Olmsted Point""",8.0,5,1,10,60,"""Couldn't do bottom section"""
3763,2014-07-01,12:00:00,13:00:00,"""Deforestation""","""Castle Rock""","""Parking Lot Rock""",9.0,2,1,10,60,"""Solo mission. Made no progress"""
3763,2014-07-01,12:00:00,12:20:00,"""Nietzsche Girls Sit""","""Tahoe""","""The Saddle""",10.0,2,1,5,20,"""Couldn't do first move"""
3782,2014-06-12,17:00:00,17:30:00,"""The Wheel of Rat Hole""","""Scotts Valley""","""Moose Lodge #545""",9.0,5,1,5,30,"""First time at the Rat Hole. This was the MEGA KING line."""
3801,2014-05-24,12:00:00,12:45:00,"""Space Cowboy""","""Tahoe""","""Lost in Space""",9.0,3,1,10,45,"""All of the mosquitos came to play"""
3801,2014-05-24,15:00:00,15:30:00,"""The Gerbler""","""Tahoe""","""Lost in Space""",8.0,3,1,5,30,"""Didn't do first move; flashed from 1 move in"""
3802,2014-05-23,17:00:00,17:45:00,"""Slam Dunk""","""Tahoe""","""Castle Peak""",7.0,3,1,10,45,"""After the monster hike at Castle Peak, with Conor/Teddy/Keenan/Marquis/Mackenzie"""
4074,2013-08-24,16:00:00,17:00:00,"""Tatonka""","""Squamish""","""The Apron""",8.0,4,1,20,60,"""Last day of 2013 trip with Conor (day he made burgers and I had avocado for first time)"""
4078,2013-08-20,0:00:01,0:01:01,"""Resurrection""","""Squamish""","""North Walls""",9.0,,1,1,1,"""Backfill Comment #1"""
4078,2013-08-20,0:00:02,0:01:02,"""Resurrection""","""Squamish""","""North Walls""",9.0,,2,1,1,"""Backfill Comment #2"""
4078,2013-08-20,0:00:03,0:01:03,"""Resurrection""","""Squamish""","""North Walls""",9.0,,3,1,1,"""Backfill Comment #3"""
4078,2013-08-20,0:00:04,0:01:04,"""Resurrection""","""Squamish""","""North Walls""",9.0,,4,1,1,"""Backfill Comment #4"""
4080,2013-08-18,0:00:01,0:01:01,"""Mantra""","""Squamish""","""Grand Wall""",8.0,,1,1,1,"""Backfill Comment #1"""
4085,2013-08-13,0:00:01,1:00:01,"""Phantom Menace""","""Squamish""","""Paradise Valley""",6.0,,2,20,60,"""Backfill Comment #2"""
4127,2013-07-02,12:00:00,12:20:00,"""The Shazinky""","""Fort Ross""","""Fort Ross""",8.0,2,2,3,20,"""Got distracted and just did Fort Ross again"""
4127,2013-07-02,12:00:00,12:20:00,"""Living a Dream""","""Fort Ross""","""Fort Ross""",6.0,2,2,3,20,"""Got distracted and just did Fort Ross again"""
4127,2013-07-02,12:00:00,12:20:00,"""Living La Vida Loca""","""Fort Ross""","""Fort Ross""",8.0,2,2,3,20,"""Got distracted and just did Fort Ross again"""
4245,2013-03-06,0:00:01,0:01:01,"""Way Dubious Contortionist""","""Castle Rock""","""Goat Rock""",5.0,,1,1,1,"""Backfill Comment #1"""
4246,2013-03-05,0:00:01,0:01:01,"""Nature Nazi Arete""","""Castle Rock""","""Nature Nazi""",7.0,,1,1,1,"""Backfill Comment #1"""
4444,2012-08-19,12:00:00,12:20:00,"""The Shazinky""","""Fort Ross""","""Fort Ross""",8.0,2,1,3,20,"""Got distracted and just did Fort Ross again"""
4444,2012-08-19,12:00:00,12:20:00,"""Living a Dream""","""Fort Ross""","""Fort Ross""",6.0,2,1,3,20,"""Got distracted and just did Fort Ross again"""
4444,2012-08-19,12:00:00,12:20:00,"""Living La Vida Loca""","""Fort Ross""","""Fort Ross""",8.0,2,1,3,20,"""Got distracted and just did Fort Ross again"""
4456,2012-08-07,0:00:01,0:01:01,"""Gibb's Cave""","""Squamish""","""The Apron""",8.0,,1,1,1,"""Backfill Comment #1"""
4457,2012-08-06,0:00:01,0:01:01,"""Ramen Raw""","""Squamish""","""North Walls""",7.0,,1,1,1,"""Backfill Comment #1"""
4457,2012-08-06,0:00:01,0:01:01,"""Worm World Cave""","""Squamish""","""Grand Wall""",9.0,,1,1,1,"""Backfill Comment #1"""
4457,2012-08-06,0:00:02,0:01:02,"""Worm World Cave""","""Squamish""","""Grand Wall""",9.0,,2,1,1,"""Backfill Comment #2"""
4460,2012-08-03,0:00:01,0:01:01,"""Baba Hari Dass""","""Squamish""","""Grand Wall""",7.0,,1,1,1,"""Backfill Comment #1"""
4461,2012-08-02,0:00:01,0:01:01,"""Hulkster's Humpfest""","""Squamish""","""Grand Wall""",2.0,,2,1,1,"""Backfill Comment #1"""
4462,2012-08-01,16:00:00,16:20:00,"""Groundation""","""Castle Rock""","""Cave Rock""",7.0,3,2,10,20,"""Couldn't figure out the first move. Kneebars are hard"""
4464,2012-07-30,0:00:01,1:00:01,"""Phantom Menace""","""Squamish""","""Paradise Valley""",6.0,,1,20,60,"""Backfill Comment #1"""
4620,2012-02-25,13:00:00,13:20:00,"""Sharma Arete""","""Castle Rock""","""Indian Rock""",9.0,4,1,5,20,"""With Conor and Nicky"""
4686,2011-12-21,0:00:01,0:01:01,"""Bates Sit""","""Castle Rock""","""Magoos""",9.0,,1,1,1,"""Backfill Comment #1"""
4806,2011-08-23,0:00:01,0:01:01,"""Sunshine Eliminate""","""Berkeley""","""Mortar Rock""",9.0,,1,1,1,"""Backfill Comment #1"""
4810,2011-08-19,0:00:01,0:01:01,"""Nat's Traverse""","""Berkeley""","""Mortar Rock""",8.0,,1,1,1,"""Backfill Comment #1"""
4810,2011-08-19,0:00:02,0:01:02,"""Nat's Traverse""","""Berkeley""","""Mortar Rock""",8.0,,2,1,1,"""Backfill Comment #2"""
4818,2011-08-11,0:00:01,0:01:01,"""Rosey Palms""","""Tahoe""","""The Saddle""",5.0,,2,1,1,"""Backfill Comment #1"""
4818,2011-08-11,0:00:01,0:01:01,"""Nietzsche Girls""","""Tahoe""","""The Saddle""",9.0,,1,1,1,"""Backfill Comment #1"""
4850,2011-07-10,0:00:01,0:01:01,"""Clam Traverse""","""Castle Rock""","""Indian Rock""",9.0,,1,1,1,"""Backfill Comment #1"""
4850,2011-07-10,0:00:02,0:01:02,"""Clam Traverse""","""Castle Rock""","""Indian Rock""",9.0,,2,1,1,"""Backfill Comment #2"""
4850,2011-07-10,0:00:03,0:01:03,"""Clam Traverse""","""Castle Rock""","""Indian Rock""",9.0,,3,1,1,"""Backfill Comment #3"""
4850,2011-07-10,0:00:04,0:01:04,"""Clam Traverse""","""Castle Rock""","""Indian Rock""",9.0,,4,1,1,"""Backfill Comment #4"""
4859,2011-07-01,14:00:00,15:00:00,"""Waimea Arete""","""Castle Rock""","""Castle Rock""",6.0,2,1,10,60,"""With Sage and Alvaro."""
4896,2011-05-25,0:00:01,0:01:01,"""Vicious""","""Castle Rock""","""Indian Rock""",7.0,,2,1,1,"""Backfill Comment #1"""
4912,2011-05-09,0:00:01,0:01:01,"""Nature Nazi Traverse""","""Castle Rock""","""Nature Nazi""",4.0,,1,1,1,"""Backfill Comment #1"""
5178,2010-08-16,0:00:01,0:01:01,"""Static Reach""","""Castle Rock""","""Indian Rock""",8.0,,1,1,1,"""Backfill Comment #1"""
5224,2010-07-01,14:00:00,14:30:00,"""Impossible Wall""","""Berkeley""","""Mortar Rock""",8.0,2,1,10,30,"""Solo mission"""
5240,2010-06-15,16:00:00,16:20:00,"""Groundation""","""Castle Rock""","""Cave Rock""",7.0,3,1,10,20,"""Couldn't figure out the first move. Kneebars are hard"""
5320,2010-03-27,0:00:01,0:01:01,"""Hueco Wall""","""Castle Rock""","""Castle Rock""",5.0,,1,1,1,"""Backfill Comment #1"""
5320,2010-03-27,0:00:01,0:01:01,"""Tree Route""","""Castle Rock""","""Castle Rock""",4.0,,1,1,1,"""Backfill Comment #1"""
5346,2010-03-01,11:00:00,12:30:00,"""Seven Spanish Angels""","""Bishop""","""Buttermilks""",6.0,5,1,20,90,"""With LA guys with zipper butt pockets."""
