Player Name,Age,Current Team,Salary,Contract Year,Contract Expires,NTC,Teams,Positions,Innings,PA,AB,AVG,OBP,SLG,H,1B,2B,3B,HR,R,RBI,BB,K,SB,CS,BB%,K%,ISO,BABIP,OPS+,wRC+,RAA,wRC/27,DRS,Position Adjustment Runs,dWAR,oWAR,Replacement Runs,Total WAR (No Defense)
A.J. Pollock,33,CIN,8.750,V,2022,Yes,Cin,lf/cf,81.0,39,36,.194,.256,.306,7,5,1,0,1,4,2,3,8,1,0,7.7,22.2,.112,.222,57.4,58.2,-1.8,2.5,0,-0.2,0.0,-0.2,1.3,-0.1
Aaron Hicks,31,ARI,9.481,6th,0,,Ari,cf,85.0,43,38,.237,.326,.289,9,7,2,0,0,1,0,5,14,0,0,11.6,36.8,.052,.375,74.4,75.1,-1.2,3.6,0,0.1,0.0,-0.1,1.4,0.0
Aaron Judge,29,BAL,5.931,4th,0,,Bal,rf,82.0,43,37,.270,.372,.405,10,7,2,0,1,6,4,5,19,1,0,11.6,51.4,.135,.529,118.5,126.6,1.3,6.5,0,-0.4,0.0,0.1,1.4,0.2
Adalberto Mondesi,25,NYM,0.715,2nd-G,0,,NYN,ss,79.0,34,29,.069,.182,.207,2,0,0,2,0,2,1,4,9,1,0,11.8,31.0,.138,.095,9.7,5.9,-3.5,0.2,0,0.4,0.0,-0.4,1.1,-0.2
Adam Eaton,32,DET,10.797,V,2022,,Det,rf,77.0,37,34,.235,.297,.471,8,3,3,1,1,6,2,2,10,0,0,5.4,29.4,.236,.304,109.8,110.0,0.4,5.0,0,-0.4,0.0,0.0,1.2,0.1
Adam Frazier,29,CHW,1.721,4th,0,,ChA,cf/2b,15.0,7,7,.429,.429,.429,3,3,0,0,0,1,1,0,0,0,0,0.0,0.0,.000,.429,140.9,144.2,0.3,8.1,0,0.0,0.0,0.0,0.2,0.1
Alec Bohm,24,STL,0.550,XXX-G,0,,StL,dh/3b,33.0,41,39,.308,.341,.513,12,9,0,1,2,6,9,1,9,1,0,2.4,23.1,.205,.357,137.5,145.1,2.0,7.1,0,0.1,0.0,0.2,1.4,0.3
Aledmys Diaz,30,ARI,3.541,4th,0,,Ari,dh/1b/lf,4.0,13,13,.000,.000,.000,0,0,0,0,0,0,0,0,3,0,0,0.0,23.1,.000,.000,-100.0,-128.2,-3.3,-4.1,0,0.0,0.0,-0.3,0.4,-0.3
Alejandro Kirk,22,KC,0.550,1st-G,0,,KC,c,54.0,24,23,.087,.125,.217,2,1,0,0,1,2,3,1,6,0,0,4.2,26.1,.130,.063,-6.8,-18.3,-3.1,-0.7,0,0.5,0.0,-0.3,0.8,-0.2
Alex Avila,34,CHW,2.300,V,2022,Yes,ChA,c,31.7,14,14,.143,.143,.357,2,1,0,0,1,1,2,0,8,0,0,0.0,57.1,.214,.200,31.4,22.9,-1.2,0.9,0,0.3,0.0,-0.1,0.5,0.0
Alex Bregman,27,ARI,6.299,4th,0,,Ari,3b,85.0,43,38,.342,.395,.737,13,6,3,0,4,8,6,4,4,0,0,9.3,10.5,.395,.290,203.7,207.4,5.1,11.5,0,0.1,0.0,0.5,1.4,0.7
Alex Dickerson,31,KC,2.755,V,2021,,KC,1b,51.0,21,20,.150,.190,.450,3,1,0,0,2,2,3,0,7,0,0,0.0,35.0,.300,.091,70.6,69.7,-0.7,2.8,0,-0.4,0.0,-0.1,0.7,0.0
Alex Kirilloff,23,OAK,0.550,XXX-G,0,,Oak,lf,22.0,10,7,.000,.300,.000,0,0,0,0,0,1,0,3,3,1,0,30.0,42.9,.000,.000,-1.7,37.4,-0.7,1.7,0,-0.1,0.0,-0.1,0.3,0.0
Alex Verdugo,25,TEX,1.155,2nd-G,0,,Tex,lf,78.0,38,36,.250,.263,.361,9,5,4,0,0,3,3,1,7,0,0,2.6,19.4,.111,.300,70.1,62.4,-1.6,2.8,0,-0.4,0.0,-0.2,1.3,-0.1
Amed Rosario,25,OAK,0.853,2nd-G,0,,Oak,3b,87.0,36,35,.286,.306,.457,10,7,1,1,1,4,4,1,11,1,0,2.8,31.4,.171,.391,110.7,114.4,0.6,5.3,0,0.2,0.0,0.1,1.2,0.2
Andrelton Simmons,31,MIA,8.500,V,2023,,Mia,ss,81.0,38,36,.250,.289,.250,9,9,0,0,0,5,3,2,7,2,0,5.3,19.4,.000,.310,54.8,57.9,-1.8,2.6,0,0.4,0.0,-0.2,1.3,0.0
Andrew Benintendi,26,COL,5.769,4th,0,,Col,dh,,4,4,.500,.500,.500,2,2,0,0,0,2,0,0,0,0,0,0.0,0.0,.000,.500,169.5,176.6,0.3,11.4,0,-0.1,0.0,0.0,0.1,0.0
Andrew Knapp,29,OAK,0.550,XXX-G,0,,Oak,dh/1b,4.0,7,7,.000,.000,.000,0,0,0,0,0,0,0,0,3,0,0,0.0,42.9,.000,.000,-100.0,-128.2,-1.8,-4.1,0,0.0,0.0,-0.2,0.2,-0.2
Andrew McCutchen,34,SF,6.100,V,2022,Yes,SF,lf,76.0,39,35,.257,.333,.543,9,5,1,0,3,3,8,4,8,0,1,10.3,22.9,.286,.250,146.2,143.7,1.9,6.9,0,-0.4,0.0,0.2,1.3,0.3
Andrew Stevenson,27,MIL,0.550,XXX-G,0,,Mil,lf,64.0,28,24,.167,.286,.208,4,3,1,0,0,0,3,4,9,2,2,14.3,37.5,.041,.267,42.6,33.5,-2.0,1.5,0,-0.3,0.0,-0.2,0.9,-0.1
Andy Young,27,CLE,2.202,V,2024,Yes,Cle,2b/rf,45.7,18,16,.563,.611,1.188,9,5,1,0,3,5,4,1,4,0,1,5.6,25.0,.625,.667,392.3,397.8,5.9,33.0,0,0.1,0.0,0.6,0.6,0.7
Anthony Rendon,31,TB,15.025,CE,2021,,Tam,3b,80.0,40,35,.229,.325,.457,8,3,3,1,1,4,5,3,3,0,0,7.5,8.6,.228,.226,120.7,123.6,1.0,5.9,0,0.1,0.0,0.1,1.3,0.2
Anthony Rizzo,31,TB,23.000,V,2022,,Tam,1b,79.0,40,37,.135,.200,.135,5,5,0,0,0,2,3,2,9,0,0,5.0,24.3,.000,.179,-0.1,-7.3,-4.7,-0.3,0,-0.7,-0.1,-0.5,1.3,-0.4
Anthony Santander,26,BAL,2.600,V,2021,,Bal,dh,,41,35,.143,.268,.286,5,2,2,0,1,5,8,4,9,0,0,9.8,25.7,.143,.160,56.0,58.0,-1.9,2.6,0,-1.2,-0.1,-0.2,1.4,-0.2
Aristides Aquino,27,HOU,0.715,2nd-G,0,,Hou,cf,77.0,34,32,.219,.265,.531,7,3,1,0,3,4,7,1,9,0,1,2.9,28.1,.312,.200,118.8,113.7,0.5,5.0,0,0.1,0.0,0.1,1.1,0.2
Asdrubal Cabrera,35,NYM,5.000,V,2021,,NYN,dh,,1,1,1.000,1.000,1.000,1,1,0,0,0,0,0,0,0,0,0,0.0,0.0,.000,1.000,479.2,526.7,0.5,0.0,0,0.0,0.0,0.1,0.0,0.1
Austin Allen,27,HOU,4.500,V,2023,,Hou,c,59.0,29,26,.308,.379,.615,8,4,2,0,2,3,7,2,3,0,0,6.9,11.5,.307,.286,177.7,185.3,2.7,9.6,0,0.5,0.1,0.3,1.0,0.4
Austin Barnes,31,TEX,4.580,6th,0,,Tex,c,29.0,13,11,.182,.308,.182,2,2,0,0,0,0,0,1,5,0,0,7.7,45.5,.000,.333,42.0,46.6,-0.8,2.2,0,0.3,0.0,-0.1,0.4,0.0
Austin Dean,27,MIA,1.505,V,2021,,Mia,dh/1b,1.0,1,1,.000,.000,.000,0,0,0,0,0,0,1,0,0,0,0,0.0,0.0,.000,.000,-100.0,-128.2,-0.3,-4.1,0,0.0,0.0,0.0,0.0,0.0
Austin Hays,25,NYY,0.650,2nd-G,0,,NYA,cf/rf/dh,18.0,11,10,.200,.273,.500,2,1,0,0,1,1,2,1,3,0,0,9.1,30.0,.300,.167,108.2,110.1,0.1,4.9,0,0.0,0.0,0.0,0.4,0.0
Austin Meadows,26,STL,2.137,3rd-G,0,,StL,lf,78.7,39,35,.314,.385,.514,11,8,1,0,2,4,5,4,12,2,0,10.3,34.3,.200,.429,152.1,165.4,2.8,8.7,0,-0.4,0.0,0.3,1.3,0.4
Austin Nola,31,TB,3.450,V,2022,Yes,Tam,c,34.0,14,13,.231,.286,.308,3,2,1,0,0,1,1,1,5,0,0,7.1,38.5,.077,.375,70.9,68.5,-0.5,3.1,0,0.3,0.0,-0.1,0.5,0.0
Austin Riley,24,HOU,1.018,2nd-G,0,,Hou,dh,,38,36,.111,.158,.306,4,1,1,0,2,4,5,1,9,0,0,2.6,25.0,.195,.080,27.7,21.4,-3.3,0.8,0,-1.1,-0.1,-0.3,1.3,-0.3
Austin Slater,28,LAD,0.715,2nd-G,0,,LAN,rf/lf,87.0,46,40,.225,.326,.400,9,6,1,0,2,7,7,5,12,2,0,10.9,30.0,.175,.269,106.3,116.7,0.8,5.6,0,-0.5,0.0,0.1,1.5,0.2
Avisail Garcia,30,KC,5.000,V,2022,Yes,KC,lf,51.0,21,20,.300,.333,.400,6,4,2,0,0,2,2,1,5,0,0,4.8,25.0,.100,.400,105.3,104.9,0.1,5.1,0,-0.3,0.0,0.0,0.7,0.1
Ben Gamel,29,ATL,1.600,V,2022,Yes,Atl,dh/rf,5.0,9,8,.125,.222,.125,1,1,0,0,0,1,1,1,4,0,0,11.1,50.0,.000,.250,3.4,-0.3,-1.0,0.0,0,0.0,0.0,-0.1,0.3,-0.1
Billy McKinney,26,PHI,0.550,XXX-G,0,,Phi,dh/1b/cf,7.3,7,6,.167,.286,.167,1,1,0,0,0,0,0,1,3,0,0,14.3,50.0,.000,.333,33.9,35.8,-0.5,1.6,0,0.0,0.0,-0.1,0.2,0.0
Bo Bichette,23,LAD,1.018,2nd-G,0,,LAN,2b,87.0,45,40,.200,.289,.375,8,5,1,0,2,6,5,5,4,2,1,11.1,10.0,.175,.176,87.8,89.2,-0.5,4.0,0,0.2,0.0,-0.1,1.5,0.1
Bobby Bradley,25,OAK,0.550,XXX-G,0,,Oak,1b,83.0,36,32,.250,.333,.375,8,6,1,0,1,4,6,4,14,0,0,11.1,43.8,.125,.412,99.9,102.2,0.1,4.9,0,-0.7,-0.1,0.0,1.2,0.1
Bobby Dalbec,26,PIT,0.715,2nd-G,0,,Pit,1b/3b,26.0,12,11,.182,.250,.273,2,1,1,0,0,1,1,1,6,0,1,8.3,54.5,.091,.400,49.4,21.1,-1.0,0.9,0,-0.1,0.0,-0.1,0.4,-0.1
Brad Miller,31,TB,1.100,V,2021,,Tam,lf/ss,21.7,9,8,.000,.111,.000,0,0,0,0,0,2,0,1,4,0,0,11.1,50.0,.000,.000,-63.0,-71.3,-1.7,-2.6,0,-0.1,0.0,-0.2,0.3,-0.1
Bradley Zimmer,28,CHC,0.650,2nd-G,0,,ChN,cf,79.0,36,32,.156,.250,.250,5,2,3,0,0,1,1,3,11,0,1,8.3,34.4,.094,.238,41.4,31.4,-2.7,1.3,0,0.1,0.0,-0.3,1.2,-0.1
Brandon Belt,33,DET,25.250,V,2021,,Det,1b,78.0,34,29,.207,.324,.310,6,5,0,0,1,4,2,4,10,0,0,11.8,34.5,.103,.278,79.9,83.9,-0.6,4.0,0,-0.7,-0.1,-0.1,1.1,0.0
Brandon Crawford,34,WAS,3.000,V,2022,Yes,Was,ss,82.0,35,34,.235,.257,.471,8,4,2,0,2,4,9,1,10,1,0,2.9,29.4,.236,.273,98.0,102.0,0.1,4.4,0,0.4,0.0,0.0,1.2,0.2
Brandon Lowe,26,PIT,1.155,2nd-G,0,,Pit,3b/2b,70.0,35,30,.333,.429,.667,10,4,4,0,2,9,6,5,8,0,0,14.3,26.7,.334,.400,204.7,211.1,4.3,11.9,0,0.1,0.0,0.4,1.2,0.6
Brandon Nimmo,28,CHW,5.123,4th,0,,ChA,lf,84.7,45,39,.179,.289,.359,7,3,2,1,1,5,5,5,14,0,0,11.1,35.9,.180,.250,79.1,79.4,-1.0,3.6,0,-0.4,0.0,-0.1,1.5,0.0
Brent Rooker,26,DET,0.550,XXX-G,0,,Det,dh,,8,8,.000,.000,.000,0,0,0,0,0,0,0,0,4,0,0,0.0,50.0,.000,.000,-100.0,-128.2,-2.0,-4.1,0,-0.2,0.0,-0.2,0.3,-0.2
Brett Gardner,37,PHI,3.050,V,2021,,Phi,cf/rf,86.0,37,30,.433,.541,.967,13,6,2,1,4,7,6,7,7,0,1,18.9,23.3,.534,.474,310.8,306.6,8.4,21.5,0,0.1,0.0,0.8,1.2,1.0
Breyvic Valera,29,STL,1.800,V,2021,,StL,2b,49.7,25,25,.280,.280,.600,7,4,0,1,2,5,2,0,3,0,0,0.0,12.0,.320,.250,138.4,143.1,1.2,6.4,0,0.1,0.0,0.1,0.8,0.2
Brian Anderson,28,NYM,2.192,4th,0,,NYN,rf,79.0,35,34,.176,.200,.353,6,4,0,0,2,3,2,1,14,0,1,2.9,41.2,.177,.222,53.4,40.0,-2.3,1.6,0,-0.4,0.0,-0.2,1.2,-0.2
Brian Dozier,34,WAS,1.100,V,2021,,Was,2b/dh,54.0,43,39,.333,.372,.436,13,11,1,0,1,7,3,2,7,0,1,4.7,17.9,.103,.375,127.3,121.6,1.0,6.5,0,0.1,0.0,0.1,1.4,0.3
Brian Goodwin,30,CHC,1.018,2nd-G,0,,ChN,dh,,37,33,.152,.243,.182,5,4,1,0,0,1,1,3,12,0,0,8.1,36.4,.030,.238,22.9,20.2,-3.2,0.9,0,-1.1,-0.1,-0.3,1.2,-0.3
Brock Holt,33,WAS,4.000,V,2022,,Was,3b/2b,7.0,3,3,.333,.333,.333,1,1,0,0,0,0,0,0,0,0,0,0.0,0.0,.000,.333,89.8,86.5,0.0,4.2,0,0.0,0.0,0.0,0.1,0.0
Bryan Reynolds,26,BAL,1.018,2nd-G,0,,Bal,cf,82.0,38,37,.216,.237,.568,8,3,1,0,4,9,8,1,13,0,0,2.6,35.1,.352,.200,113.4,116.2,0.7,4.9,0,0.1,0.0,0.1,1.3,0.2
Bryce Harper,28,MIN,30.000,V,2026,,Min,rf,75.0,38,29,.172,.368,.276,5,2,3,0,0,4,2,8,7,0,0,21.1,24.1,.104,.227,86.8,97.1,-0.1,5.0,0,-0.4,0.0,0.0,1.3,0.1
Buster Posey,34,PIT,28.975,V,2021,,Pit,c/1b,27.0,9,7,.143,.333,.143,1,1,0,0,0,2,0,2,1,0,0,22.2,14.3,.000,.167,45.2,57.1,-0.4,2.8,0,0.2,0.0,0.0,0.3,0.0
Byron Buxton,27,CLE,18.502,V,2024,Yes,Cle,cf,71.7,33,31,.323,.364,.548,10,7,1,0,2,7,4,2,10,2,0,6.1,32.3,.225,.421,154.3,169.4,2.5,8.6,0,0.1,0.0,0.3,1.1,0.4
C.J. Cron,31,PHI,4.270,5th,0,,Phi,1b,81.7,39,36,.167,.231,.333,6,2,3,0,1,3,3,3,15,1,0,7.7,41.7,.166,.250,56.2,56.2,-1.9,2.4,0,-0.7,-0.1,-0.2,1.3,-0.1
Cam Gallagher,28,MIL,1.926,V,2023,Yes,Mil,c,48.0,17,17,.176,.176,.294,3,1,2,0,0,1,1,0,6,0,0,0.0,35.3,.118,.273,27.7,16.0,-1.6,0.6,0,0.4,0.0,-0.2,0.6,-0.1
Carlos Correa,26,OAK,14.533,CE,2022,,Oak,ss,87.0,42,38,.263,.310,.526,10,4,4,0,2,4,4,3,15,0,0,7.1,39.5,.263,.364,128.7,127.7,1.3,6.2,0,0.5,0.0,0.1,1.4,0.3
Carlos Santana,35,CHW,4.878,V,2021,,ChA,1b,84.7,41,36,.222,.293,.472,8,5,0,0,3,6,8,3,7,0,0,7.3,19.4,.250,.185,107.3,106.6,0.3,5.0,0,-0.7,-0.1,0.0,1.4,0.1
Carson Kelly,26,BOS,0.715,2nd-G,0,,Bos,c,78.3,27,24,.250,.333,.542,6,3,1,0,2,6,5,3,3,0,0,11.1,12.5,.292,.211,137.0,140.7,1.2,6.8,0,0.7,0.1,0.1,0.9,0.3
Cesar Hernandez,31,PHI,5.000,V,2021,,Phi,ss,86.0,43,38,.395,.465,.632,15,10,3,0,2,4,7,3,11,1,3,7.0,28.9,.237,.520,205.1,198.0,4.6,11.9,0,0.4,0.0,0.5,1.4,0.6
Cesar Puello,30,WAS,0.715,2nd-G,0,,Was,dh/cf,28.0,39,33,.212,.316,.364,7,5,0,1,1,3,3,5,10,0,0,12.8,30.3,.152,.261,88.8,87.1,-0.6,4.2,0,0.0,0.0,-0.1,1.3,0.1
Chad Pinder,29,BAL,2.917,5th,0,,Bal,ss/1b/dh,5.0,4,4,.250,.250,1.000,1,0,0,0,1,1,1,0,1,0,0,0.0,25.0,.750,.000,221.5,244.2,0.6,10.5,0,0.0,0.0,0.1,0.1,0.1
Charlie Blackmon,34,MIA,24.225,V,2021,,Mia,dh,,40,38,.289,.300,.421,11,9,0,1,1,4,5,1,11,0,0,2.5,28.9,.132,.370,99.5,95.1,-0.2,4.5,0,-1.2,-0.1,0.0,1.3,0.0
Chris Shaw,27,BOS,0.550,1st-G,0,,Bos,dh,,6,6,.333,.333,.500,2,1,1,0,0,1,1,0,3,1,0,0.0,50.0,.167,.667,127.1,152.3,0.3,7.4,0,-0.2,0.0,0.0,0.2,0.0
Chris Taylor,30,PIT,11.745,CE,2022,Yes,Pit,ss/dh,63.0,39,37,.243,.256,.459,9,5,2,0,2,7,6,0,13,1,0,0.0,35.1,.216,.304,97.1,97.7,-0.1,4.4,0,0.3,0.0,0.0,1.3,0.2
Christian Arroyo,26,DET,0.550,1st-G,0,,Det,2b,75.0,28,24,.167,.250,.458,4,1,1,0,2,3,4,3,6,0,0,10.7,25.0,.291,.118,91.5,87.1,-0.4,3.9,0,0.1,0.0,0.0,0.9,0.1
Christian Lopes,28,SEA,1.803,V,2021,,Sea,dh/rf,1.0,1,1,.000,.000,.000,0,0,0,0,0,0,0,0,0,0,0,0.0,0.0,.000,.000,-100.0,-128.2,-0.3,-4.1,0,0.0,0.0,0.0,0.0,0.0
Christian Vazquez,30,NYY,7.750,V,2023,Yes,NYA,c,79.0,30,29,.241,.267,.276,7,6,1,0,0,3,3,0,4,0,0,0.0,13.8,.035,.280,52.6,46.9,-1.8,2.1,0,0.7,0.1,-0.2,1.0,0.0
Christian Walker,30,NYY,4.539,4th,0,,NYA,1b,79.0,38,36,.111,.132,.139,4,3,1,0,0,1,1,1,11,0,0,2.6,30.6,.028,.154,-24.1,-40.9,-5.9,-1.6,0,-0.7,-0.1,-0.6,1.3,-0.5
Christian Yelich,29,TEX,16.993,CE,2021,,Tex,cf,80.0,38,36,.222,.263,.556,8,2,3,0,3,7,5,2,14,0,0,5.3,38.9,.334,.263,116.2,118.0,0.8,5.2,0,0.1,0.0,0.1,1.3,0.2
Clint Frazier,26,NYM,0.550,XXX-G,0,,NYN,lf,79.0,35,32,.156,.200,.188,5,4,1,0,0,1,3,2,12,0,0,5.7,37.5,.032,.238,12.8,2.6,-3.8,0.1,0,-0.4,0.0,-0.4,1.2,-0.3
Cody Bellinger,25,PIT,6.782,4th,0,,Pit,rf,77.0,38,31,.258,.395,.387,8,6,1,0,1,9,2,7,4,1,1,18.4,12.9,.129,.269,125.2,128.6,1.2,6.8,0,-0.4,0.0,0.1,1.3,0.2
Colin Moran,28,BAL,1.700,4th,0,,Bal,dh/3b,2.0,2,2,.500,.500,.500,1,1,0,0,0,1,0,0,1,0,0,0.0,50.0,.000,1.000,182.9,191.7,0.2,12.4,0,0.0,0.0,0.0,0.1,0.0
Corey Dickerson,32,NYY,9.000,V,2022,,NYA,rf,78.0,36,33,.152,.222,.212,5,3,2,0,0,0,0,2,7,0,2,5.6,21.2,.060,.192,22.9,1.6,-3.9,0.1,0,-0.4,0.0,-0.4,1.2,-0.3
Corey Seager,27,LAA,12.644,CE,2023,Yes,LAA,ss,88.0,42,37,.270,.333,.486,10,6,2,0,2,9,7,4,7,0,0,9.5,18.9,.216,.276,130.7,131.1,1.4,6.6,0,0.5,0.0,0.1,1.4,0.3
D.J. LeMahieu,32,TEX,12.500,V,2021,,Tex,dh,,36,33,.364,.417,.667,12,7,2,1,2,7,3,3,3,3,1,8.3,9.1,.303,.357,191.9,202.9,4.1,11.2,0,-1.1,-0.1,0.4,1.2,0.4
Daniel Murphy,36,TOR,1.100,V,2021,Yes,Tor,dh,,1,1,1.000,1.000,1.000,1,1,0,0,0,1,0,0,0,0,0,0.0,0.0,.000,1.000,475.2,522.3,0.5,0.0,0,0.0,0.0,0.1,0.0,0.1
Daniel Robertson,27,ATL,1.100,V,2021,,Atl,lf,2.0,1,1,.000,.000,.000,0,0,0,0,0,0,0,0,1,0,0,0.0,100.0,.000,.000,-100.0,-128.2,-0.3,-4.1,0,0.0,0.0,0.0,0.0,0.0
Daniel Vogelbach,28,STL,9.868,5th,0,,StL,1b,79.7,40,37,.216,.275,.541,8,4,0,0,4,4,9,3,17,0,0,7.5,45.9,.325,.250,122.3,125.6,1.1,5.6,0,-0.7,-0.1,0.1,1.3,0.2
Danny Jansen,26,MIA,0.715,2nd-G,0,,Mia,c,73.0,34,28,.250,.353,.429,7,4,2,0,1,5,6,3,6,0,0,8.8,21.4,.179,.273,118.6,120.1,0.8,6.3,0,0.6,0.1,0.1,1.1,0.3
Danny Mendick,27,CHC,2.000,V,2021,,ChN,ss,79.0,40,37,.216,.275,.297,8,5,3,0,0,3,1,3,8,0,0,7.5,21.6,.081,.276,60.9,57.5,-1.9,2.6,0,0.4,0.0,-0.2,1.3,0.0
Danny Santana,30,STL,4.100,V,2023,Yes,StL,3b/rf,79.7,39,37,.324,.333,.486,12,8,3,0,1,5,3,1,10,2,0,2.6,27.0,.162,.407,128.4,135.0,1.5,6.8,0,-0.1,0.0,0.2,1.3,0.3
Dansby Swanson,27,TEX,2.322,4th,0,,Tex,ss,80.0,34,31,.258,.294,.452,8,6,0,0,2,4,5,2,13,0,0,5.9,41.9,.194,.353,101.5,98.7,-0.1,4.7,0,0.4,0.0,0.0,1.1,0.2
David Bote,28,LAD,4.250,V,2022,,LAN,ss,74.0,32,28,.214,.313,.250,6,5,1,0,0,2,0,4,6,0,0,12.5,21.4,.036,.273,65.1,66.6,-1.2,3.1,0,0.4,0.0,-0.1,1.1,0.0
David Dahl,27,LAA,4.947,5th,0,,LAA,cf,88.0,38,31,.161,.316,.419,5,1,2,0,2,6,3,7,8,0,0,18.4,25.8,.258,.143,108.4,112.6,0.5,5.3,0,0.2,0.0,0.1,1.3,0.2
David Fletcher,27,MIA,0.715,2nd-G,0,,Mia,2b,81.0,41,37,.189,.268,.270,7,4,3,0,0,6,1,4,6,0,1,9.8,16.2,.081,.226,52.8,43.1,-2.6,1.9,0,0.1,0.0,-0.3,1.4,-0.1
David Freitas,32,TEX,2.660,V,2021,,Tex,c,51.0,18,15,.200,.294,.267,3,2,1,0,0,1,0,2,5,0,0,11.1,33.3,.067,.273,52.5,46.7,-1.1,2.3,0,0.4,0.0,-0.1,0.6,0.0
David Peralta,33,LAD,22.000,V,2021,,LAN,lf,82.0,36,32,.219,.306,.375,7,4,1,2,0,2,4,3,7,0,0,8.3,21.9,.156,.280,93.4,92.8,-0.3,4.3,0,-0.4,0.0,0.0,1.2,0.0
Delino DeShields Jr.,28,MIN,1.100,V,2021,,Min,dh,,1,1,.000,.000,.000,0,0,0,0,0,0,0,0,0,0,0,0.0,0.0,.000,.000,-100.0,-128.2,-0.3,-4.1,0,0.0,0.0,0.0,0.0,0.0
Derek Dietrich,31,ARI,2.475,V,2021,,Ari,dh,,30,28,.071,.100,.214,2,0,1,0,1,1,3,1,14,0,0,3.3,50.0,.143,.071,-16.5,-32.2,-4.4,-1.2,0,-0.9,-0.1,-0.4,1.0,-0.4
Derek Fisher,27,PIT,1.203,3rd-G,0,,Pit,lf/rf,19.0,6,6,.500,.500,1.333,3,1,0,1,1,3,4,0,1,0,0,0.0,16.7,.833,.500,391.1,428.0,2.2,27.6,0,-0.1,0.0,0.2,0.2,0.2
Didi Gregorius,31,SD,15.000,V,2022,Yes,SD,ss,88.0,41,40,.375,.390,.650,15,7,5,3,0,7,4,1,4,1,0,2.4,10.0,.275,.417,190.8,200.8,4.5,10.6,0,0.5,0.0,0.5,1.4,0.6
Dom Nunez,26,SEA,0.550,1st-G,0,,Sea,c,9.0,5,5,.200,.200,.200,1,1,0,0,0,0,0,0,2,0,0,0.0,40.0,.000,.333,15.1,1.9,-0.5,0.1,0,0.1,0.0,-0.1,0.2,0.0
Domingo Leyba,25,ATL,0.715,2nd-G,0,,Atl,2b,59.7,27,26,.231,.259,.308,6,4,2,0,0,3,3,1,10,0,0,3.7,38.5,.077,.375,59.9,54.3,-1.4,2.4,0,0.1,0.0,-0.1,0.9,0.0
Domingo Santana,28,CHW,1.750,V,2021,,ChA,dh/rf,17.0,17,14,.000,.176,.000,0,0,0,0,0,1,0,3,8,0,0,17.6,57.1,.000,.000,-42.9,-40.5,-2.6,-1.6,0,-0.1,0.0,-0.3,0.6,-0.2
Dominic Smith,26,MIL,0.550,2nd-G,0,,Mil,dh,,33,32,.125,.152,.219,4,3,0,0,1,4,2,0,12,0,1,0.0,37.5,.094,.158,1.5,-18.1,-4.3,-0.7,0,-1.0,-0.1,-0.4,1.1,-0.4
Donovan Solano,33,TB,1.100,V,2021,,Tam,3b/2b,3.7,1,1,.000,.000,.000,0,0,0,0,0,0,0,0,0,0,0,0.0,0.0,.000,.000,-100.0,-128.2,-0.3,-4.1,0,0.0,0.0,0.0,0.0,0.0
Dylan Carlson,22,ARI,0.550,XXX-G,0,,Ari,lf,84.0,36,33,.182,.250,.333,6,3,2,0,1,1,1,3,11,0,0,8.3,33.3,.151,.238,60.4,57.5,-1.7,2.5,0,-0.4,0.0,-0.2,1.2,-0.1
Dylan Moore,28,CHW,2.420,V,2022,Yes,ChA,2b/ss,16.0,6,4,.000,.333,.000,0,0,0,0,0,1,0,1,1,0,0,16.7,25.0,.000,.000,7.8,41.2,-0.4,2.0,0,0.0,0.0,0.0,0.2,0.0
Eddie Rosario,29,PHI,9.291,5th,0,,Phi,rf,83.0,39,38,.237,.256,.421,9,6,1,0,2,5,5,1,7,1,1,2.6,18.4,.184,.241,85.8,80.5,-0.8,3.5,0,-0.4,0.0,-0.1,1.3,0.0
Eduardo Escobar,32,TEX,3.150,V,2022,Yes,Tex,dh/2b,6.0,7,6,.000,.143,.000,0,0,0,0,0,0,0,1,2,0,0,14.3,33.3,.000,.000,-54.1,-57.7,-1.2,-2.2,0,0.0,0.0,-0.1,0.2,-0.1
Edwin Encarnacion,38,SD,5.750,V,2021,,SD,dh,,2,2,.000,.000,.000,0,0,0,0,0,0,0,0,1,0,0,0.0,50.0,.000,.000,-100.0,-128.2,-0.5,-4.1,0,-0.1,0.0,-0.1,0.1,0.0
Eloy Jimenez,24,TOR,0.715,2nd-G,0,,Tor,lf,90.0,43,40,.200,.256,.375,8,5,1,0,2,3,4,3,10,0,0,7.0,25.0,.175,.214,76.3,74.9,-1.2,3.2,0,-0.5,0.0,-0.1,1.4,0.0
Ender Inciarte,30,SD,6.000,V,2022,Yes,SD,cf,86.0,34,31,.065,.147,.097,2,1,1,0,0,2,2,3,8,1,1,8.8,25.8,.032,.087,-27.0,-40.4,-5.2,-1.5,0,0.1,0.0,-0.5,1.1,-0.4
Eric Hosmer,31,NYY,13.300,V,2023,,NYA,dh,,25,23,.130,.200,.130,3,3,0,0,0,3,0,2,5,0,0,8.0,21.7,.000,.167,-3.9,-11.8,-3.1,-0.5,0,-0.7,-0.1,-0.3,0.8,-0.3
Eric Sogard,35,STL,2.020,V,2021,,StL,2b/ss,24.0,10,9,.333,.400,.444,3,2,1,0,0,3,0,0,2,0,0,0.0,22.2,.111,.429,140.2,146.6,0.5,7.9,0,0.0,0.0,0.1,0.3,0.1
Eric Thames,34,BAL,15.000,V,2021,,Bal,1b,80.0,36,33,.333,.389,.758,11,5,2,0,4,7,9,3,7,1,0,8.3,21.2,.425,.318,208.5,222.4,4.8,11.7,0,-0.7,-0.1,0.5,1.2,0.5
Eugenio Suarez,29,CIN,11.487,CE,2022,,Cin,ss/3b,81.0,35,30,.200,.314,.533,6,1,2,1,2,6,5,5,10,0,0,14.3,33.3,.333,.222,131.2,132.4,1.3,6.2,0,0.3,0.0,0.1,1.2,0.3
Evan Longoria,35,SF,14.000,V,2021,,SF,3b,34.0,16,16,.188,.188,.438,3,1,1,0,1,1,4,0,5,0,0,0.0,31.3,.250,.200,71.2,67.6,-0.6,2.7,0,0.1,0.0,-0.1,0.5,0.0
Fernando Tatis Jr.,22,BAL,1.155,2nd-G,0,,Bal,ss,79.0,43,36,.361,.465,.556,13,10,1,0,2,9,8,5,9,1,2,11.6,25.0,.195,.440,184.8,183.4,3.9,11.1,0,0.4,0.0,0.4,1.4,0.6
Franchy Cordero,26,TB,1.690,V,2021,,Tam,lf/cf/rf,26.7,11,11,.273,.273,.455,3,1,2,0,0,2,2,0,6,0,0,0.0,54.5,.182,.600,102.7,100.7,0.0,4.5,0,-0.1,0.0,0.0,0.4,0.0
Francisco Cervelli,35,MIN,1.250,V,2021,,Min,c,62.0,26,25,.160,.192,.200,4,3,1,0,0,2,1,1,7,1,1,3.8,28.0,.040,.222,11.0,-5.2,-3.0,-0.2,0,0.5,0.1,-0.3,0.9,-0.2
Francisco Lindor,27,ATL,13.187,CE,2022,,Atl,ss,85.7,45,39,.154,.267,.256,6,4,1,0,1,1,5,5,9,2,1,11.1,23.1,.102,.172,49.9,51.0,-2.4,2.2,0,0.4,0.0,-0.2,1.5,0.0
Franklin Barreto,25,MIN,1.502,3rd-G,0,,Min,2b,80.0,36,32,.156,.250,.469,5,1,1,0,3,5,10,3,12,0,0,8.3,37.5,.313,.118,94.6,95.9,-0.2,4.1,0,0.1,0.0,0.0,1.2,0.1
Franmil Reyes,25,LAD,2.138,3rd-G,0,,LAN,dh,,36,33,.242,.306,.606,8,4,0,0,4,6,7,3,7,0,0,8.3,21.2,.364,.182,150.0,155.7,2.2,7.2,0,-1.1,-0.1,0.2,1.2,0.2
Freddie Freeman,31,ATL,36.000,V,2023,,Atl,1b,85.7,43,33,.273,.419,.455,9,6,1,1,1,8,4,8,8,0,1,18.6,24.2,.182,.320,147.9,144.9,2.1,8.4,0,-0.7,-0.1,0.2,1.4,0.3
Freddy Galvis,31,MIN,2.042,V,2022,Yes,Min,ss,80.0,32,32,.156,.156,.188,5,4,1,0,0,4,1,0,10,1,0,0.0,31.3,.032,.227,-3.8,-14.9,-4.0,-0.6,0,0.4,0.0,-0.4,1.1,-0.3
Garrett Cooper,30,MIA,1.201,V,2021,,Mia,rf,80.0,38,34,.265,.342,.353,9,8,0,0,1,4,6,3,11,0,0,7.9,32.4,.088,.364,96.8,99.7,0.0,4.9,0,-0.4,0.0,0.0,1.3,0.1
Garrett Hampson,26,SF,1.109,3rd-G,0,,SF,cf,72.0,30,25,.160,.267,.240,4,3,0,1,0,1,3,4,10,0,0,13.3,40.0,.080,.250,48.9,46.1,-1.8,2.1,0,0.1,0.0,-0.2,1.0,-0.1
Garrett Stubbs,28,BAL,1.600,V,2021,,Bal,c,57.0,22,20,.350,.409,.600,7,4,2,0,1,4,6,1,5,0,0,4.5,25.0,.250,.429,177.3,185.0,2.1,10.1,0,0.5,0.0,0.2,0.7,0.3
Gary Sanchez,28,OAK,4.179,5th,0,,Oak,c,87.0,39,37,.162,.205,.324,6,2,3,0,1,2,2,2,20,0,0,5.1,54.1,.162,.313,45.6,39.6,-2.6,1.6,0,0.8,0.1,-0.3,1.3,-0.1
Gavin Lux,23,CIN,1.018,2nd-G,0,,Cin,2b,81.0,32,30,.233,.281,.533,7,4,0,0,3,5,7,1,10,1,0,3.1,33.3,.300,.235,120.4,128.8,1.0,5.8,0,0.1,0.0,0.1,1.1,0.2
George Springer,31,SEA,23.000,V,2024,Yes,Sea,cf,79.0,39,33,.121,.256,.212,4,3,0,0,1,5,3,6,7,0,1,15.4,21.2,.091,.120,36.7,31.4,-2.9,1.4,0,0.1,0.0,-0.3,1.3,-0.1
Giancarlo Stanton,31,COL,38.000,V,2023,,Col,lf,90.0,45,37,.324,.444,.892,12,3,3,0,6,13,7,8,17,0,0,17.8,45.9,.568,.429,241.9,244.1,7.1,14.2,0,-0.5,0.0,0.7,1.5,0.8
Gio Urshela,29,LAD,0.853,2nd-G,0,,LAN,3b,87.0,41,36,.222,.293,.222,8,8,0,0,0,4,1,4,10,0,0,9.8,27.8,.000,.296,51.7,49.0,-2.3,2.3,0,0.2,0.0,-0.2,1.4,-0.1
Gleyber Torres,24,TB,1.155,2nd-G,0,,Tam,dh,,37,35,.314,.351,.514,11,8,1,0,2,4,8,2,8,0,0,5.4,22.9,.200,.360,143.5,148.7,2.0,7.4,0,-1.1,-0.1,0.2,1.2,0.2
Grayson Greiner,28,LAA,0.930,3rd-G,0,,LAA,c,19.0,3,3,.000,.000,.000,0,0,0,0,0,0,0,0,2,0,0,0.0,66.7,.000,.000,-100.0,-128.2,-0.8,-4.1,0,0.2,0.0,-0.1,0.1,-0.1
Greg Allen,28,HOU,0.715,2nd-G,0,,Hou,rf,8.0,4,3,.333,.500,.333,1,1,0,0,0,0,0,1,1,0,1,25.0,33.3,.000,.500,148.6,89.8,0.0,5.8,0,0.0,0.0,0.0,0.1,0.0
Guillermo Heredia,30,CLE,1.100,V,2021,,Cle,lf/rf,30.7,13,12,.250,.231,.833,3,0,1,0,2,2,5,0,4,0,0,0.0,33.3,.583,.143,179.9,176.0,1.1,8.2,0,-0.2,0.0,0.1,0.4,0.1
Ha-Seong Kim,25,CLE,11.502,V,2024,Yes,Cle,ss,71.7,31,28,.179,.258,.393,5,3,0,0,2,5,3,3,4,0,0,9.7,14.3,.214,.136,81.4,81.7,-0.6,3.5,0,0.4,0.0,-0.1,1.0,0.1
Hanser Alberto,28,SD,2.000,V,2022,,SD,2b,89.0,37,35,.314,.351,.486,11,7,3,0,1,2,5,2,5,0,0,5.4,14.3,.172,.345,137.3,141.0,1.7,7.0,0,0.2,0.0,0.2,1.2,0.3
Harrison Bader,27,TB,0.550,1st-G,0,,Tam,lf,43.3,21,19,.158,.190,.211,3,2,1,0,0,3,3,0,7,0,0,0.0,36.8,.053,.231,15.2,4.0,-2.2,0.2,0,-0.2,0.0,-0.2,0.7,-0.2
Hernan Perez,30,ATL,1.100,V,2021,,Atl,2b,26.0,11,9,.222,.364,.222,2,2,0,0,0,2,0,2,4,0,0,18.2,44.4,.000,.400,73.5,81.1,-0.2,4.1,0,0.0,0.0,0.0,0.4,0.0
Howie Kendrick,37,PHI,8.000,V,2021,,Phi,dh/3b,7.0,39,37,.162,.205,.243,6,3,3,0,0,4,1,1,8,0,0,2.6,21.6,.081,.207,26.0,18.2,-3.5,0.7,0,0.0,0.0,-0.4,1.3,-0.2
Hudson Potts,22,MIN,0.550,XXX-G,0,,Min,dh,,2,2,.000,.000,.000,0,0,0,0,0,1,0,0,2,0,0,0.0,100.0,.000,.000,-100.0,-128.2,-0.5,-4.1,0,-0.1,0.0,-0.1,0.1,0.0
Hunter Dozier,29,DET,1.018,2nd-G,0,,Det,lf,76.0,35,33,.091,.114,.091,3,3,0,0,0,0,3,1,10,0,0,2.9,30.3,.000,.125,-41.0,-59.0,-6.1,-2.2,0,-0.4,0.0,-0.6,1.2,-0.5
Hunter Renfroe,29,SEA,4.061,5th,0,,Sea,rf,78.0,35,32,.313,.371,.688,10,4,3,0,3,5,5,3,12,0,0,8.6,37.5,.375,.412,190.8,198.8,3.8,10.2,0,-0.4,0.0,0.4,1.2,0.5
Ian Happ,26,COL,1.323,3rd-G,0,,Col,1b,91.0,46,41,.244,.326,.585,10,4,1,2,3,7,7,5,15,0,0,10.9,36.6,.341,.304,135.1,135.7,1.8,6.5,0,-0.8,-0.1,0.2,1.5,0.3
Ildemaro Vargas,29,LAD,2.960,V,2021,,LAN,cf,46.0,23,21,.095,.174,.143,2,1,1,0,0,1,1,1,3,0,0,4.3,14.3,.048,.111,-7.2,-14.1,-2.9,-0.5,0,0.1,0.0,-0.3,0.8,-0.2
Isiah Kiner-Falefa,26,MIL,1.100,V,2021,,Mil,c,24.0,8,7,.571,.625,.857,4,2,2,0,0,3,2,1,2,0,0,12.5,28.6,.286,.800,308.0,320.2,1.9,27.5,0,0.2,0.0,0.2,0.3,0.2
J.D. Davis,28,ATL,1.323,3rd-G,0,,Atl,3b,85.7,43,37,.297,.395,.378,11,8,3,0,0,8,4,5,7,1,0,11.6,18.9,.081,.367,121.8,130.5,1.4,7.0,0,0.1,0.0,0.1,1.4,0.3
J.D. Martinez,33,DET,22.500,V,2021,,Det,dh,,34,31,.129,.206,.226,4,3,0,0,1,3,3,3,12,1,0,8.8,38.7,.097,.167,21.3,20.5,-3.0,0.8,0,-1.0,-0.1,-0.3,1.1,-0.3
J.P. Crawford,26,DET,1.108,3rd-G,0,,Det,ss,67.0,24,20,.200,.333,.400,4,2,1,0,1,2,1,4,8,1,0,16.7,40.0,.200,.273,104.6,114.5,0.4,5.5,0,0.3,0.0,0.0,0.8,0.2
J.T. Realmuto,30,DET,10.434,CE,2022,,Det,c,61.0,30,26,.269,.367,.346,7,5,2,0,0,2,2,3,8,2,1,10.0,30.8,.077,.389,102.5,106.6,0.2,5.4,0,0.5,0.1,0.0,1.0,0.2
Jace Peterson,31,WAS,0.715,2nd-G,0,,Was,3b/1b/lf,56.0,30,28,.250,.300,.250,7,7,0,0,0,4,3,2,8,0,0,6.7,28.6,.000,.350,58.8,55.7,-1.5,2.6,0,0.0,0.0,-0.2,1.0,0.0
Jacob Stallings,31,DET,3.333,V,2022,,Det,c,17.0,9,9,.111,.111,.222,1,0,1,0,0,0,0,0,4,0,0,0.0,44.4,.111,.200,-10.5,-27.1,-1.3,-1.0,0,0.1,0.0,-0.1,0.3,-0.1
JaCoby Jones,29,CIN,0.930,3rd-G,0,,Cin,cf/lf,81.0,33,31,.161,.212,.548,5,0,1,1,3,6,4,2,14,1,0,6.1,45.2,.387,.143,101.4,105.2,0.2,4.3,0,-0.1,0.0,0.0,1.1,0.1
Jake Bauers,25,CHC,1.203,3rd-G,0,,ChN,lf,79.0,34,30,.100,.206,.133,3,2,1,0,0,1,0,4,10,0,0,11.8,33.3,.033,.150,-1.0,-5.0,-3.9,-0.2,0,-0.4,0.0,-0.4,1.1,-0.3
Jake Cave,28,PHI,1.500,V,2021,,Phi,lf,51.0,24,22,.182,.250,.182,4,4,0,0,0,1,2,1,6,0,0,4.2,27.3,.000,.250,25.9,22.1,-2.1,0.9,0,-0.3,0.0,-0.2,0.8,-0.2
Jake Cronenworth,27,SEA,0.715,2nd-G,0,,Sea,2b,79.0,35,29,.172,.314,.241,5,3,2,0,0,4,1,6,6,1,0,17.1,20.7,.069,.217,63.0,71.8,-1.1,3.4,0,0.1,0.0,-0.1,1.2,0.0
Jake Marisnick,30,BOS,0.930,3rd-G,0,,Bos,dh/cf,1.0,3,3,.333,.333,.333,1,1,0,0,0,0,0,0,0,0,0,0.0,0.0,.000,.333,87.3,83.7,-0.1,4.0,0,0.0,0.0,0.0,0.1,0.0
Jared Walsh,27,CHC,7.150,V,2023,Yes,ChN,1b,79.0,38,36,.194,.237,.444,7,2,3,0,2,3,4,2,12,0,0,5.3,33.3,.250,.227,83.8,82.0,-0.8,3.5,0,-0.7,-0.1,-0.1,1.3,0.0
Jason Castro,34,LAD,2.278,V,2021,,LAN,c,27.0,12,11,.000,.083,.000,0,0,0,0,0,0,0,1,5,0,0,8.3,45.5,.000,.000,-72.3,-85.6,-2.5,-3.0,0,0.2,0.0,-0.2,0.4,-0.2
Jason Heyward,31,SD,6.750,V,2021,,SD,rf,89.0,38,37,.243,.263,.432,9,6,1,0,2,8,4,1,6,0,0,2.6,16.2,.189,.241,94.7,94.2,-0.2,4.1,0,-0.5,0.0,0.0,1.3,0.1
Jason Kipnis,34,MIL,1.134,V,2021,,Mil,2b,52.0,24,24,.208,.208,.292,5,3,2,0,0,1,2,0,7,1,0,0.0,29.2,.084,.294,37.4,33.1,-1.8,1.3,0,0.1,0.0,-0.2,0.8,-0.1
Javier Baez,28,TOR,10.209,CE,2021,,Tor,ss,88.0,40,37,.162,.225,.297,6,3,2,0,1,5,4,3,10,1,1,7.5,27.0,.135,.192,47.1,39.2,-2.7,1.6,0,0.5,0.0,-0.3,1.3,-0.1
Jay Bruce,34,CLE,1.100,V,2021,,Cle,lf,43.0,18,17,.118,.167,.294,2,1,0,0,1,2,3,1,3,0,0,5.6,17.6,.176,.077,27.0,20.4,-1.6,0.8,0,-0.2,0.0,-0.2,0.6,-0.1
Jean Segura,31,LAA,14.000,V,2022,,LAA,2b,88.0,44,42,.214,.250,.357,9,5,2,2,0,6,2,2,6,0,2,4.5,14.3,.143,.250,71.1,52.1,-2.3,2.2,0,0.2,0.0,-0.2,1.5,-0.1
Jedd Gyorko,32,KC,4.800,V,2021,,KC,1b/3b,19.0,9,9,.556,.556,.889,5,4,0,0,1,3,2,0,2,0,0,0.0,22.2,.333,.667,295.7,323.1,2.2,23.4,0,-0.2,0.0,0.2,0.3,0.2
Jeff McNeil,29,CLE,23.500,V,2024,Yes,Cle,3b/2b,66.0,31,28,.143,.226,.429,4,0,2,0,2,4,8,3,3,1,0,9.7,10.7,.286,.087,79.4,83.2,-0.6,3.5,0,0.1,0.0,-0.1,1.0,0.1
Jeimer Candelario,27,MIL,2.621,5th,0,,Mil,3b,80.0,38,32,.094,.237,.250,3,0,2,0,1,3,7,5,7,0,0,13.2,21.9,.156,.083,36.7,37.9,-2.6,1.6,0,0.1,0.0,-0.3,1.3,-0.1
Jesse Winker,27,TEX,13.370,CE,2022,Yes,Tex,rf,80.0,40,34,.176,.300,.294,6,4,1,0,1,3,4,6,9,0,0,15.0,26.5,.118,.208,66.1,68.2,-1.4,3.1,0,-0.4,0.0,-0.1,1.3,0.0
Jesus Aguilar,31,WAS,1.721,4th,0,,Was,1b,76.0,37,29,.276,.432,.621,8,4,1,0,3,9,8,8,10,0,0,21.6,34.5,.345,.313,191.8,196.6,3.9,11.2,0,-0.7,-0.1,0.4,1.2,0.4
Ji-Man Choi,30,CLE,6.102,V,2022,Yes,Cle,dh,,21,18,.278,.381,.500,5,3,1,0,1,2,2,2,7,0,1,9.5,38.9,.222,.400,148.2,140.7,0.9,7.3,0,-0.6,-0.1,0.1,0.7,0.1
Joc Pederson,29,ARI,11.783,6th,0,,Ari,rf,85.0,39,37,.216,.256,.541,8,3,1,1,3,6,7,2,9,0,0,5.1,24.3,.325,.200,111.9,112.6,0.5,4.9,0,-0.4,0.0,0.1,1.3,0.1
Joe Panik,30,BOS,2.250,V,2022,Yes,Bos,2b/dh,8.3,5,4,.000,.200,.000,0,0,0,0,0,1,0,1,2,0,0,20.0,50.0,.000,.000,-35.3,-28.8,-0.7,-1.2,0,0.0,0.0,-0.1,0.2,-0.1
Joey Bart,24,BAL,0.550,1st-G,0,,Bal,c,25.0,13,12,.083,.154,.083,1,1,0,0,0,1,1,1,5,0,0,7.7,41.7,.000,.143,-29.9,-40.5,-2.0,-1.5,0,0.2,0.0,-0.2,0.4,-0.1
Joey Gallo,27,CHC,6.299,4th,0,,ChN,rf,79.0,40,34,.235,.350,.412,8,6,0,0,2,3,3,5,15,0,0,12.5,44.1,.177,.353,112.8,117.8,0.8,5.8,0,-0.4,0.0,0.1,1.3,0.2
Joey Votto,37,BOS,3.150,V,2022,Yes,Bos,1b,81.0,32,30,.233,.281,.467,7,2,4,0,1,3,2,2,8,0,0,6.3,26.7,.234,.286,102.3,101.8,0.1,4.6,0,-0.7,-0.1,0.0,1.1,0.0
Joey Wendle,31,TOR,2.250,V,2021,,Tor,2b,87.0,39,32,.313,.436,.531,10,5,4,0,1,7,5,4,6,3,0,10.3,18.8,.218,.360,174.0,193.3,4.0,11.0,0,0.2,0.0,0.4,1.3,0.5
Johan Camargo,27,MIL,0.930,3rd-G,0,,Mil,2b,30.0,16,14,.357,.438,1.071,5,1,1,0,3,6,5,2,3,0,0,12.5,21.4,.714,.250,298.4,309.0,3.7,17.7,0,0.1,0.0,0.4,0.5,0.4
John Nogowski,28,MIN,2.042,V,2022,Yes,Min,1b,80.0,40,38,.342,.375,.474,13,9,3,1,0,3,1,2,9,0,0,5.0,23.7,.132,.448,136.6,138.7,1.7,7.2,0,-0.7,-0.1,0.2,1.3,0.2
Jonathan Lucroy,35,SF,1.700,V,2022,Yes,SF,c,33.0,18,16,.125,.222,.188,2,1,1,0,0,0,0,2,4,0,0,11.1,25.0,.063,.167,21.0,17.8,-1.6,0.7,0,0.3,0.0,-0.2,0.6,-0.1
Jonathan Schoop,29,TEX,6.570,V,2023,Yes,Tex,dh,,29,28,.179,.207,.464,5,1,2,0,2,3,4,0,7,0,0,0.0,25.0,.285,.158,76.5,74.7,-0.8,3.0,0,-0.8,-0.1,-0.1,1.0,-0.1
Jonathan Villar,30,SD,3.000,V,2022,Yes,SD,dh/ss,1.0,1,1,.000,.000,.000,0,0,0,0,0,0,0,0,0,0,0,0.0,0.0,.000,.000,-100.0,-128.2,-0.3,-4.1,0,0.0,0.0,0.0,0.0,0.0
Jordan Luplow,27,TOR,6.000,V,2021,,Tor,cf,48.0,23,18,.222,.348,.444,4,2,1,0,1,2,3,4,7,0,0,17.4,38.9,.222,.273,123.7,122.9,0.6,6.5,0,0.1,0.0,0.1,0.8,0.1
Jordan Patterson,29,NYY,0.650,2nd-G,0,,NYA,dh,,1,1,.000,.000,.000,0,0,0,0,0,0,0,0,0,0,0,0.0,0.0,.000,.000,-100.0,-128.2,-0.3,-4.1,0,0.0,0.0,0.0,0.0,0.0
Jorge Alfaro,28,NYM,0.845,3rd-G,0,,NYN,c,14.0,6,6,.000,.000,.000,0,0,0,0,0,0,1,0,3,0,0,0.0,50.0,.000,.000,-100.0,-128.2,-1.5,-4.1,0,0.1,0.0,-0.2,0.2,-0.1
Jorge Mateo,26,CHC,0.715,2nd-G,0,,ChN,2b,79.0,32,31,.161,.188,.258,5,4,0,0,1,1,2,1,16,0,0,3.1,51.6,.097,.286,23.0,14.0,-3.0,0.6,0,0.1,0.0,-0.3,1.1,-0.2
Jorge Polanco,27,HOU,1.322,3rd-G,0,,Hou,2b/3b,52.0,29,24,.292,.357,.458,7,5,1,0,1,5,4,3,2,0,0,10.3,8.3,.166,.261,127.6,122.4,0.7,6.7,0,0.1,0.0,0.1,1.0,0.2
Jorge Soler,29,OAK,14.000,V,2024,Yes,Oak,dh,,41,37,.378,.439,.757,14,8,2,0,4,6,9,3,12,0,0,7.3,32.4,.379,.476,226.8,238.1,6.2,13.7,0,-1.2,-0.1,0.6,1.4,0.6
Jose Abreu,34,SEA,22.500,V,2021,,Sea,dh,,39,34,.412,.487,.676,14,8,4,1,1,7,4,5,10,0,1,12.8,29.4,.264,.565,226.5,226.7,5.4,14.2,0,-1.1,-0.1,0.5,1.3,0.6
Jose Altuve,31,ARI,27.000,V,2023,,Ari,2b,85.0,43,37,.351,.442,.622,13,8,2,1,2,6,6,6,3,0,0,14.0,8.1,.271,.344,191.2,196.9,4.6,11.4,0,0.1,0.0,0.5,1.4,0.6
Jose Iglesias,31,HOU,7.000,V,2023,Yes,Hou,ss,69.0,36,33,.455,.472,.758,15,8,5,1,1,6,5,2,4,1,0,5.6,12.1,.303,.483,243.6,254.4,6.1,16.4,0,0.4,0.0,0.6,1.2,0.8
Jose Peraza,27,SF,0.845,3rd-G,0,,SF,ss,41.0,18,17,.235,.278,.353,4,2,2,0,0,1,1,0,3,0,0,0.0,17.6,.118,.286,80.6,79.2,-0.4,3.5,0,0.2,0.0,0.0,0.6,0.0
Jose Ramirez,28,CHW,32.500,V,2024,Yes,ChA,2b,62.7,33,31,.258,.303,.355,8,5,3,0,0,4,1,2,7,2,0,6.1,22.6,.097,.333,82.7,89.1,-0.4,4.1,0,0.1,0.0,0.0,1.1,0.1
Jose Rondon,27,LAD,0.550,XXX-G,0,,LAN,ss/dh,8.0,6,6,.500,.500,.667,3,2,1,0,0,0,0,0,1,0,0,0.0,16.7,.167,.600,229.4,244.1,1.0,15.7,0,0.0,0.0,0.1,0.2,0.1
Josh Bell,28,MIA,14.123,6th,0,,Mia,1b,80.0,37,33,.152,.243,.364,5,2,1,0,2,5,6,4,17,0,0,10.8,51.5,.212,.214,67.1,66.2,-1.4,2.8,0,-0.7,-0.1,-0.1,1.2,-0.1
Josh Donaldson,35,COL,13.063,V,2022,Yes,Col,3b,90.0,45,40,.200,.267,.450,8,4,1,0,3,8,8,4,11,0,0,8.9,27.5,.250,.185,85.7,82.2,-0.9,3.7,0,0.2,0.0,-0.1,1.5,0.1
Josh Fuentes,28,HOU,2.400,V,2023,,Hou,3b,76.0,31,29,.345,.387,.586,10,6,2,1,1,9,3,2,5,0,0,6.5,17.2,.241,.391,173.1,179.0,2.7,9.4,0,0.1,0.0,0.3,1.0,0.4
Josh Naylor,24,TOR,0.715,2nd-G,0,,Tor,dh,,48,41,.366,.438,.561,15,11,2,0,2,6,11,6,8,0,0,12.5,19.5,.195,.406,181.8,186.1,4.5,11.1,0,-1.4,-0.1,0.5,1.6,0.5
Josh Rojas,27,LAD,0.715,2nd-G,0,,LAN,dh/ss/rf,10.0,10,9,.444,.500,1.000,4,2,0,1,1,2,1,1,3,0,0,10.0,33.3,.556,.600,311.1,322.9,2.5,20.8,0,0.0,0.0,0.2,0.3,0.3
Juan Soto,22,ATL,2.426,3rd-G,0,,Atl,cf,85.7,44,33,.212,.386,.636,7,1,2,0,4,8,6,8,9,4,0,18.2,27.3,.424,.143,181.4,194.1,4.6,10.6,0,0.1,0.0,0.5,1.5,0.6
Jurickson Profar,28,MIL,7.000,V,2024,Yes,Mil,rf,74.0,38,35,.229,.289,.371,8,5,2,0,1,5,3,2,8,1,0,5.3,22.9,.142,.269,82.8,86.3,-0.6,3.9,0,-0.4,0.0,-0.1,1.3,0.0
Justin Turner,36,SD,13.000,V,2021,,SD,3b,89.0,43,38,.263,.349,.395,10,7,2,0,1,6,4,5,13,0,0,11.6,34.2,.132,.375,114.0,117.6,0.8,5.8,0,0.2,0.0,0.1,1.4,0.2
Justin Upton,33,PIT,18.500,V,2021,,Pit,dh/lf,8.0,38,34,.353,.421,.706,12,6,3,0,3,9,6,3,9,0,0,7.9,26.5,.353,.409,211.8,221.2,5.1,12.3,0,0.0,0.0,0.5,1.3,0.6
Ke'Bryan Hayes,24,NYM,0.550,XXX-G,0,,NYN,3b,79.0,40,34,.353,.450,.559,12,7,4,0,1,6,4,5,5,1,0,12.5,14.7,.206,.393,187.4,198.8,4.3,11.6,0,0.1,0.0,0.4,1.3,0.6
Keibert Ruiz,22,CIN,0.930,3rd-G,0,,Cin,c/dh,7.0,5,5,.200,.200,.200,1,1,0,0,0,0,0,0,3,0,0,0.0,60.0,.000,.500,13.5,0.2,-0.6,0.0,0,0.1,0.0,-0.1,0.2,0.0
Ketel Marte,27,NYY,12.130,CE,2023,Yes,NYA,cf/ss,79.0,37,34,.294,.351,.412,10,8,1,0,1,2,5,2,5,0,0,5.4,14.7,.118,.321,112.6,115.3,0.6,5.7,0,0.2,0.0,0.1,1.2,0.2
Kevin Cron,28,HOU,2.400,V,2023,,Hou,1b,77.0,39,36,.361,.410,.806,13,7,1,0,5,7,10,2,10,1,0,5.1,27.8,.445,.381,234.8,252.5,6.5,13.8,0,-0.7,-0.1,0.7,1.3,0.7
Kevin Kiermaier,31,TB,11.018,CE,2021,,Tam,cf,78.3,33,30,.167,.242,.333,5,3,0,1,1,4,4,3,6,0,0,9.1,20.0,.166,.174,62.8,59.9,-1.5,2.5,0,0.1,0.0,-0.2,1.1,0.0
Kevin Kramer,27,STL,0.550,XXX-G,0,,StL,2b/ss,7.7,3,3,.000,.000,.000,0,0,0,0,0,0,0,0,2,0,0,0.0,66.7,.000,.000,-100.0,-128.2,-0.8,-4.1,0,0.0,0.0,-0.1,0.1,-0.1
Kevin Newman,27,COL,0.930,3rd-G,0,,Col,ss/lf,8.0,3,3,.667,.667,.667,2,2,0,0,0,1,1,0,0,1,0,0.0,0.0,.000,.667,259.3,324.1,0.7,31.3,0,0.0,0.0,0.1,0.1,0.1
Kevin Plawecki,30,COL,2.623,5th,0,,Col,c,91.0,39,32,.188,.282,.563,6,1,1,1,3,5,10,3,8,0,1,7.7,25.0,.375,.130,116.2,102.1,0.1,4.9,0,0.8,0.1,0.0,1.3,0.2
Khris Davis,33,SD,2.000,V,2022,Yes,SD,dh,,40,39,.179,.200,.410,7,4,0,0,3,4,10,0,11,0,0,0.0,28.2,.231,.160,68.1,65.7,-1.5,2.6,0,-1.2,-0.1,-0.2,1.3,-0.1
Kike Hernandez,29,BOS,5.250,V,2023,Yes,Bos,dh,,39,36,.194,.256,.278,7,4,3,0,0,2,1,2,7,1,0,5.1,19.4,.084,.241,49.2,49.0,-2.2,2.1,0,-1.1,-0.1,-0.2,1.3,-0.2
Kole Calhoun,33,BOS,6.250,V,2021,,Bos,rf/dh,53.0,37,36,.139,.162,.306,5,3,0,0,2,4,4,1,13,0,0,2.7,36.1,.167,.143,25.3,16.8,-3.4,0.6,0,-0.3,0.0,-0.3,1.2,-0.2
Kolten Wong,30,OAK,11.500,V,2021,,Oak,cf/lf,87.0,42,37,.216,.310,.324,8,6,1,0,1,5,3,3,10,2,0,7.1,27.0,.108,.269,79.9,89.3,-0.5,4.2,0,0.1,0.0,-0.1,1.4,0.1
Kris Bryant,29,BAL,15.153,CE,2022,,Bal,lf,82.0,38,32,.219,.316,.438,7,2,4,0,1,4,6,4,9,1,0,10.5,28.1,.219,.261,107.9,110.6,0.4,5.4,0,-0.4,0.0,0.0,1.3,0.1
Kurt Suzuki,37,STL,3.003,V,2021,,StL,c,79.7,37,34,.176,.243,.206,6,5,1,0,0,2,0,3,11,0,0,8.1,32.4,.030,.261,30.4,25.5,-3.0,1.1,0,0.7,0.1,-0.3,1.2,-0.1
Kyle Lewis,25,BOS,0.550,XXX-G,0,,Bos,lf,82.3,40,35,.143,.250,.343,5,2,1,0,2,2,4,5,22,0,0,12.5,62.9,.200,.273,62.7,62.3,-1.7,2.7,0,-0.4,0.0,-0.2,1.3,-0.1
Kyle Schwarber,28,PIT,9.015,6th,0,,Pit,lf,56.0,31,24,.250,.419,.750,6,2,0,0,4,6,9,6,7,0,1,19.4,29.2,.500,.154,222.0,215.3,3.9,12.0,0,-0.3,0.0,0.4,1.0,0.5
Kyle Seager,33,PHI,12.750,V,2021,,Phi,3b,74.0,32,31,.323,.344,.387,10,8,2,0,0,1,3,1,10,1,0,3.1,32.3,.064,.476,106.2,110.4,0.4,5.4,0,0.1,0.0,0.0,1.1,0.2
Kyle Tucker,24,LAA,1.502,3rd-G,0,,LAA,rf,88.0,38,36,.306,.342,.583,11,6,2,1,2,5,9,1,7,0,0,2.6,19.4,.277,.333,157.4,163.1,2.6,8.0,0,-0.5,0.0,0.3,1.3,0.3
Leury Garcia,30,DET,3.210,V,2022,,Det,ss/2b/cf,12.0,7,7,.429,.429,.571,3,2,1,0,0,0,2,0,1,0,0,0.0,14.3,.142,.500,176.7,184.6,0.7,10.4,0,0.1,0.0,0.1,0.2,0.1
Logan Morrison,33,NYM,2.000,V,2021,,NYN,dh,,27,24,.292,.370,.708,7,2,2,1,2,3,8,3,4,0,0,11.1,16.7,.416,.278,197.6,202.9,3.1,10.4,0,-0.8,-0.1,0.3,0.9,0.3
Lorenzo Cain,35,KC,28.000,V,2021,,KC,cf,69.0,36,36,.167,.167,.167,6,6,0,0,0,2,2,0,7,0,1,0.0,19.4,.000,.207,-5.4,-29.2,-5.1,-1.1,0,0.1,0.0,-0.5,1.2,-0.4
Lourdes Gurriel Jr.,27,PIT,0.853,2nd-G,0,,Pit,2b/3b,76.0,38,35,.229,.211,.429,8,5,1,0,2,6,8,0,8,0,0,0.0,22.9,.200,.214,74.3,61.5,-1.6,2.8,0,0.1,0.0,-0.2,1.3,0.0
Lucas Erceg,26,CHC,0.550,XXX-G,0,,ChN,3b,79.0,30,26,.192,.300,.269,5,3,2,0,0,2,1,4,11,0,0,13.3,42.3,.077,.333,62.3,63.1,-1.2,2.9,0,0.1,0.0,-0.1,1.0,0.0
Luis Alexander Basabe,24,OAK,0.550,XXX-G,0,,Oak,dh/lf/cf,14.0,26,21,.095,.269,.095,2,2,0,0,0,1,0,5,9,0,3,19.2,42.9,.000,.167,11.3,-15.3,-3.3,-0.7,0,0.0,0.0,-0.3,0.9,-0.2
Luis Arraez,24,TB,0.550,1st-G,0,,Tam,2b,80.3,37,35,.343,.351,.371,12,11,1,0,0,4,4,1,3,0,0,2.7,8.6,.028,.364,108.4,105.6,0.2,5.5,0,0.1,0.0,0.0,1.2,0.2
Luis Guillorme,26,ARI,2.050,V,2023,Yes,Ari,dh,,5,4,.250,.400,.250,1,1,0,0,0,0,0,1,1,0,0,20.0,25.0,.000,.333,89.0,98.3,0.0,5.3,0,-0.1,0.0,0.0,0.2,0.0
Luis Robert,23,COL,0.550,1st-G,0,,Col,cf,91.0,41,40,.375,.390,.775,15,7,3,2,3,11,16,1,14,3,1,2.4,35.0,.400,.522,198.3,211.7,5.0,11.2,0,0.2,0.0,0.5,1.4,0.7
Luis Urias,24,LAA,0.715,2nd-G,0,,LAA,3b,88.0,34,29,.172,.294,.172,5,5,0,0,0,2,0,4,4,1,1,11.8,13.8,.000,.200,40.4,39.8,-2.3,1.8,0,0.2,0.0,-0.2,1.1,-0.1
Luke Voit,30,SD,2.750,V,2022,,SD,1b,89.0,40,33,.273,.400,.606,9,4,2,0,3,6,8,6,7,0,0,15.0,21.2,.333,.261,183.3,189.5,3.9,10.2,0,-0.8,-0.1,0.4,1.3,0.4
Mac Williamson,30,PHI,0.715,2nd-G,0,,Phi,lf,35.0,16,16,.250,.250,.438,4,3,0,0,1,1,2,0,6,1,0,0.0,37.5,.188,.333,87.7,95.4,-0.1,4.1,0,-0.2,0.0,0.0,0.5,0.0
Maikel Franco,28,ATL,1.900,V,2023,Yes,Atl,dh,,2,2,.000,.000,.000,0,0,0,0,0,0,0,0,1,0,0,0.0,50.0,.000,.000,-100.0,-128.2,-0.5,-4.1,0,-0.1,0.0,-0.1,0.1,0.0
Manny Machado,28,SEA,33.000,V,2026,,Sea,3b,79.0,39,35,.286,.333,.686,10,4,2,0,4,10,9,2,3,0,1,5.1,8.6,.400,.207,177.8,173.5,3.2,8.7,0,0.1,0.0,0.3,1.3,0.5
Manny Pina,34,HOU,2.800,V,2021,,Hou,c,18.0,6,6,.000,.000,.000,0,0,0,0,0,0,0,0,2,0,0,0.0,33.3,.000,.000,-100.0,-128.2,-1.5,-4.1,0,0.2,0.0,-0.2,0.2,-0.1
Manuel Margot,26,DET,2.798,4th,0,,Det,cf,76.0,33,28,.071,.212,.071,2,2,0,0,0,1,0,5,12,2,1,15.2,42.9,.000,.125,-13.8,-13.6,-4.1,-0.6,0,0.1,0.0,-0.4,1.1,-0.3
Marcell Ozuna,30,SD,27.000,V,2024,Yes,SD,lf,89.0,42,35,.200,.333,.229,7,6,1,0,0,5,5,7,10,0,0,16.7,28.6,.029,.280,67.9,73.6,-1.2,3.6,0,-0.5,0.0,-0.1,1.4,0.0
Marcus Semien,30,BOS,14.500,V,2024,,Bos,ss,82.3,39,34,.206,.308,.353,7,5,0,1,1,3,4,5,8,0,0,12.8,23.5,.147,.240,83.7,84.3,-0.7,3.9,0,0.4,0.0,-0.1,1.3,0.1
Mark Canha,32,CLE,10.602,V,2022,Yes,Cle,1b/dh,40.0,34,29,.310,.382,.621,9,5,1,1,2,4,4,3,5,0,0,8.8,17.2,.311,.304,178.1,178.8,2.9,9.8,0,-0.3,0.0,0.3,1.1,0.4
Mark Payton,29,LAA,1.250,V,2021,,LAA,dh,,1,1,.000,.000,.000,0,0,0,0,0,0,0,0,0,0,0,0.0,0.0,.000,.000,-100.0,-128.2,-0.3,-4.1,0,0.0,0.0,0.0,0.0,0.0
Martin Maldonado,34,SD,2.750,V,2022,Yes,SD,c,15.0,4,4,.000,.000,.000,0,0,0,0,0,0,0,0,2,0,0,0.0,50.0,.000,.000,-100.0,-128.2,-1.0,-4.1,0,0.1,0.0,-0.1,0.1,-0.1
Marwin Gonzalez,32,DET,15.000,V,2021,,Det,dh/3b/ss/lf/2b,7.0,9,9,.333,.333,.333,3,3,0,0,0,0,0,0,2,0,0,0.0,22.2,.000,.429,88.6,85.1,-0.2,4.1,0,0.0,0.0,0.0,0.3,0.0
Matt Beaty,28,TEX,1.690,V,2021,,Tex,dh/lf/2b/1b,4.0,6,6,.167,.167,.333,1,0,1,0,0,0,0,0,0,0,0,0.0,0.0,.166,.167,32.6,21.5,-0.5,0.8,0,0.0,0.0,-0.1,0.2,0.0
Matt Carpenter,35,BOS,7.750,V,2021,,Bos,3b,74.0,31,25,.320,.452,.560,8,4,3,0,1,5,3,6,7,0,0,19.4,28.0,.240,.412,179.7,185.2,2.9,10.9,0,0.1,0.0,0.3,1.0,0.4
Matt Chapman,28,NYY,1.883,3rd-G,0,,NYA,3b,79.0,35,35,.114,.114,.343,4,0,2,0,2,3,2,0,13,0,0,0.0,37.1,.229,.100,19.1,8.5,-3.5,0.3,0,0.1,0.0,-0.4,1.2,-0.2
Matt Joyce,36,KC,2.150,V,2021,,KC,dh/lf,4.0,4,2,.000,.500,.000,0,0,0,0,0,0,0,2,0,0,0,50.0,0.0,.000,.000,63.3,122.7,0.1,7.9,0,0.0,0.0,0.0,0.1,0.0
Matt Olson,27,SF,6.067,4th,0,,SF,1b,76.0,37,31,.194,.324,.323,6,4,1,0,1,2,2,6,10,1,0,16.2,32.3,.129,.250,88.7,97.6,-0.1,4.7,0,-0.7,-0.1,0.0,1.2,0.0
Matt Reynolds,30,TOR,1.600,V,2022,Yes,Tor,cf/rf/ss/2b,47.0,19,16,.125,.263,.188,2,1,1,0,0,1,0,3,8,0,0,15.8,50.0,.063,.250,32.9,35.0,-1.4,1.5,0,0.1,0.0,-0.1,0.6,-0.1
Mauricio Dubon,26,WAS,0.650,2nd-G,0,,Was,2b/3b,28.0,11,11,.455,.455,.455,5,5,0,0,0,2,3,0,2,1,0,0.0,18.2,.000,.556,158.9,177.8,0.9,10.5,0,0.0,0.0,0.1,0.4,0.1
Max Kepler,28,CHW,5.325,4th,0,,ChA,rf,67.7,32,28,.071,.188,.214,2,0,1,0,1,3,2,4,11,0,0,12.5,39.3,.143,.063,11.8,8.4,-3.2,0.3,0,-0.4,0.0,-0.3,1.1,-0.2
Max Muncy,30,KC,17.000,V,2022,,KC,2b/rf,69.0,31,25,.160,.323,.200,4,3,1,0,0,2,2,6,10,0,0,19.4,40.0,.040,.267,53.6,60.5,-1.3,2.9,0,0.0,0.0,-0.1,1.0,0.0
Max Stassi,30,CHW,1.755,V,2022,Yes,ChA,c,53.0,20,18,.056,.100,.056,1,1,0,0,0,0,2,1,7,0,0,5.0,38.9,.000,.083,-54.4,-71.5,-3.8,-2.7,0,0.5,0.0,-0.4,0.7,-0.3
Michael A. Taylor,30,OAK,1.700,4th,0,,Oak,dh,,1,1,.000,.000,.000,0,0,0,0,0,0,0,0,0,0,0,0.0,0.0,.000,.000,-100.0,-128.2,-0.3,-4.1,0,0.0,0.0,0.0,0.0,0.0
Michael Brantley,34,COL,16.776,V,2022,Yes,Col,dh,,45,41,.171,.244,.268,7,4,2,1,0,4,4,4,11,1,0,8.9,26.8,.097,.233,37.2,34.3,-3.2,1.5,0,-1.3,-0.1,-0.3,1.5,-0.3
Michael Conforto,28,CHW,21.131,CE,2022,Yes,ChA,dh/cf,2.0,35,28,.286,.429,.500,8,4,3,0,1,2,5,6,12,1,0,17.1,42.9,.214,.467,157.9,168.3,2.6,9.5,0,0.0,0.0,0.3,1.2,0.4
Michael Perez,28,STL,1.800,V,2021,,StL,dh,,1,1,.000,.000,.000,0,0,0,0,0,0,0,0,1,0,0,0.0,100.0,.000,.000,-100.0,-128.2,-0.3,-4.1,0,0.0,0.0,0.0,0.0,0.0
Miguel Andujar,26,TEX,1.578,3rd-G,0,,Tex,dh,,2,2,.500,.500,1.000,1,0,1,0,0,0,0,0,1,0,0,0.0,50.0,.500,1.000,297.7,320.7,0.5,20.7,0,-0.1,0.0,0.1,0.1,0.1
Miguel Rojas,32,NYY,4.000,V,2021,,NYA,ss/2b,79.0,31,28,.179,.258,.214,5,4,1,0,0,3,1,3,3,0,0,9.7,10.7,.035,.200,35.0,31.6,-2.3,1.4,0,0.4,0.0,-0.2,1.0,-0.1
Miguel Sano,28,CHW,11.473,CE,2022,,ChA,3b,84.7,42,37,.135,.238,.324,5,2,1,0,2,5,4,3,17,0,0,7.1,45.9,.189,.167,54.4,54.3,-2.1,2.3,0,0.1,0.0,-0.2,1.4,-0.1
Mike Brosseau,27,TEX,9.570,V,2024,Yes,Tex,3b,80.0,36,32,.344,.417,.469,11,9,1,0,1,4,4,2,11,3,1,5.6,34.4,.125,.500,145.0,155.5,2.2,8.6,0,0.1,0.0,0.2,1.2,0.4
Mike Ford,28,MIL,1.624,V,2022,Yes,Mil,1b,22.0,13,12,.083,.154,.333,1,0,0,0,1,1,1,1,2,0,0,7.7,16.7,.250,.000,29.7,24.4,-1.1,0.9,0,-0.2,0.0,-0.1,0.4,-0.1
Mike Gerber,28,MIN,1.250,V,2021,,Min,dh,,33,32,.188,.212,.375,6,2,3,0,1,3,1,1,5,0,1,3.0,15.6,.187,.192,59.6,45.4,-2.0,1.9,0,-1.0,-0.1,-0.2,1.1,-0.2
Mike Moustakas,32,DET,18.976,V,2022,,Det,3b,76.0,34,30,.333,.412,.467,10,8,1,0,1,1,4,4,8,1,0,11.8,26.7,.134,.429,146.1,156.0,2.1,8.5,0,0.1,0.0,0.2,1.1,0.3
Mike Tauchman,30,MIA,8.750,V,2023,Yes,Mia,lf,81.0,40,37,.243,.275,.432,9,5,2,1,1,8,6,2,6,1,0,5.0,16.2,.189,.258,94.0,92.7,-0.3,4.3,0,-0.4,0.0,0.0,1.3,0.1
Mike Trout,29,MIA,55.000,V,2025,,Mia,cf,80.0,40,36,.361,.425,.639,13,7,4,0,2,6,6,4,12,1,0,10.0,33.3,.278,.500,192.8,204.0,4.6,11.4,0,0.1,0.0,0.5,1.3,0.6
Mike Yastrzemski,30,MIN,5.042,V,2023,,Min,lf/rf,80.0,37,30,.367,.486,.967,11,5,0,0,6,10,11,7,5,3,2,18.9,16.7,.600,.263,291.8,292.0,7.8,18.3,0,-0.4,0.0,0.8,1.2,0.9
Mikie Mahtook,31,CIN,0.845,3rd-G,0,,Cin,dh,,2,2,.000,.000,.000,0,0,0,0,0,0,0,0,1,0,0,0.0,50.0,.000,.000,-100.0,-128.2,-0.5,-4.1,0,-0.1,0.0,-0.1,0.1,0.0
Mitch Garver,30,SEA,5.250,V,2023,Yes,Sea,c,70.0,29,22,.091,.310,.273,2,0,1,0,1,5,4,5,9,0,0,17.2,40.9,.182,.083,69.3,80.3,-0.6,3.8,0,0.6,0.1,-0.1,1.0,0.1
Mitch Haniger,30,COL,11.500,V,2022,Yes,Col,rf,91.0,44,38,.316,.409,.526,12,7,3,1,1,10,6,5,14,2,1,11.4,36.8,.210,.478,147.3,150.6,2.4,8.2,0,-0.5,0.0,0.2,1.5,0.3
Mookie Betts,28,WAS,44.000,V,2026,Yes,Was,rf,78.0,39,35,.429,.487,.714,15,9,4,0,2,8,9,4,3,1,2,10.3,8.6,.285,.433,232.3,231.7,5.6,14.6,0,-0.4,0.0,0.6,1.3,0.7
Nate Lowe,25,PIT,1.155,2nd-G,0,,Pit,1b,65.0,32,29,.310,.375,.448,9,7,1,0,1,4,6,3,7,0,0,9.4,24.1,.138,.381,133.6,138.0,1.3,7.1,0,-0.6,-0.1,0.1,1.1,0.2
Nate Orf,31,PHI,1.700,4th,0,,Phi,2b,58.0,24,21,.190,.292,.190,4,4,0,0,0,3,1,2,6,0,0,8.3,28.6,.000,.267,41.6,43.0,-1.5,2.0,0,0.1,0.0,-0.2,0.8,-0.1
Nelson Cruz,40,STL,11.000,V,2022,Yes,StL,rf/dh,46.7,40,35,.371,.450,.486,13,11,1,0,1,3,9,5,12,0,0,12.5,34.3,.115,.545,166.7,174.3,3.3,10.2,0,-0.2,0.0,0.3,1.3,0.4
Nick Ahmed,31,STL,9.000,V,2022,,StL,ss,78.0,32,28,.143,.250,.214,4,2,2,0,0,4,0,4,9,0,0,12.5,32.1,.071,.211,34.6,33.3,-2.3,1.4,0,0.4,0.0,-0.2,1.1,-0.1
Nick Allen,22,PIT,0.550,XXX-G,0,,Pit,ss/2b,19.0,4,3,.000,.000,.000,0,0,0,0,0,0,0,0,3,0,0,0.0,100.0,.000,.000,-100.0,-128.2,-1.0,-5.5,0,0.1,0.0,-0.1,0.1,-0.1
Nick Banks,26,CHC,0.550,XXX-G,0,,ChN,dh,,1,1,1.000,1.000,3.000,1,0,0,1,0,0,0,0,0,0,0,0.0,0.0,2.000,1.000,945.9,"1,024.6",1.0,0.0,0,0.0,0.0,0.1,0.0,0.1
Nick Castellanos,29,OAK,7.500,V,2023,Yes,Oak,rf,87.0,41,40,.150,.146,.325,6,1,4,0,1,3,2,0,15,0,0,0.0,37.5,.175,.200,26.5,13.5,-3.9,0.5,0,-0.5,0.0,-0.4,1.4,-0.3
Nick Ciuffo,26,ATL,0.550,XXX-G,0,,Atl,c,7.0,3,3,.000,.000,.000,0,0,0,0,0,0,0,0,1,0,0,0.0,33.3,.000,.000,-100.0,-128.2,-0.8,-4.1,0,0.1,0.0,-0.1,0.1,-0.1
Nick Gordon,25,HOU,0.550,XXX-G,0,,Hou,2b,26.0,12,12,.250,.250,.417,3,1,2,0,0,1,1,0,2,0,1,0.0,16.7,.167,.300,85.8,57.1,-0.6,2.5,0,0.0,0.0,-0.1,0.4,0.0
Nick Madrigal,24,COL,0.550,XXX-G,0,,Col,2b,88.0,35,33,.303,.314,.394,10,7,3,0,0,5,6,1,0,2,1,2.9,0.0,.091,.294,87.6,81.7,-0.7,4.0,0,0.2,0.0,-0.1,1.2,0.1
Nick Solak,26,COL,0.715,2nd-G,0,,Col,2b/3b/dh,4.0,3,3,.333,.333,1.333,1,0,0,0,1,1,2,0,0,0,0,0.0,0.0,1.000,.000,308.4,344.8,0.8,16.7,0,0.0,0.0,0.1,0.1,0.1
Nico Hoerner,24,COL,0.853,2nd-G,0,,Col,ss,84.0,33,30,.400,.455,.600,12,8,3,0,1,7,4,2,2,1,0,6.1,6.7,.200,.407,178.2,189.5,3.2,11.2,0,0.4,0.0,0.3,1.1,0.5
Nolan Arenado,30,TOR,25.000,V,2024,Yes,Tor,3b,90.0,42,38,.289,.357,.553,11,7,1,0,3,7,6,3,9,0,0,7.1,23.7,.264,.308,153.2,159.4,2.7,8.0,0,0.2,0.0,0.3,1.4,0.4
Nomar Mazara,26,HOU,4.777,5th,0,,Hou,rf,69.0,32,28,.393,.438,.750,11,6,2,1,2,8,4,3,5,0,0,9.4,17.9,.357,.409,230.2,233.0,4.7,14.1,0,-0.4,0.0,0.5,1.1,0.5
Odubel Herrera,29,WAS,1.900,V,2023,Yes,Was,cf,54.0,24,22,.273,.333,.318,6,5,1,0,0,3,1,1,4,1,0,4.2,18.2,.045,.333,86.2,93.1,-0.2,4.5,0,0.1,0.0,0.0,0.8,0.1
Omar Narvaez,29,SF,3.294,V,2021,,SF,c,43.0,21,18,.111,.238,.278,2,1,0,0,1,2,1,3,7,0,0,14.3,38.9,.167,.100,48.7,50.0,-1.2,2.1,0,0.4,0.0,-0.1,0.7,0.0
Oscar Mercado,26,STL,0.550,1st-G,0,,StL,dh,,1,1,.000,.000,.000,0,0,0,0,0,0,0,0,1,0,0,0.0,100.0,.000,.000,-100.0,-128.2,-0.3,-4.1,0,0.0,0.0,0.0,0.0,0.0
Owen Miller,24,CIN,0.550,XXX-G,0,,Cin,ss/2b,36.0,14,12,.250,.357,.333,3,2,1,0,0,1,1,2,2,0,1,14.3,16.7,.083,.300,97.0,79.8,-0.3,4.0,0,0.2,0.0,0.0,0.5,0.0
Ozzie Albies,24,NYM,1.943,3rd-G,0,,NYN,2b,79.0,40,34,.441,.500,.618,15,12,1,1,1,7,4,4,6,2,1,10.0,17.6,.177,.500,218.5,223.8,5.4,15.2,0,0.1,0.0,0.5,1.3,0.7
Pablo Reyes,27,WAS,2.105,V,2022,,Was,3b/rf,28.0,14,12,.333,.357,.750,4,2,0,1,1,4,6,1,3,1,0,7.1,25.0,.417,.333,198.4,200.2,1.5,11.3,0,0.0,0.0,0.2,0.5,0.2
Pat Valaika,28,OAK,4.500,V,2023,Yes,Oak,2b,87.0,35,34,.265,.286,.500,9,5,2,0,2,3,3,1,6,0,1,2.9,17.6,.235,.269,114.5,107.9,0.3,4.9,0,0.2,0.0,0.0,1.2,0.2
Paul DeJong,27,KC,3.411,4th,0,,KC,ss,69.0,29,27,.185,.241,.296,5,2,3,0,0,1,0,2,9,0,0,6.9,33.3,.111,.278,50.2,45.1,-1.8,1.9,0,0.4,0.0,-0.2,1.0,0.0
Paul Goldschmidt,33,LAA,24.000,V,2021,,LAA,1b,88.0,40,33,.182,.325,.455,6,3,0,0,3,5,6,6,11,0,0,15.0,33.3,.273,.158,120.1,125.5,1.1,6.0,0,-0.8,-0.1,0.1,1.3,0.2
Pedro Severino,27,KC,1.100,V,2021,,KC,c,15.0,5,5,.000,.000,.000,0,0,0,0,0,0,0,0,4,0,0,0.0,80.0,.000,.000,-100.0,-128.2,-1.3,-4.1,0,0.1,0.0,-0.1,0.2,-0.1
Pete Alonso,26,TEX,1.155,2nd-G,0,,Tex,1b,79.0,37,32,.281,.378,.406,9,7,1,0,1,3,5,4,10,1,2,10.8,31.3,.125,.381,117.9,111.1,0.5,5.8,0,-0.7,-0.1,0.0,1.2,0.1
Phillip Evans,28,ARI,1.700,V,2022,Yes,Ari,dh/1b,1.0,3,3,.667,.667,1.667,2,1,0,0,1,2,1,0,0,0,0,0.0,0.0,1.000,.500,513.2,576.9,1.6,55.8,0,0.0,0.0,0.2,0.1,0.2
Rafael Devers,24,LAA,6.067,4th,0,,LAA,dh,,39,35,.286,.359,.543,10,5,3,0,2,6,5,3,13,1,0,7.7,37.1,.257,.400,153.1,162.5,2.7,8.2,0,-1.1,-0.1,0.3,1.3,0.3
Raimel Tapia,27,CLE,0.845,3rd-G,0,,Cle,rf,68.7,28,28,.179,.179,.286,5,4,0,0,1,1,4,0,7,0,0,0.0,25.0,.107,.200,28.9,18.9,-2.5,0.7,0,-0.4,0.0,-0.3,0.9,-0.2
Ramon Laureano,26,PIT,0.930,3rd-G,0,,Pit,cf,80.0,40,39,.308,.325,.718,12,4,4,0,4,9,9,0,16,0,2,0.0,41.0,.410,.421,182.9,179.5,3.5,8.6,0,0.1,0.0,0.4,1.3,0.5
Ramon Urias,27,KC,1.100,V,2021,,KC,3b/2b,68.0,29,26,.192,.241,.269,5,3,2,0,0,1,2,2,9,0,0,6.9,34.6,.077,.278,43.7,35.8,-2.1,1.6,0,0.1,0.0,-0.2,1.0,-0.1
Randal Grichuk,29,SEA,3.500,V,2022,Yes,Sea,lf,79.0,38,35,.257,.316,.571,9,4,2,0,3,5,12,3,12,0,1,7.9,34.3,.314,.300,144.1,141.0,1.7,6.6,0,-0.4,0.0,0.2,1.3,0.3
Randy Arozarena,26,CIN,0.550,XXX-G,0,,Cin,rf,81.0,38,33,.303,.368,.727,10,4,2,0,4,7,7,3,8,1,1,7.9,24.2,.424,.273,195.6,194.4,3.9,10.3,0,-0.4,0.0,0.4,1.3,0.5
Renato Nunez,27,MIL,0.715,2nd-G,0,,Mil,1b/3b,62.0,30,29,.276,.300,.690,8,4,0,0,4,8,7,1,3,0,0,3.3,10.3,.414,.182,162.4,171.4,2.4,7.9,0,-0.5,-0.1,0.2,1.0,0.3
Rhys Hoskins,28,TOR,3.088,4th,0,,Tor,1b,90.0,42,35,.314,.429,.771,11,5,1,0,5,7,9,7,10,0,0,16.7,28.6,.457,.300,230.2,236.3,6.3,13.3,0,-0.8,-0.1,0.6,1.4,0.7
Rio Ruiz,27,SF,0.715,2nd-G,0,,SF,dh/3b,3.0,3,3,.000,.000,.000,0,0,0,0,0,1,0,0,1,0,0,0.0,33.3,.000,.000,-100.0,-128.2,-0.8,-4.1,0,0.0,0.0,-0.1,0.1,-0.1
Rob Refsnyder,30,WAS,2.621,5th,0,,Was,rf/lf/dh,4.0,3,3,.000,.000,.000,0,0,0,0,0,0,0,0,1,0,0,0.0,33.3,.000,.000,-100.0,-128.2,-0.8,-4.1,0,0.0,0.0,-0.1,0.1,-0.1
Robbie Grossman,31,NYM,1.863,4th,0,,NYN,dh,,12,10,.100,.250,.100,1,1,0,0,0,1,0,2,2,0,0,16.7,20.0,.000,.125,7.9,11.7,-1.2,0.5,0,-0.4,0.0,-0.1,0.4,-0.1
Roberto Perez,32,ARI,2.050,V,2022,,Ari,c,67.0,23,20,.050,.174,.050,1,1,0,0,0,0,0,3,6,0,0,13.0,30.0,.000,.071,-31.8,-35.7,-3.4,-1.4,0,0.6,0.1,-0.3,0.8,-0.2
Robinson Cano,38,SEA,1.700,V,2022,Yes,Sea,1b,79.0,36,35,.314,.333,.457,11,8,2,0,1,5,5,1,5,0,0,2.8,14.3,.143,.345,122.0,124.0,1.0,6.0,0,-0.7,-0.1,0.1,1.2,0.1
Ronald Acuna Jr.,23,TB,1.155,2nd-G,0,,Tam,rf,79.0,40,28,.286,.500,.536,8,5,1,0,2,7,3,11,8,0,0,27.5,28.6,.250,.333,198.4,207.4,4.7,13.4,0,-0.4,0.0,0.5,1.3,0.6
Rowdy Tellez,26,SF,0.930,3rd-G,0,,SF,dh,,35,32,.188,.257,.188,6,6,0,0,0,1,1,2,7,0,1,5.7,21.9,.000,.240,32.7,21.2,-3.0,0.9,0,-1.0,-0.1,-0.3,1.2,-0.3
Ryan Braun,37,ATL,1.100,V,2021,,Atl,rf,80.7,36,34,.206,.250,.412,7,4,1,0,2,4,4,1,8,0,0,2.8,23.5,.206,.208,82.1,81.4,-0.7,3.5,0,-0.4,0.0,-0.1,1.2,0.0
Ryan McMahon,26,BOS,0.845,3rd-G,0,,Bos,2b/3b,82.3,33,31,.194,.242,.419,6,1,4,0,1,2,6,2,9,0,1,6.1,29.0,.225,.238,78.5,66.9,-1.2,2.8,0,0.1,0.0,-0.1,1.1,0.0
Ryan Mountcastle,24,HOU,0.550,XXX-G,0,,Hou,lf,77.0,39,35,.229,.282,.229,8,8,0,0,0,3,3,3,17,0,0,7.7,48.6,.000,.421,50.2,45.6,-2.3,2.1,0,-0.4,0.0,-0.2,1.3,-0.1
Ryan Zimmerman,36,ATL,1.100,V,2021,,Atl,dh,,39,37,.243,.282,.378,9,6,2,0,1,4,6,2,13,0,0,5.1,35.1,.135,.348,84.5,82.8,-0.7,3.7,0,-1.1,-0.1,-0.1,1.3,-0.1
Salvador Perez,31,SD,13.000,V,2022,,SD,c,74.0,32,31,.258,.281,.323,8,6,2,0,0,4,1,1,7,0,0,3.1,22.6,.065,.333,73.6,69.5,-1.1,3.1,0,0.6,0.1,-0.1,1.1,0.1
Sam Huff,23,PIT,0.550,XXX-G,0,,Pit,c,54.0,27,24,.333,.407,.833,8,3,1,1,3,4,11,3,7,0,0,11.1,29.2,.500,.357,238.4,246.5,4.4,13.4,0,0.5,0.0,0.4,0.9,0.6
Sam Travis,27,LAA,0.550,1st-G,0,,LAA,dh,,1,1,.000,.000,.000,0,0,0,0,0,0,0,0,0,0,0,0.0,0.0,.000,.000,-100.0,-128.2,-0.3,-4.1,0,0.0,0.0,0.0,0.0,0.0
Sean Murphy,26,CHC,0.715,2nd-G,0,,ChN,c,79.0,38,33,.242,.342,.273,8,7,1,0,0,1,2,5,9,0,0,13.2,27.3,.031,.333,76.9,79.4,-0.9,3.9,0,0.7,0.1,-0.1,1.3,0.1
Shogo Akiyama,33,NYM,3.500,V,2022,Yes,NYN,cf,79.0,38,37,.270,.289,.351,10,7,3,0,0,5,1,1,7,0,0,2.6,18.9,.081,.333,82.9,79.5,-0.9,3.6,0,0.1,0.0,-0.1,1.3,0.1
Shohei Ohtani,26,CIN,48.200,V,2025,,Cin,dh,,36,31,.161,.278,.194,5,4,1,0,0,4,4,5,16,1,1,13.9,51.6,.033,.333,37.4,34.2,-2.6,1.5,0,-1.1,-0.1,-0.3,1.2,-0.2
Socrates Brito,28,SF,0.930,3rd-G,0,,SF,cf,4.0,2,2,.000,.000,.000,0,0,0,0,0,0,0,0,1,0,0,0.0,50.0,.000,.000,-100.0,-128.2,-0.5,-4.1,0,0.0,0.0,-0.1,0.1,0.0
Starlin Castro,31,BAL,5.000,V,2021,,Bal,2b,82.0,38,36,.361,.395,.556,13,8,4,0,1,9,3,2,4,0,2,5.3,11.1,.195,.387,161.9,152.6,2.2,8.1,0,0.1,0.0,0.2,1.3,0.4
Starling Marte,32,STL,10.300,V,2022,,StL,cf,79.7,38,38,.263,.263,.605,10,4,2,1,3,8,5,0,7,1,0,0.0,18.4,.342,.250,134.1,142.4,1.8,6.2,0,0.1,0.0,0.2,1.3,0.3
Stephen Piscotty,30,SD,4.420,V,2021,,SD,cf/dh,3.0,2,2,.000,.000,.000,0,0,0,0,0,0,0,0,1,0,0,0.0,50.0,.000,.000,-100.0,-128.2,-0.5,-4.1,0,0.0,0.0,-0.1,0.1,0.0
Taylor Ward,27,MIL,1.624,V,2022,Yes,Mil,lf/c/rf,36.0,16,13,.077,.250,.077,1,1,0,0,0,3,1,3,5,0,0,18.8,38.5,.000,.125,-0.5,5.1,-1.7,0.2,0,0.0,0.0,-0.2,0.5,-0.1
Teoscar Hernandez,28,BOS,1.578,3rd-G,0,,Bos,dh/rf,29.3,39,36,.139,.179,.250,5,3,1,0,1,3,2,2,17,0,0,5.1,47.2,.111,.211,17.7,7.3,-4.0,0.3,0,-0.2,0.0,-0.4,1.3,-0.3
Tim Anderson,28,SEA,0.715,2nd-G,0,,Sea,ss,79.0,40,38,.421,.450,.526,16,13,2,1,0,5,5,1,6,1,1,2.5,15.8,.105,.500,177.5,181.2,3.6,10.6,0,0.4,0.0,0.4,1.3,0.5
Tim Beckham,31,SF,2.300,V,2022,Yes,SF,3b/ss/2b,76.0,34,30,.100,.176,.167,3,1,2,0,0,6,1,2,11,0,1,5.9,36.7,.067,.150,0.5,-16.2,-4.3,-0.7,0,0.3,0.0,-0.4,1.1,-0.3
Tim Locastro,28,MIN,1.142,V,2021,,Min,cf,73.0,39,37,.351,.359,.541,13,10,1,0,2,6,7,0,6,4,0,0.0,16.2,.190,.367,147.5,164.8,2.8,8.6,0,0.1,0.0,0.3,1.3,0.4
Tomas Telis,30,TB,1.100,V,2021,,Tam,c/1b,51.0,19,16,.125,.263,.125,2,2,0,0,0,3,0,3,1,0,0,15.8,6.3,.000,.133,18.5,21.6,-1.6,0.9,0,0.4,0.0,-0.2,0.6,-0.1
Tommy Edman,26,PHI,0.715,2nd-G,0,,Phi,2b/3b,33.0,13,11,.091,.231,.364,1,0,0,0,1,2,2,1,1,0,0,7.7,9.1,.273,.000,63.5,66.3,-0.5,2.8,0,0.1,0.0,-0.1,0.4,0.0
Tommy La Stella,32,NYY,6.250,V,2021,,NYA,2b,62.0,34,28,.357,.471,.429,10,8,2,0,0,1,4,5,3,0,0,14.7,10.7,.072,.400,155.3,163.8,2.4,10.0,0,0.1,0.0,0.2,1.1,0.4
Tommy Pham,33,TOR,5.750,V,2022,Yes,Tor,rf,88.0,45,42,.167,.222,.214,7,5,2,0,0,2,2,3,14,0,1,6.7,33.3,.047,.250,25.9,12.6,-4.3,0.5,0,-0.5,0.0,-0.4,1.5,-0.3
Tony Kemp,29,SF,2.110,V,2022,Yes,SF,2b,74.0,36,30,.367,.472,.600,11,6,3,2,0,2,2,5,5,2,1,13.9,16.7,.233,.440,207.0,212.5,4.5,13.0,0,0.1,0.0,0.4,1.2,0.6
Tony Wolters,29,MIA,0.930,3rd-G,0,,Mia,c,8.0,1,1,.000,.000,.000,0,0,0,0,0,0,0,0,1,0,0,0.0,100.0,.000,.000,-100.0,-128.2,-0.3,-4.1,0,0.1,0.0,0.0,0.0,0.0
Travis d'Arnaud,32,ATL,4.000,V,2021,,Atl,c,78.7,40,34,.324,.425,.676,11,5,3,0,3,7,10,5,10,0,0,12.5,29.4,.352,.381,203.8,210.6,4.9,11.8,0,0.7,0.1,0.5,1.3,0.7
Travis Shaw,31,LAD,16.880,V,2022,,LAN,1b,87.0,44,36,.222,.364,.500,8,4,1,0,3,4,6,8,9,0,0,18.2,25.0,.278,.208,143.3,148.6,2.4,7.5,0,-0.8,-0.1,0.2,1.5,0.3
Trea Turner,28,TB,10.103,5th,0,,Tam,ss,79.0,40,36,.194,.275,.250,7,5,2,0,0,4,4,4,8,2,2,10.0,22.2,.056,.250,53.1,44.1,-2.5,2.0,0,0.4,0.0,-0.3,1.3,-0.1
Trent Grisham,24,SF,1.155,2nd-G,0,,SF,rf,76.0,40,33,.212,.350,.303,7,6,0,0,1,5,1,7,8,2,1,17.5,24.2,.091,.250,92.5,99.4,0.0,4.9,0,-0.4,0.0,0.0,1.3,0.1
Tres Barrera,26,MIN,1.600,V,2022,Yes,Min,c,18.0,8,8,.250,.250,.500,2,0,2,0,0,2,1,0,1,0,0,0.0,12.5,.250,.286,102.1,100.0,0.0,4.3,0,0.2,0.0,0.0,0.3,0.0
Trevor Story,28,ARI,15.875,CE,2023,Yes,Ari,ss,85.0,41,39,.231,.268,.462,9,5,1,1,2,3,5,1,14,1,1,2.4,35.9,.231,.304,96.9,92.8,-0.3,4.1,0,0.4,0.0,0.0,1.4,0.2
Trey Mancini,29,NYM,5.331,4th,0,,NYN,1b,79.0,39,37,.297,.308,.514,11,8,0,1,2,4,8,0,7,0,0,0.0,18.9,.217,.310,128.8,128.4,1.2,6.2,0,-0.7,-0.1,0.1,1.3,0.2
Tucker Barnhart,30,CLE,3.202,V,2022,Yes,Cle,c,71.7,27,25,.200,.259,.240,5,4,1,0,0,3,1,2,7,0,0,7.4,28.0,.040,.278,44.4,40.1,-1.8,1.7,0,0.6,0.1,-0.2,0.9,0.0
Ty France,26,CIN,0.715,2nd-G,0,,Cin,3b/1b,81.0,36,33,.303,.361,.606,10,6,1,0,3,4,7,3,9,0,0,8.3,27.3,.303,.333,164.0,170.5,2.8,8.6,0,-0.2,0.0,0.3,1.2,0.4
Tyler Flowers,35,ARI,1.250,V,2021,,Ari,c,18.0,7,6,.000,.143,.000,0,0,0,0,0,0,0,0,2,0,0,0.0,33.3,.000,.000,-53.8,-54.0,-1.2,-2.0,0,0.2,0.0,-0.1,0.2,-0.1
Tyler O'Neill,26,STL,2.451,4th,0,,StL,dh/lf,1.0,2,1,.000,.500,.000,0,0,0,0,0,1,0,1,0,0,0,50.0,0.0,.000,.000,65.0,125.2,0.1,8.1,0,0.0,0.0,0.0,0.1,0.0
Tyler White,30,CLE,1.100,V,2021,,Cle,1b,31.7,11,10,.300,.364,.600,3,2,0,0,1,2,1,1,1,0,1,9.1,10.0,.300,.250,166.9,147.4,0.6,7.5,0,-0.3,0.0,0.1,0.4,0.1
Tzu-Wei Lin,27,MIN,0.930,3rd-G,0,,Min,3b/lf,13.0,3,3,.333,.333,1.333,1,0,0,0,1,1,1,0,0,0,0,0.0,0.0,1.000,.000,330.1,369.9,0.9,17.9,0,0.0,0.0,0.1,0.1,0.1
Victor Reyes,26,MIL,2.135,V,2023,Yes,Mil,cf,82.0,36,33,.364,.417,.485,12,9,2,1,0,3,3,3,7,2,1,8.3,21.2,.121,.462,151.3,155.1,2.2,8.6,0,0.1,0.0,0.2,1.2,0.4
Victor Robles,24,CHW,1.790,3rd-G,0,,ChA,cf,74.7,33,30,.267,.333,.367,8,6,1,1,0,3,2,3,9,2,0,9.1,30.0,.100,.381,95.3,103.4,0.1,5.0,0,0.1,0.0,0.0,1.1,0.1
Vladimir Guerrero Jr.,22,KC,2.426,3rd-G,0,,KC,dh/3b,17.0,34,30,.200,.294,.200,6,6,0,0,0,2,1,4,5,1,0,11.8,16.7,.000,.240,44.3,48.4,-1.9,2.2,0,0.0,0.0,-0.2,1.1,-0.1
Whit Merrifield,32,LAD,16.440,V,2022,,LAN,cf,41.0,23,23,.174,.174,.174,4,4,0,0,0,0,1,0,3,1,0,0.0,13.0,.000,.200,0.4,-8.2,-2.7,-0.3,0,0.1,0.0,-0.3,0.8,-0.2
Wil Myers,30,NYY,6.000,V,2023,,NYA,lf,79.0,35,34,.235,.257,.412,8,4,3,0,1,3,1,1,10,0,0,2.9,29.4,.177,.304,82.0,79.1,-0.8,3.4,0,-0.4,0.0,-0.1,1.2,0.0
Will Smith,26,PHI,0.853,2nd-G,0,,Phi,dh,,38,31,.065,.237,.161,2,1,0,0,1,4,2,7,12,0,0,18.4,38.7,.096,.056,16.6,21.0,-3.3,0.9,0,-1.1,-0.1,-0.3,1.3,-0.3
Willians Astudillo,29,CIN,4.500,V,2024,Yes,Cin,c,74.0,32,28,.107,.156,.179,3,1,2,0,0,3,4,0,0,0,1,0.0,0.0,.072,.100,-5.9,-27.3,-4.5,-1.1,0,0.6,0.1,-0.5,1.1,-0.3
Willson Contreras,29,LAD,4.510,5th,0,,LAN,c,60.0,32,29,.379,.438,.655,11,7,2,0,2,5,5,3,9,1,0,9.4,31.0,.276,.500,205.8,220.0,4.2,12.6,0,0.5,0.1,0.4,1.1,0.6
Willy Adames,25,CHW,0.550,XXX-G,0,,ChA,ss/2b,83.7,37,33,.152,.243,.182,5,4,1,0,0,1,0,4,16,0,0,10.8,48.5,.030,.294,22.1,18.7,-3.3,0.8,0,0.4,0.0,-0.3,1.2,-0.2
Wilmer Difo,29,BOS,3.647,6th,0,,Bos,dh,,1,1,.000,.000,.000,0,0,0,0,0,0,0,0,1,0,0,0.0,100.0,.000,.000,-100.0,-128.2,-0.3,-4.1,0,0.0,0.0,0.0,0.0,0.0
Wilmer Flores,29,ARI,2.750,V,2022,Yes,Ari,1b,81.0,31,29,.207,.258,.379,6,3,2,0,1,2,1,2,4,0,0,6.5,13.8,.172,.208,74.0,71.4,-1.0,3.1,0,-0.7,-0.1,-0.1,1.0,-0.1
Wilson Ramos,33,NYM,10.800,V,2021,,NYN,c,65.0,26,25,.200,.231,.240,5,4,1,0,0,1,0,1,5,0,0,3.8,20.0,.040,.250,35.9,28.1,-2.1,1.2,0,0.6,0.1,-0.2,0.9,-0.1
Wyatt Mathisen,27,MIN,1.750,V,2022,Yes,Min,3b,72.0,36,35,.171,.194,.371,6,3,1,0,2,3,7,1,12,0,0,2.8,34.3,.200,.190,53.0,47.6,-2.1,1.9,0,0.1,0.0,-0.2,1.2,-0.1
Xander Bogaerts,28,MIL,33.000,V,2026,Yes,Mil,ss,82.0,40,35,.229,.325,.571,8,3,1,1,3,8,8,4,7,1,0,10.0,20.0,.342,.200,142.2,148.8,2.2,7.1,0,0.4,0.0,0.2,1.3,0.4
Yadier Molina,38,WAS,3.000,V,2021,,Was,c,54.0,22,19,.368,.409,.421,7,6,1,0,0,2,1,1,4,0,0,4.5,21.1,.053,.438,135.9,135.9,0.9,8.0,0,0.5,0.0,0.1,0.7,0.2
Yairo Munoz,26,MIA,0.930,3rd-G,0,,Mia,dh/cf,1.0,2,2,1.000,1.000,1.500,2,1,1,0,0,2,2,0,0,0,0,0.0,0.0,.500,1.000,588.1,649.1,1.2,0.0,0,0.0,0.0,0.1,0.1,0.1
Yan Gomes,33,WAS,3.000,V,2022,,Was,c,28.0,15,12,.083,.267,.083,1,1,0,0,0,2,1,3,5,0,0,20.0,41.7,.000,.143,7.6,15.5,-1.4,0.7,0,0.2,0.0,-0.1,0.5,-0.1
Yandy Diaz,29,MIA,2.243,4th,0,,Mia,3b,81.0,44,35,.286,.432,.286,10,10,0,0,0,4,5,9,7,0,0,20.5,20.0,.000,.357,109.9,120.3,1.0,6.8,0,0.1,0.0,0.1,1.5,0.3
Yasiel Puig,30,WAS,5.000,V,2024,Yes,Was,lf,79.0,39,34,.176,.282,.294,6,4,1,0,1,5,4,4,10,1,1,10.3,29.4,.118,.217,63.5,61.2,-1.7,2.7,0,-0.4,0.0,-0.2,1.3,-0.1
Yasmani Grandal,32,TOR,23.500,V,2022,,Tor,c,90.0,41,36,.139,.244,.167,5,4,1,0,0,5,1,5,17,0,0,12.2,47.2,.028,.263,21.4,19.9,-3.6,0.8,0,0.8,0.1,-0.4,1.4,-0.1
Yermin Mercedes,28,LAA,2.500,V,2022,,LAA,c,69.0,32,31,.129,.156,.161,4,3,1,0,0,1,2,1,12,0,0,3.1,38.7,.032,.211,-8.3,-21.7,-4.3,-0.8,0,0.6,0.1,-0.4,1.1,-0.3
Yoan Moncada,26,BAL,5.331,4th,0,,Bal,3b,80.0,43,41,.366,.372,.756,15,8,2,1,4,10,11,1,14,0,0,2.3,34.1,.390,.458,202.7,210.1,5.2,11.2,0,0.1,0.0,0.5,1.4,0.7
Yoenis Cespedes,35,ATL,1.100,V,2021,,Atl,lf,83.7,34,30,.267,.353,.400,8,6,1,0,1,3,5,4,8,2,0,11.8,26.7,.133,.333,113.1,125.1,0.9,6.2,0,-0.4,0.0,0.1,1.1,0.2
Yolmer Sanchez,29,HOU,3.510,6th,0,,Hou,ss/dh,8.0,5,4,.000,.200,.000,0,0,0,0,0,0,0,1,2,0,0,20.0,50.0,.000,.000,-33.3,-25.8,-0.7,-1.0,0,0.0,0.0,-0.1,0.2,0.0
Yonathan Daza,27,KC,1.100,V,2021,,KC,lf/rf,16.0,5,5,.400,.400,.400,2,2,0,0,0,1,0,0,1,0,0,0.0,20.0,.000,.500,127.0,128.6,0.2,6.9,0,-0.1,0.0,0.0,0.2,0.0
Yordan Alvarez,24,KC,1.155,2nd-G,0,,KC,rf/dh,50.0,32,31,.290,.313,.452,9,6,2,0,1,5,3,1,8,0,0,3.1,25.8,.162,.364,110.9,111.6,0.4,5.2,0,-0.3,0.0,0.0,1.1,0.1
Yoshi Tsutsugo,29,LAA,5.000,V,2022,Yes,LAA,dh,,36,29,.138,.306,.483,4,0,1,0,3,4,8,7,10,0,0,19.4,34.5,.345,.063,120.5,124.3,1.0,5.8,0,-1.1,-0.1,0.1,1.2,0.1
Yuli Gurriel,37,CIN,3.600,V,2021,,Cin,1b,44.0,21,21,.143,.143,.238,3,1,2,0,0,1,0,0,7,0,0,0.0,33.3,.095,.214,4.0,-10.7,-2.6,-0.4,0,-0.4,0.0,-0.3,0.7,-0.2
Yusniel Diaz,24,DET,0.550,XXX-G,0,,Det,rf/cf,2.0,1,1,.000,.000,.000,0,0,0,0,0,1,0,0,0,0,0,0.0,0.0,.000,.000,-100.0,-128.2,-0.3,-4.1,0,0.0,0.0,0.0,0.0,0.0
Zack Collins,26,CHC,0.845,3rd-G,0,,ChN,dh,,2,2,.000,.000,.000,0,0,0,0,0,0,0,0,1,0,0,0.0,50.0,.000,.000,-100.0,-128.2,-0.5,-4.1,0,-0.1,0.0,-0.1,0.1,0.0
Zack Short,26,CLE,1.900,V,2023,Yes,Cle,3b,32.7,12,10,.200,.333,.200,2,2,0,0,0,2,0,2,6,0,0,16.7,60.0,.000,.500,59.2,65.0,-0.5,3.1,0,0.1,0.0,-0.1,0.4,0.0
