year,season,overall,round,pick,team_abb,player_name,position
2005,S,1,1,1,BAL,Anthony Reyes,SP
2005,S,2,1,2,DET,Yhency Brazoban,SP
2005,S,3,1,3,ANA,Kyle Davies,SP
2005,S,4,1,4,CHC,Huston Street,RP
2005,S,5,1,5,TOR,Brandon McCarthy,SP
2005,S,6,1,6,CLE,Adam Miller,SP
2005,S,7,1,7,TOR,Brian McCann,C
2005,S,8,1,8,TOR,Hayden Penn,SP
2005,S,9,1,9,SEA,Noah Lowry,SP
2005,S,10,1,10,NYM,Justin Upton,OF
2005,S,11,1,11,ATL,Chuck James,SP
2005,S,12,1,12,TOR,Billy Butler,1B
2005,S,13,1,13,TOR,Dustin Pedroia,2B
2005,S,14,1,14,ANA,Philip Hughes,SP
2005,S,15,1,15,MIN,Jorge Cantu,2B
2005,S,16,1,16,ANA,Howie Kendrick,2B
2005,S,17,1,17,OAK,Gustavo Chacin,SP
2005,S,18,1,18,CHC,Rich Hill,SP
2005,S,19,1,19,TEX,Brent Clevlen,OF
2005,S,20,1,20,HOU,Ezequiel Astacio,SP
2005,S,21,1,21,STL,Daric Barton,1B
2005,S,22,1,22,NYY,Chris Nelson,1B
2005,S,23,1,23,ATL,Josh Willingham,OF
2005,S,24,1,24,ATL,Lance Broadway,SP
2005,S,25,1,25,TB,Gio Gonzalez,SP
2005,S,26,1,26,TB,Francisco Liriano,SP
2005,S,27,1,27,KC,Chad Orvella,RP
2005,S,28,1,28,SEA,Daniel Cabrera,SP
2005,S,29,1,29,ANA,Sean Gallagher,SP
2005,S,30,1,30,STL,Jonathan Broxton,RP
2005,S,31,1,31,MIL,Alex Gordon,3B
2005,S,32,1,32,KC,Thomas Diamond,SP
2005,S,33,1,33,SEA,Willy Taveras,OF
2005,S,34,1,34,TEX,Jeff Clement,C
2005,S,35,1,35,HOU,Fernando Nieve,SP
2005,S,36,1,36,ANA,Carlos (Ricky) Nolasco,SP
2005,S,37,1,37,NYY,Curtis Granderson,OF
2005,S,38,1,38,ATL,Hunter Pence,OF
2005,S,39,1,39,FLA,Jairo Garcia,SP
2005,S,40,1,40,FLA,Joel Zumaya,RP
2005,S,41,2,1,OAK,Chris Ray,RP
2005,S,42,2,2,PIT,Jose Castillo,2B
2005,S,43,2,3,ATL,Troy Patton,RP
2005,S,44,2,4,LAD,Craig Hansen,RP
2005,S,45,2,5,DET,Ricky Romero,SP
2005,S,46,2,6,ATL,Justin Orenduff,SP
2005,S,47,2,7,BAL,Ryan Zimmerman,3B
2005,S,48,2,8,TOR,Jon Lester,SP
2005,S,49,2,9,PIT,Cameron Maybin,OF
2005,S,50,2,10,NYM,Anibal Sanchez,SP
2005,S,51,2,11,KC,Brian Bannister,SP
2005,S,52,2,12,TB,Russell Martin,C
2005,S,53,2,13,CIN,Joey Devine,RP
2005,S,54,2,14,NYY,Gaby Hernandez,1B
2005,S,55,2,15,BAL,Sergio Mitre,SP
2005,S,56,2,16,TB,Chien-Ming Wang,SP
2005,S,57,2,17,SD,J.P. Howell,RP
2005,S,58,2,18,SD,Miguel Montero,C
2005,S,59,2,19,TEX,Mike Pelfrey,SP
2005,S,60,2,20,HOU,Dallas Braden,SP
2005,S,61,2,21,ANA,Ruben Gotay,2B
2005,S,62,2,22,NYY,Javier Herrera,OF
2005,S,63,2,23,SEA,Kelly Johnson,2B
2005,S,64,2,24,COL,Jacob Ellsbury,OF
2005,S,65,2,25,SD,Eddy Martinez-Esteve,OF
2005,S,66,2,26,SEA,Luke Hochevar,SP
2005,S,67,2,27,LAD,Kurt Suzuki,C
2005,S,68,2,28,SD,J.B. Cox,SP
2005,S,69,2,29,OAK,Jake Woods,SP
2005,S,70,2,30,STL,Jon Papelbon,RP
2005,S,71,3,1,ANA,Luis A. Gonzalez,2B
2005,S,72,3,2,SEA,Omar Quintanilla,2B
2005,S,73,3,3,MIL,Travis Bowyer,RP
2005,S,74,3,4,SEA,Renyel Pinto,SP
2005,S,75,3,5,MIL,Dana Eveland,SP
2005,S,76,3,6,TOR,Ryan Garko,1B
2005,S,77,3,7,MIL,Zach Jackson,SP
2005,S,78,3,8,SEA,Robinson Tejeda,SP
2005,S,79,3,9,MIL,George Kottaras,C
2005,S,80,3,10,NYM,Anthony Swarzak,SP
2005,S,81,3,11,MIL,Charles Thomas,OF
2005,S,82,3,12,CIN,Ryan Braun,3B
2005,S,83,3,13,CLE,Bobby Livingston,SP
2005,S,84,3,14,MIL,Jake Stevens,SP
2005,S,85,3,15,BAL,Sean Marshall,RP
2005,S,86,3,16,PIT,Glen Perkins,RP
2005,S,87,3,17,KC,Hong-Chih Kuo,RP
2005,S,88,3,18,DET,Ronny Cedeno,SS
2005,S,89,3,19,TEX,Troy Tulowitzki,SS
2005,S,90,3,20,**HOU**,--skipped--,
2005,S,91,3,21,MIL,Tony Sipp,SP
2005,S,92,3,22,MIL,Elijah Dukes,OF
2005,S,93,3,23,CLE,Ty Taubenheim,SP
2005,S,94,3,24,SEA,Marcus Sanders,SS
2005,S,95,3,25,MIL,Jason Vargas,SP
2005,S,96,3,26,MIL,Anthony Lerew,SP
2005,S,97,3,27,BOS,Wandy Rodriguez,SP
2005,S,98,3,28,MIL,Alejandro Machado,2B
2005,S,99,3,29,**HOU**,--skipped--,
2005,S,100,3,30,MIL,Jake Gautreau,2B
2006,S,1,1,1,ATL,Wade Davis,SP
2006,S,2,1,2,CLE,Josh Johnson,SP
2006,S,3,1,3,SEA,Chris Young,OF
2006,S,4,1,4,TOR,Nick Adenhart,SP
2006,S,5,1,5,TOR,Tom Gorzelanny,SP
2006,S,6,1,6,TOR,Matt Kemp,OF
2006,S,7,1,7,DET,Cesar Carrillo,SP
2006,S,8,1,8,HOU,Jarrod Saltamacchia,C
2006,S,9,1,9,CLE,Kendry Morales,1B
2006,S,10,1,10,OAK,Matt Garza,SP
2006,S,11,1,11,MIL,Eric Patterson,2B
2006,S,12,1,12,OAK,Andre Ethier,OF
2006,S,13,1,13,NYY,Edinson Volquez,SP
2006,S,14,1,14,DET,Casey Janssen,RP
2006,S,15,1,15,BAL,Ryan Shealy,1B
2006,S,16,1,16,BOS,Paul Maholm,SP
2006,S,17,1,17,TOR,Matt Murton,OF
2006,S,18,1,18,CLE,Clay Hensley,SP
2006,S,19,1,19,CHW,Andrew Miller,SP
2006,S,20,1,20,CHC,Tim Lincecum,SP
2006,S,21,1,21,ANA,Jair Jurrjens,SP
2006,S,22,1,22,AZ,Yovanni Gallardo,SP
2006,S,23,1,23,MIN,Evan Longoria,3B
2006,S,24,1,24,FLA,Josh Fields,3B
2006,S,25,1,25,SD,Willie Aybar,3B
2006,S,26,1,26,DET,Brandon Erbe,SP
2006,S,27,1,27,SEA,Kevin Slowey,SP
2006,S,28,1,28,LAD,Reid Brignac,2B
2006,S,29,1,29,NYM,Mike Napoli,C
2006,S,30,1,30,CIN,Enrique Gonzalez,SP
2006,S,31,1,31,BOS,Scott Mathieson,SP
2006,S,32,1,32,HOU,Carlos Gonzalez,OF
2006,S,33,1,33,BAL,Sean Rodriguez,2B
2006,S,34,1,34,NYY,Dustin Nippert,SP
2006,S,35,1,35,DET,Taylor Tankersley,RP
2006,S,36,1,36,TOR,Kevin Kouzmanoff,3B
2006,S,37,1,37,FLA,Ronny Paulino,C
2006,S,38,1,38,CLE,Jeremy Accardo,RP
2006,S,39,1,39,SEA,Humberto Sanchez,RP
2006,S,40,1,40,NYM,Chris Denorfia,OF
2006,S,41,1,41,PIT,Melky Cabrera,OF
2006,S,42,2,1,ATL,Jose Tabata,OF
2006,S,43,2,2,SEA,Chris Ianetta,C
2006,S,44,2,3,KC,Brad Lincoln,SP
2006,S,45,2,4,OAK,Kurt Birkins,SP
2006,S,46,2,5,FLA,Jamie Shields,SP
2006,S,47,2,6,OAK,Carlos Marmol,RP
2006,S,48,2,7,COL,Billy Bray,RP
2006,S,49,2,8,HOU,Kevin Melillo,OF
2006,S,50,2,9,BAL,Charlie Haeger,SP
2006,S,51,2,10,BAL,Max Ramirez,C
2006,S,52,2,11,COL,Pat Neshek,RP
2006,S,53,2,12,OAK,Drew Stubbs,OF
2006,S,54,2,13,FLA,Elizardo Ramirez,SP
2006,S,55,2,14,CLE,Neil Walker,C
2006,S,56,2,15,TEX,Jay Bruce,OF
2006,S,57,2,16,OAK,Jose Arredondo,RP
2006,S,58,2,17,AZ,Daniel Haigwood,SP
2006,S,59,2,18,KC,Jose Garcia,SP
2006,S,60,2,19,SD,Micah Owings,SP
2006,S,61,2,20,CHW,Fernando Martinez,OF
2006,S,62,2,21,ANA,Reggie Willits,OF
2006,S,63,2,22,TEX,Colby Rasmus,OF
2006,S,64,2,23,MIN,Mark Pawelek,SP
2006,S,65,2,24,SEA,Joe Koshansky,1B
2006,S,66,2,25,CLE,Michael Bourn,OF
2006,S,67,2,26,BAL,Jake Fox,C
2006,S,68,2,27,BOS,Jonathan Sanchez,SP
2006,S,69,2,28,LAD,Jake McGee,RP
2006,S,70,2,29,NYM,Jason Hammel,SP
2006,S,71,2,30,PIT,Michael O'Connor,SP
2006,S,72,2,31,CIN,Zach Miner,SP
2006,S,73,2,32,CIN,Chuck Lofgren,SP
2006,S,74,3,1,ATL,Eric Hurley,SP
2006,S,75,3,2,AZ,Carlos Carrasco,SP
2006,S,76,3,3,NYY,Ryan Sweeney,OF
2006,S,77,3,4,MIN,Jamie Garcia,SP
2006,S,78,3,5,KC,Kory Casto,1B
2006,S,79,3,6,DET,Chris Carter,1B
2006,S,80,3,7,PIT,Jason Windsor,SP
2006,S,81,3,8,HOU,Donald Veal,SP
2006,S,82,3,9,BAL,Yung Chi Chen,2B
2006,S,83,3,10,CIN,Travis Buck,1B
2006,S,84,3,11,PIT,Scott Thorman,1B
2006,S,85,3,12,LAD,Nolan Reimold,OF
2006,S,86,3,13,TOR,Elvis Andrus,SS
2006,S,87,3,14,MIN,Brandon Morrow,SP
2006,S,88,3,15,CIN,Hank Conger,C
2006,S,89,3,16,WAS,Joey Votto,1B
2006,S,90,3,17,FLA,Travis Wood,SP
2006,S,91,3,18,MIN,Mark Reynolds,3B
2006,S,92,3,19,TOR,Jeff Bianchi,3B
2006,S,93,3,20,CLE,Max Scherzer,SP
2006,S,94,3,21,KC,Sergio Pedroza,OF
2006,S,95,3,22,TEX,Radhames Liz,SP
2006,S,96,3,23,AZ,Sean Smith,SP
2006,S,97,3,24,SD,Edward Mujica,SP
2006,S,98,3,25,AZ,Chris Britton,SP
2006,S,99,3,26,BOS,Juan Salas,RP
2006,S,100,3,27,CHW,Andy Sonnanstine,SP
2006,S,101,3,28,LAD,Mark Alexander,RP
2006,S,102,3,29,NYM,Clayton Kershaw,SP
2006,S,103,3,30,BOS,Logan Kensing,SP
2006,S,104,3,31,FLA,Adam Lind,OF
2007,S,1,1,1,PHI,David Price,SP
2007,S,2,1,2,DET,Will Inman,SP
2007,S,3,1,3,TOR,Clay Buccholz,SP
2007,S,4,1,4,CHW,Carlos Gomez,OF
2007,S,5,1,5,SF,Michael Bowden,SP
2007,S,6,1,6,TOR,Travis Snider,OF
2007,S,7,1,7,WAS,Andrew McCutchen,OF
2007,S,8,1,8,HOU,Franklin Morales,SP
2007,S,9,1,9,ATL,Billy Rowell,3B
2007,S,10,1,10,CIN,Joba Chamberlain,SP
2007,S,11,1,11,OAK,Brent Lillibridge,2B
2007,S,12,1,12,STL,Henry Sosa,SP
2007,S,13,1,13,NYM,Joe Smith,SP
2007,S,14,1,14,AZ,Pedro Alvarez,3B
2007,S,15,1,15,PIT,Asdrubal Cabrera,SS
2007,S,16,1,16,KC,Matt Wieters,C
2007,S,17,1,17,CLE,Matt Antonelli,2B
2007,S,18,1,18,COL,Ian Kennedy,SP
2007,S,19,1,19,SD,Brooks Brown,SP
2007,S,20,1,20,ATL,Greg Reynolds,SP
2007,S,21,1,21,TOR,Chase Headley,3B
2007,S,22,1,22,CIN,Wade LeBlanc,SP
2007,S,23,1,23,ATL,Matt LaPorta,3B
2007,S,24,1,24,NYY,Cla Meredith,SP
2007,S,25,1,25,SEA,Wladimir Balentien,OF
2007,S,26,1,26,MIN,Mike Moustakas,3B
2007,S,27,1,27,FLA,Rick Vanden Hurk,SP
2007,S,28,1,28,CHC,Carlos Villanueva,SP
2007,S,29,1,29,LAD,Jonathan Meloan,RP
2007,S,30,1,30,CLE,Dexter Fowler,OF
2007,S,31,1,31,DET,Justin Germano,SP
2007,S,32,1,32,BAL,Matt Capps,RP
2007,S,33,1,33,HOU,Alicedes Escobar,SS
2007,S,34,1,34,OAK,Matt Dominguez,3B
2007,S,35,1,35,ATL,Josh Vitters,3B
2007,S,36,1,36,PIT,John Jaso,C
2007,S,37,1,37,KC,Matt Harrison,SP
2007,S,38,1,38,ANA,Manny Corpas,RP
2007,S,39,1,39,BOS,Joakim Soria,RP
2007,S,40,1,40,TEX,Rick Porcello,SP
2007,S,41,1,41,CLE,Brandon Hynick,SP
2007,S,42,1,42,NYY,Matt Albers,SP
2007,S,43,1,43,SEA,Christopher Perez,SP
2007,S,44,1,44,FLA,Bryan Anderson,C
2007,S,45,1,45,CHC,Tony Abreu,2B
2007,S,46,2,1,AZ,Eulogio de la Cruz,SP
2007,S,47,2,2,DET,Kevin Fransden,2B
2007,S,48,2,3,AZ,Eduardo Morlan,SP
2007,S,49,2,4,BAL,Yunel Escobar,SS
2007,S,50,2,5,SF,Deolis Guerra,SP
2007,S,51,2,6,BAL,Edwar Ramirez,SP
2007,S,52,2,7,WAS,Garrett Olson,SO
2007,S,53,2,8,TOR,Johnny Cueto,SO
2007,S,54,2,9,COL,Chris Marrero,1B
2007,S,55,2,10,LAD,Aaron Laffey,SP
2007,S,56,2,11,KC,Chris Mason,SP
2007,S,57,2,12,STL,Dallas Trahern,SP
2007,S,58,2,13,**NYM**,--skipped--,
2007,S,59,2,14,AZ,Jeff Manship,SP
2007,S,60,2,15,PIT,Jed Lowrie,SS
2007,S,61,2,16,NYY,Angel Salome,C
2007,S,62,2,17,SF,Desmond Jennings,OF
2007,S,63,2,18,ANA,Eric O'Flaherty,SP
2007,S,64,2,19,SD,Manny Ayala,SP
2007,S,65,2,20,ATL,Adrien Cardenas,2B
2007,S,66,2,21,ATL,Sean West,SP
2007,S,67,2,22,TB,Lars Anderson,1B
2007,S,68,2,23,ANA,Jo-Jo Reyes,SP
2007,S,69,2,24,CLE,Josh Outman,SP
2007,S,70,2,25,SEA,Matt Chico,SP
2007,S,71,2,26,SEA,JR Towles,C
2007,S,72,2,27,NYY,Casey Weathers,SP
2007,S,73,2,28,ATL,Kala Ka'aihue,1B
2007,S,74,2,29,WAS,Jesse Litsch,SP
2007,S,75,2,30,PIT,Taylor Teagarden,C
2007,S,76,2,31,ANA,Jack Egbert,SP
2007,S,77,3,1,STL,Dellin Betances,SP
2007,S,78,3,2,DET,Alan Horne,SP
2007,S,79,3,3,MIN,Chin-Lung Hu,SS
2007,S,80,3,4,AZ,Justin Masterson,SP
2007,S,81,3,5,CLE,Kevin Pucetas,SP
2007,S,82,3,6,BAL,Geovany Soto,C
2007,S,83,3,7,SF,Kasey Kiker,SP
2007,S,84,3,8,HOU,Brett Anderson,SP
2007,S,85,3,9,COL,Tommy Hanson,SP
2007,S,86,3,10,OAK,Omar Poveda,SP
2007,S,87,3,11,CLE,Chris Davis,1B
2007,S,88,3,12,CLE,Alexi Casilla,SS
2007,S,89,3,13,NYM,Oswaldo Sosa,SP
2007,S,90,3,14,COL,Kyle Blanks,1B
2007,S,91,3,15,FLA,Kason Gabbard,SP
2007,S,92,3,16,MIL,Rafael Perez,RP
2007,S,93,3,17,TEX,Daniel Moskos,SP
2007,S,94,3,18,MIL,Curtis Thigpen,C
2007,S,95,3,19,SD,Steven Pearce,1B
2007,S,96,3,20,MIN,Ross Detwiler,SP
2007,S,97,3,21,MIL,Jensen Lewis,SP
2007,S,98,3,22,LAD,Delwyn Young,2B
2007,S,99,3,23,MIL,Brian Barton,OF
2007,S,100,3,24,SEA,Danny Richar,2B
2007,S,101,3,25,BOS,Chad Huffman,OF
2007,S,102,3,26,NYY,Tyler Clippard,RP
2007,S,103,3,27,MIL,Kyle Kendrick,SP
2007,S,104,3,28,COL,Justin Smoak,1B
2007,S,105,3,29,LAD,German Duran,3B
2007,S,106,3,30,TEX,Jarrod Parker,SP
2008,S,1,1,1,OAK,Trevor Cahill,SP
2008,S,2,1,2,TEX,Chris Volstad,SP
2008,S,3,1,3,AZ,Todd Frazier,3B
2008,S,4,1,4,CLE,Greg Smith,SP
2008,S,5,1,5,STL,Buster Posey,C
2008,S,6,1,6,KC,Brian Matusz,SP
2008,S,7,1,7,LAD,Blake DeWitt,3B
2008,S,8,1,8,LAD,Jeremy Hellickson,SP
2008,S,9,1,9,PIT,Tim Beckham,SS
2008,S,10,1,10,FLA,John Lannan,SP
2008,S,11,1,11,WAS,Mat Gamel,3B
2008,S,12,1,12,CLE,Jake Arrieta,SP
2008,S,13,1,13,MIN,Gordon Beckham,SS
2008,S,14,1,14,MIN,Yonder Alonso,1B
2008,S,15,1,15,TEX,Jason Heyward,OF
2008,S,16,1,16,BAL,Aaron Crow,SP
2008,S,17,1,17,LAD,James McDonald,SP
2008,S,18,1,18,SF,Chris Tillman,SP
2008,S,19,1,19,SD,Aaron Poreda,SP
2008,S,20,1,20,LAA,Brett Cecil,SP
2008,S,21,1,21,CLE,Ryan Tucker,SP
2008,S,22,1,22,COL,Tyler Robertson,SP
2008,S,23,1,23,FLA,Daryl Thompson,SP
2008,S,24,1,24,BAL,Stephen Strasburg,SP
2008,S,25,1,25,CIN,Madison Bumgarner,SP
2008,S,26,1,26,AZ,Jordan Schafer,OF
2008,S,27,1,27,SF,Wes Hodges,1B 
2008,S,28,1,28,NYM,Brett Wallace,3B
2008,S,29,1,29,ATL,Phillippe Aumont,SP
2008,S,30,1,30,TOR,Jordan Walden,SP
2008,S,31,1,31,KC,Jhoulys Chacin,SP
2008,S,32,1,32,PHI,Tim Alderson,SP
2008,S,33,1,33,NYY,Luke Hughes,1B
2008,S,34,1,34,SF,J.P. Arencibia,C
2008,S,35,1,35,PIT,David Huff,SP
2008,S,36,1,36,BAL,Angel Villalona,1B
2008,S,37,1,37,WAS,Jesus Flores,C
2008,S,38,1,38,TB,Carlos Triunfel,SS
2008,S,39,1,39,HOU,Armando Gallaraga,SP
2008,S,40,1,40,LAD,Vince Mazzaro,SP
2008,S,41,1,41,NYM,Dan Cortes,SP
2008,S,42,1,42,ATL,Brandon Jones,OF
2008,S,43,1,43,TOR,Michael Saunders,OF
2008,S,44,2,1,PHI,Neftali Feliz,SP
2008,S,45,2,2,PHI,Nate Schierholtz,OF
2008,S,46,2,3,SEA,Austin Jackson,OF
2008,S,47,2,4,KC,Eric Hosmer,1B
2008,S,48,2,5,PIT,Jesus Guzman,1B
2008,S,49,2,6,NYY,Collin Balester,SP
2008,S,50,2,7,SF,James Simmons,SP
2008,S,51,2,8,HOU,Jordan Zimmermann,SP
2008,S,52,2,9,AZ,Kyle Gibson,SP
2008,S,53,2,10,TEX,Jess Todd,SP
2008,S,54,2,11,TEX,Kyle Skipworth,C
2008,S,55,2,12,STL,Greg Halman,OF
2008,S,56,2,13,CHC,Chris Coghlan,2B
2008,S,57,2,14,CHC,Michael Brantley,OF
2008,S,58,2,15,CHC,Jonathan Lucroy,C
2008,S,59,2,16,CLE,Xavier Paul,OF
2008,S,60,2,17,DET,Ryan Reid,SP
2008,S,61,2,18,OAK,Aaron Cunningham,OF
2008,S,62,2,19,PIT,John Jay,OF
2008,S,63,2,20,LAA,Lou Marson,C
2008,S,64,2,21,LAD,Travis Denker,2B
2008,S,65,2,22,COL,Ben Revere,OF
2008,S,66,2,23,SEA,Jeremy Jeffress,SP
2008,S,67,2,24,HOU,Aaron Hicks,OF
2008,S,68,2,25,STL,Pablo Sandoval,3B
2008,S,69,2,26,MIN,Joshua Fields,RP
2008,S,70,2,27,PHI,Neftali Soto,3B
2008,S,71,2,28,NYM,Eric Campbell,3B
2008,S,72,2,29,KC,Steve Garrison,SP
2008,S,73,2,30,TOR,Ivan DeJesus,2B
2008,S,74,2,31,BAL,Brett Gardner,OF
2008,S,75,2,32,TOR,Gorkys Hernandez,OF
2008,S,76,3,1,CLE,Ike Davis,1B
2008,S,77,3,2,MIN,Jason Castro,C
2008,S,78,3,3,AZ,Jason Donald,2B
2008,S,79,3,4,CHW,Ryan Kalish,OF
2008,S,80,3,5,SF,Gerardo Parra,OF
2008,S,81,3,6,NYY,David Cooper,1B
2008,S,82,3,7,NYY,David Hernandez,RP
2008,S,83,3,8,CIN,Logan Morrison,1B
2008,S,84,3,9,SF,Jon Niese,SP
2008,S,85,3,10,FLA,Alex Hinshaw,RP
2008,S,86,3,11,MIN,Kyle McClellan,SP
2008,S,87,3,12,FLA,Josh Reddick,OF
2008,S,88,3,13,CHC,John Mayberry Jr.,OF
2008,S,89,3,14,CHC,Michael Burgess,OF
2008,S,90,3,15,WAS,Carlos Rosa,SP
2008,S,91,3,16,SF,Mike Costanzo,1B
2008,S,92,3,17,DET,J.A. Happ,SP
2008,S,93,3,18,OAK,Reese Havens,SS
2008,S,94,3,19,CHC,Clayton Richard,SP
2008,S,95,3,20,LAA,Justin Maxwell,OF
2008,S,96,3,21,TB,Matt Joyce,OF
2008,S,97,3,22,COL,Mat Latos,SP
2008,S,98,3,23,TB,Boone Logan,RP
2008,S,99,3,24,MIL,Cole Gillespie,OF
2008,S,100,3,25,OAK,Jemile Weeks,2B
2008,S,101,3,26,BOS,John Bowker,OF
2008,S,102,3,27,MIL,Gaby Sanchez,1B
2008,S,103,3,28,NYM,Nick Pereira,SP
2008,S,104,3,29,AZ,Tyler Flowers,C
2008,S,105,3,30,TOR,Sean Doolittle,RP
2009,S,1,1,1,SEA,Carlos Santana,C
2009,S,2,1,2,SEA,Michael Stanton,OF
2009,S,3,1,3,PIT,Derek Holland,SP
2009,S,4,1,4,TB,Domonic Brown,OF
2009,S,5,1,5,WAS,Denard Span,OF
2009,S,6,1,6,AZ,Michael Taylor,OF
2009,S,7,1,7,NYY,Alex White,SP
2009,S,8,1,8,MIN,Kyle Drabek,SP
2009,S,9,1,9,TOR,Jenrry Mejia,SP
2009,S,10,1,10,STL,Jesus Montero,C
2009,S,11,1,11,HOU,Kila Ka'aihue,1B
2009,S,12,1,12,DET,Antonio Bastardo,SP
2009,S,13,1,13,KC,Dustin Ackley,OF
2009,S,14,1,14,AZ,Logan Forsythe,3B
2009,S,15,1,15,TOR,Jeanmar Gomez,SP
2009,S,16,1,16,AZ,Chris Carter,1B
2009,S,17,1,17,CHC,Trevor Reckling,SP
2009,S,18,1,18,TB,Martin Perez,SP
2009,S,19,1,19,OAK,Grant Green,SS
2009,S,20,1,20,ATL,Tyler Matzek,SP
2009,S,21,1,21,SEA,Andrew Bailey,RP
2009,S,22,1,22,COL,Wilmer Flores,SS
2009,S,23,1,23,**HOU**,--skipped--,
2009,S,24,1,24,ATL,Andrew Lambo,OF
2009,S,25,1,25,**SD**,--skipped--,
2009,S,26,1,26,CIN,Derek Norris,C
2009,S,27,1,27,SF,Daniel Bard,RP
2009,S,28,1,28,NYM,James Darnell,3B
2009,S,29,1,29,MIL,Chris Cody,SP
2009,S,30,1,30,LAD,Evan Anundsen,SP
2009,S,31,1,31,TOR,Casey Kelly,SP
2009,S,32,1,32,OAK,Matthew Moore,SP
2009,S,33,1,33,MIL,Dee Gordon,SS
2009,S,34,1,34,CLE,Lonnie Chisenhall,3B
2009,S,35,1,35,AZ,Jaff Decker,OF
2009,S,36,1,36,LAA,Ethan Martin,SP
2009,S,37,1,37,SD,Donovan Tate,OF
2009,S,38,1,38,CIN,Brandon Crawford,SS
2009,S,39,1,39,MIL,Brett Lawrie,C
2009,S,40,1,40,LAD,Josh Bell,3B
2009,S,41,2,1,PHI,Julio Borbon,OF
2009,S,42,2,2,PHI,Jacob Turner,SP
2009,S,43,2,3,PIT,Jeff Samardzija,SP
2009,S,44,2,4,SF,Jordan Danks,OF
2009,S,45,2,5,TOR,Josh Thole,C
2009,S,46,2,6,BOS,Christian Friedrich,SP
2009,S,47,2,7,NYY,Michael Montgomery,SP
2009,S,48,2,8,CLE,Jordan Lyles,SP
2009,S,49,2,9,TB,Nick Weglarz,OF
2009,S,50,2,10,STL,Dan Duffy,SP
2009,S,51,2,11,CLE,Andrew Cashner,SP
2009,S,52,2,12,LAD,Trevor Bell,SP
2009,S,53,2,13,**LAD**,--skipped--,
2009,S,54,2,14,CHC,Freddie Freeman,1B
2009,S,55,2,15,TOR,Lance Zawadzki,SS
2009,S,56,2,16,TEX,Bobby Bourchering,3B
2009,S,57,2,17,CLE,Peter Bourjos,OF
2009,S,58,2,18,MIL,Hector Rondon,SP
2009,S,59,2,19,TEX,Daniel Schlereth,RP
2009,S,60,2,20,SD,Jorge Sanchez,C
2009,S,61,2,21,TOR,Daniel Hudson,SP
2009,S,62,2,22,COL,Wilson Ramos,C
2009,S,63,2,23,PIT,Mark Rzepcynski,SP
2009,S,64,2,24,SF,Kris Medlen,SP
2009,S,65,2,25,SD,Matt Hobgood,SP
2009,S,66,2,26,KC,Jiovanni Mier,SS
2009,S,67,2,27,SF,Brandon Allen,1B
2009,S,68,2,28,NYM,Zach Wheeler,SP
2009,S,69,2,29,BAL,Brad Bergesen,SP
2009,S,70,2,30,DET,Zach McAllister,SP
2009,S,71,2,31,WAS,Brad Holt,SP
2009,S,72,2,32,AZ,Everth Cabrera,SS
2009,S,73,3,1,TB,Jason Knapp,SP
2009,S,74,3,2,MIL,Josh Lindblom,SP
2009,S,75,3,3,CHC,Mike Leake,SP
2009,S,76,3,4,BAL,Nick Barnese,SP
2009,S,77,3,5,TOR,Chris Heisey,OF
2009,S,78,3,6,**CLE**,--skipped--,
2009,S,79,3,7,NYY,Wil Myers,C
2009,S,80,3,8,OAK,Casey Crosby,SP
2009,S,81,3,9,WAS,Jay Jackson,SP
2009,S,82,3,10,STL,Alex Liddi,3B
2009,S,83,3,11,CHC,Zach Cozart,SS
2009,S,84,3,12,DET,Zach Britton,SP
2009,S,85,3,13,PIT,Tommy Everidge,3B
2009,S,86,3,14,OAK,Jared Mitchell,OF
2009,S,87,3,15,CHW,Thomas Neal,OF
2009,S,88,3,16,AZ,Tanner Scheppers,SP
2009,S,89,3,17,WAS,Corey Brown,OF
2009,S,90,3,18,LAD,Danny Valencia,3B
2009,S,91,3,19,SF,Ryan Strieby,1B
2009,S,92,3,20,**CIN**,--skipped--,
2009,S,93,3,21,FLA,Eric Young Jr.,2B
2009,S,94,3,22,**CLE**,--skipped--,
2009,S,95,3,23,ATL,Mark Hallberg,2B
2009,S,96,3,24,TB,Alex Avila,C
2009,S,97,3,25,**ATL**,--skipped--,
2009,S,98,3,26,**CIN**,--skipped--,
2009,S,99,3,27,LAA,Scott Sizemore,2B
2009,S,100,3,28,NYM,Mike Minor,SP
2009,S,101,3,29,LAD,Chase d'Arnaud,SS
2009,S,102,3,30,SEA,Nick Hagadone,SP
2009,S,103,3,31,HOU,Drew Storen,RP
2009,S,104,3,32,SD,Matt Purke,SP
2009,S,105,3,33,KC,Kent Matthes,OF
2009,S,106,3,34,CLE,A.J. Pollock,OF
2009,S,107,3,35,CIN,Chad James,SP
2009,S,108,3,36,CLE,Shelby Miller,SP
2009,S,109,3,37,ATL,Chad Jenkins,SP
2009,S,110,3,38,CIN,Randell Grichuk,OF
2009,W,1,1,1,DET,Bud Norris,SP
2009,W,2,1,2,PHI,Tommy Hunter,OF
2009,W,3,1,3,NYY,Brady Shoemaker,C
2009,W,4,1,4,PIT,Koby Clemens,OF
2009,W,5,1,5,STL,Brett Jackson,SS
2009,W,6,1,6,HOU,Starlin Castro,SP
2009,W,7,1,7,LAD,Anthony Ranuado,SP
2009,W,8,1,8,OAK,Chris Withrow,SS
2009,W,9,1,9,SD,Ian Desmond,OF
2009,W,10,1,10,TB,Ryan Westmoreland,3B
2009,W,11,1,11,KC,Conor Gillaspie,OF
2009,W,12,1,12,WAS,Grant Desme,RP
2009,W,13,1,13,ATL,Ryan Perry,SS
2009,W,14,1,14,CHC,Danny Espinosa,SS
2009,W,15,1,15,**CIN**,--skipped--,
2009,W,16,1,16,SF,Kevin Mulvey,OF
2009,W,17,1,17,LAA,Wilkin Ramirez,SP
2009,W,18,1,18,TOR,Simon Castro,C
2009,W,19,1,19,CHW,Austin Romine,3B
2009,W,20,1,20,SEA,David Freese,OF
2009,W,21,1,21,MIN,Michael Trout,SP
2009,W,22,1,22,NYM,Aaron Miller,SS
2009,W,23,1,23,MIL,Christian Colon,SP
2009,W,24,1,24,FLA,Zack Stewart,RP
2009,W,25,1,25,BOS,Luke Gregorson,SS
2009,W,26,1,26,TEX,Nick Franklin,SP
2009,W,27,1,27,COL,Arodys Vizcaino,RP
2009,W,28,1,28,BAL,Dan Runzler,SP
2009,W,29,1,29,AZ,Eric Arnett,3B
2009,W,30,1,30,CLE,Brent Morel,3B
2009,W,31,1,31,CIN,Juan Francisco,OF
2010,S,1,1,1,DET,Bryce Harper,OF
2010,S,2,1,2,PHI,Drew Pomeranz,SP
2010,S,3,1,3,NYY,Jameson Taillon,SP
2010,S,4,1,4,PIT,Julio Teheran,SP
2010,S,5,1,5,STL,Manny Machado,SS
2010,S,6,1,6,TB,Anthony Rendon,3B
2010,S,7,1,7,LAD,Randall Delgado,SP
2010,S,8,1,8,OAK,Jarred Cosart,SP
2010,S,9,1,9,SD,Barrett Loux,SP
2010,S,10,1,10,HOU,Matt Harvey,SP
2010,S,11,1,11,KC,Zack Cox,3B
2010,S,12,1,12,SEA,Michael Pineda,SP
2010,S,13,1,13,ATL,Delino Deshields Jr.,OF
2010,S,14,1,14,CHC,Yasmani Grandal,C
2010,S,15,1,15,CIN,Karsten Whitson,SP
2010,S,16,1,16,SF,John Lamb,SP
2010,S,17,1,17,LAA,Deck McGuire,SP
2010,S,18,1,18,TOR,Brennan Boesch,OF
2010,S,19,1,19,CHW,Jake Odorizzi,SP
2010,S,20,1,20,WAS,Dayan Vicideo,1B
2010,S,21,1,21,MIN,Michael Choice,OF
2010,S,22,1,22,NYM,Alex Colome,SP
2010,S,23,1,23,TOR,Nick Castellanos,3B
2010,S,24,1,24,FLA,Bryan Morris,SP
2010,S,25,1,25,BOS,Drew Cumberland,SS
2010,S,26,1,26,TEX,Kolbrin Vitek,2B
2010,S,27,1,27,COL,Andrew Oliver,SP
2010,S,28,1,28,BAL,Brandon Belt,1B
2010,S,29,1,29,TB,Gerrit Cole,SP
2010,S,30,1,30,SD,Chris Sale,SP
2010,S,31,2,1,DET,Dylan Covey,SP
2010,S,32,2,2,PHI,Josh Sale,OF
2010,S,33,2,3,**NYY**,--skipped--,
2010,S,34,2,4,PIT,Tyler Colvin,OF
2010,S,35,2,5,STL,Tyler Chatwood,SP
2010,S,36,2,6,HOU,Jake Skole,OF
2010,S,37,2,7,SF,Allen Craig,OF
2010,S,38,2,8,OAK,Kaleb Cowart,3B
2010,S,39,2,9,SD,Hayden Simpson,SP
2010,S,40,2,10,PIT,Mauricio Robles,SP
2010,S,41,2,11,KC,Justin O'Conner,C
2010,S,42,2,12,FLA,Jonathan Singleton,1B
2010,S,43,2,13,ATL,Mike Foltynewicz,SP
2010,S,44,2,14,CHC,Nolan Arenado,3B
2010,S,45,2,15,CIN,Alex Wimmers,SP
2010,S,46,2,16,SF,Craig Kimbrel,RP
2010,S,47,2,17,LAA,Travis d'Arnaud,C
2010,S,48,2,18,SF,Chris Owings,SS
2010,S,49,2,19,CHW,Brad Boxberger,SP
2010,S,50,2,20,OAK,Stetson Allie,SP
2010,S,51,2,21,MIN,Taylor Jungmann,SP
2010,S,52,2,22,NYM,Matt Davidson,3B
2010,S,53,2,23,LAA,Bryce Brentz,OF
2010,S,54,2,24,FLA,Wilin Rosario,C
2010,S,55,2,25,SEA,Jerry Sands,1B
2010,S,56,2,26,TEX,Christian Yelich,OF
2010,S,57,2,27,COL,Tyler Skaggs,SP
2010,S,58,2,28,SF,Jason Ely,SP
2010,S,59,2,29,AZ,Devin Mesoraco,C
2010,S,60,2,30,CLE,Jesse Biddle,SP
2010,S,61,3,1,DET,Kellin Deglan,C
2010,S,62,3,2,TB,Jason Kipnis,2B
2010,S,63,3,3,AZ,Ryan Lavarnway,C
2010,S,64,3,4,PIT,Josh Rodriguez,SS
2010,S,65,3,5,STL,Alex Sanabia,SP
2010,S,66,3,6,HOU,Gary Brown,OF
2010,S,67,3,7,LAD,David Phelps,SP
2010,S,68,3,8,OAK,Max Stassi,C
2010,S,69,3,9,SD,Manny Banuelos,SP
2010,S,70,3,10,HOU,Kyle Parker,OF
2010,S,71,3,11,KC,Levon Washington,OF
2010,S,72,3,12,TOR,A.J. Cole,SP
2010,S,73,3,13,ATL,Zach Lee,SP
2010,S,74,3,14,CHC,Jackie Bradley Jr.,OF
2010,S,75,3,15,CIN,Hector Noesi,SP
2010,S,76,3,16,BAL,Hak-Ju Lee,SS
2010,S,77,3,17,OAK,George Springer,OF
2010,S,78,3,18,TOR,Austin Wilson,OF
2010,S,79,3,19,CHW,Lorenzo Cain,OF
2010,S,80,3,20,TB,Kyle Heckathorn,SP
2010,S,81,3,21,MIN,Danny Hultzen,SP
2010,S,82,3,22,TB,Robbie Erlin,SP
2010,S,83,3,23,LAA,Sonny Gray,SP
2010,S,84,3,24,CIN,Brandon Laird,3B
2010,S,85,3,25,TOR,Joseph Gardner,SP
2010,S,86,3,26,TEX,Chevez Clarke,OF
2010,S,87,3,27,COL,Francisco Martinez-Mesa,SP
2010,S,88,3,28,BAL,Ruben Tejada,SS
2010,S,89,3,29,NYM,Brad Emaus,2B
2010,S,90,3,30,**CLE**,--skipped--,
2010,S,91,3,31,NYY,Matt Lipka,SS
2010,W,1,1,1,KC,Alexi Ogando,RP
2010,W,2,1,2,SD,Chris Archer,SP
2010,W,3,1,3,OAK,Gary Sanchez,C
2010,W,4,1,4,WAS,Brandon Beachy,SP
2010,W,5,1,5,CHW,Miguel Sano,3B
2010,W,6,1,6,STL,Chris Dwyer,SP
2010,W,7,1,7,TB,Trey McNutt,SP
2010,W,8,1,8,PHI,Billy Hamilton,SS
2010,W,9,1,9,SEA,Jurickson Profar,SS
2010,W,10,1,10,FLA,Kenley Jansen,RP
2010,W,11,1,11,PIT,Mike Olt,3B
2010,W,12,1,12,AZ,Sammy Solis,SP
2010,W,13,1,13,NYY,Carlos Perez,C
2010,W,14,1,14,LAD,Jason Esposito,3B
2010,W,15,1,15,NYM,Jose Iglesias,SS
2010,W,16,1,16,SF,Ian Krol,SP
2010,W,17,1,17,MIL,Donnie Joseph,RP
2010,W,18,1,18,TEX,Guillermo Pimentel,OF
2010,W,19,1,19,MIN,Matt Barnes,SP
2010,W,20,1,20,BOS,Jean Segura,2B
2010,W,21,1,21,CLE,Trayvon Robinson,OF
2010,W,22,1,22,CIN,Anthony Rizzo,1B
2010,W,23,1,23,ATL,Jonny Venters,RP
2010,W,24,1,24,DET,Alex Torres,SP
2010,W,25,1,25,BAL,Oswaldo Arcia,OF
2010,W,26,1,26,COL,Brody Colvin,SP
2010,W,27,1,27,LAA,Daniel Descalso,2B
2010,W,28,1,28,CHC,Matt Packer,SP
2010,W,29,1,29,TOR,Yorman Rodriguez,OF
2010,W,30,1,30,HOU,Brett Eibner,OF
2011,S,1,1,1,KC,Juan Nicasio,SP
2011,S,2,1,2,OAK,Dylan Bundy,SP
2011,S,3,1,3,CHW,Neil Ramirez,SP
2011,S,4,1,4,ATL,Rubby de la Rosa,SP
2011,S,5,1,5,CHW,Jed Bradley,SP
2011,S,6,1,6,STL,Keyvius Sampson,SP
2011,S,7,1,7,SD,Jeurys Familia,SP
2011,S,8,1,8,PHI,Mark Trumbo,1B
2011,S,9,1,9,PIT,Paul Goldschmidt,1B
2011,S,10,1,10,TB,Bubba Starling,OF
2011,S,11,1,11,SD,Anthony Gose,OF
2011,S,12,1,12,AZ,Mitch Moreland,1B
2011,S,13,1,13,NYY,Julio Rodriguez,SP
2011,S,14,1,14,LAD,Mikie Mahtook,OF
2011,S,15,1,15,NYM,Francisco Lindor,SS
2011,S,16,1,16,TB,Archie Bradley,SP
2011,S,17,1,17,OAK,Taijuan Walker,SP
2011,S,18,1,18,TEX,Luke Jackson,SP
2011,S,19,1,19,MIN,Kolten Wong,2B
2011,S,20,1,20,SEA,Brad Peacock,SP
2011,S,21,1,21,TOR,Jedd Gyorko,3B
2011,S,22,1,22,CIN,Alex Mayer,SP
2011,S,23,1,23,BOS,Eric Thames,OF
2011,S,24,1,24,CIN,Brandon Nimmo,OF
2011,S,25,1,25,BAL,Tim Wheeler,OF
2011,S,26,1,26,COL,Jake Marisnick,OF
2011,S,27,1,27,MIL,Cory Vaughn,OF
2011,S,28,1,28,CHC,Liam Hendricks,SP
2011,S,29,1,29,TOR,Joe Wieland,SP
2011,S,30,1,30,HOU,Javier Baez,3B
2011,S,31,2,1,KC,C.J. Cron,1B
2011,S,32,2,2,KC,Cory Spangenberg,2B
2011,S,33,2,3,SF,Joe Benson,OF
2011,S,34,2,4,WAS,Dillon Gee,SP
2011,S,35,2,5,NYM,Daniel Corcino,SP
2011,S,36,2,6,STL,Trevor May,SP
2011,S,37,2,7,OAK,Cheslor Cuthbert,3B
2011,S,38,2,8,CLE,Jose Fernandez,SP
2011,S,39,2,9,WAS,Charlie Blackmon,OF
2011,S,40,2,10,CLE,Levi Michael,SS
2011,S,41,2,11,PIT,Tyson Ross,SP
2011,S,42,2,12,AZ,Jose Altuve,2B
2011,S,43,2,13,CLE,Tyler Beede,SP
2011,S,44,2,14,LAD,Eric Surkamp,SP
2011,S,45,2,15,NYM,Allen Webster,SP
2011,S,46,2,16,SF,Jason Adam,SP
2011,S,47,2,17,MIL,Tomas Telis,C
2011,S,48,2,18,BOS,Garrett Richards,SP
2011,S,49,2,19,AZ,James Paxton,SP
2011,S,50,2,20,BOS,Alex Cobb,SP
2011,S,51,2,21,SD,Tyrell Jenkins,SP
2011,S,52,2,22,DET,Josh Bell,OF
2011,S,53,2,23,BOS,Brad Hand,SP
2011,S,54,2,24,DET,Edward Salcedo,3B
2011,S,55,2,25,BAL,Taylor Guerrieri,SP
2011,S,56,2,26,COL,Jonathan Schoop,3B
2011,S,57,2,27,STL,Edinson Rincon,3B
2011,S,58,2,28,CHC,Blake Swihart,C
2011,S,59,2,29,OAK,Daniel Norris,SP
2011,S,60,2,30,HOU,Andrew Susac,C
2011,S,61,3,1,KC,Sean Gilmartin,SP
2011,S,62,3,2,FLA,Matt Adams,1B
2011,S,63,3,3,OAK,Kevin Gausman,SP
2011,S,64,3,4,TB,Mark Appel,SP
2011,S,65,3,5,CHW,Matthew Szczur,OF
2011,S,66,3,6,STL,David Holmberg,SP
2011,S,67,3,7,NYM,Pat Corbin,SP
2011,S,68,3,8,BOS,Tyler Thornburg,SP
2011,S,69,3,9,BOS,Charlie Furbush,SP
2011,S,70,3,10,MIL,Chad Bettis,SP
2011,S,71,3,11,PIT,Edwar Cabrera,SP
2011,S,72,3,12,MIN,Devin Marrero,SS
2011,S,73,3,13,NYY,Dante Bichette Jr.,3B
2011,S,74,3,14,LAD,Darwin Barney,2B
2011,S,75,3,15,PIT,Starling Marte,OF
2011,S,76,3,16,TB,Tommy Milone,SP
2011,S,77,3,17,WAS,Cory Luebke,SP
2011,S,78,3,18,TEX,Addison Reed,RP
2011,S,79,3,19,MIN,Michael Wacha,SP
2011,S,80,3,20,SEA,Henderson Alvarez,SP
2011,S,81,3,21,CLE,Josh Collmenter,SP
2011,S,82,3,22,DET,Enny Romero,SP
2011,S,83,3,23,MIL,Sebastien Valle,C
2011,S,84,3,24,DET,Carlos Perez,SP
2011,S,85,3,25,CLE,Michael Stutes,RP
2011,S,86,3,26,COL,Drew Hutchison,SP
2011,S,87,3,27,AZ,Vance Worley,SP
2011,S,88,3,28,CHC,Brian Goodwin,OF
2011,S,89,3,29,CLE,Johnny Giavotella,2B
2011,S,90,3,30,HOU,Trevor Story,SS
2011,S,91,4,1,KC,Kenny Diekroeger,SS
2011,S,92,4,2,SD,Noah Syndergaard,SP
2011,S,93,4,3,OAK,Mike Zunino,C
2011,S,94,4,4,WAS,Joe Panik,SS
2011,S,95,4,5,CHW,Peter Tago,SP
2011,S,96,4,6,STL,Brandon Jacobs,OF
2011,S,97,4,7,TB,Jake Barrett,SP
2011,S,98,4,8,PHI,James Allen,SP
2011,S,99,4,9,SEA,J.D. Martinez,OF
2011,S,100,4,10,FLA,Brandon Guyer,OF
2011,S,101,4,11,PIT,Collin Cowgill,OF
2011,S,102,4,12,AZ,Dave Sappelt,OF
2011,S,103,4,13,**NYY**,--skipped--,
2011,S,104,4,14,LAD,Aaron Westlake,1B
2011,S,105,4,15,NYM,Francisco Martinez,3B
2011,S,106,4,16,SF,Will Middlebrooks,3B
2011,S,107,4,17,MIL,Preston Tucker,1B
2011,S,108,4,18,TEX,Corey Dickerson,OF
2011,S,109,4,19,MIN,Victor Roache,1B
2011,S,110,4,20,BOS,Nathan Eovaldi,SP
2011,S,111,4,21,CLE,Henry Owens,SP
2011,S,112,4,22,CIN,Marcus Knecht,OF
2011,S,113,4,23,ATL,Eduardo Sanchez,RP
2011,S,114,4,24,DET,Robbie Ray,SP
2011,S,115,4,25,BAL,Tyler Anderson,SP
2011,S,116,4,26,COL,Yordano Ventura,SP
2011,S,117,4,27,LAA,Felix Doubront,SP
2011,S,118,4,28,CHC,Cody Buckel,SP
2011,S,119,4,29,TOR,Chun-Hsiu Chen,C
2011,S,120,4,30,HOU,Tyler Goeddel,2B
2011,W,1,1,1,CIN,Carlos Martinez,SP
2011,W,2,1,2,STL,Oscar Taveras,OF
2011,W,3,1,3,KC,Ivan Nova,SP
2011,W,4,1,4,PHI,Tyler Pastornicky,SS
2011,W,5,1,5,CLE,Xander Bogaerts,SS
2011,W,6,1,6,CHW,Justin Nicolino,SP
2011,W,7,1,7,TB,Rymer Liriano,OF
2011,W,8,1,8,MIL,Joe Ross,SP
2011,W,9,1,9,WAS,Nestor Molina,SP
2011,W,10,1,10,BOS,Vincent Catricala,1B
2011,W,11,1,11,OAK,Jose Campos,SP
2011,W,12,1,12,NYM,Mason Williams,OF
2011,W,13,1,13,DET,Chris Reed,SP
2011,W,14,1,14,SF,Adonys Cardona,SP
2011,W,15,1,15,FLA,Eddie Rosario,2B
2011,W,16,1,16,HOU,Marcel Ozuna,OF
2011,W,17,1,17,NYY,Salvador Perez,C
2011,W,18,1,18,SD,Garin Cecchini,3B
2011,W,19,1,19,AZ,Wily Peralta,SP
2011,W,20,1,20,LAD,Joc Pederson,OF
2011,W,21,1,21,LAA,Lucas Duda,OF
2011,W,22,1,22,SEA,Mike Carp,1B
2011,W,23,1,23,MIN,Brian Johnson,SP
2011,W,24,1,24,TEX,Trevor Rosenthal,SP
2011,W,25,1,25,PIT,Hector Sanchez,C
2011,W,26,1,26,ATL,Drew Vettleson,OF
2011,W,27,1,27,TOR,Taylor Green,3B
2011,W,28,1,28,COL,Christhian Bethancourt,C
2011,W,29,1,29,CHC,Chris Beck,SP
2011,W,30,1,30,BAL,Christian Villanueva,3B
2012,S,1,1,1,KC,Andrelton Simmons,SS
2012,S,2,1,2,STL,Lance Lynn,SP
2012,S,3,1,3,CIN,Drew Smyly,SP
2012,S,4,1,4,PHI,Wade Miley,SP
2012,S,5,1,5,OAK,Carlos Correa,SS
2012,S,6,1,6,TB,Carlos Rodon,SP
2012,S,7,1,7,TOR,Jorge Bonafacio,OF
2012,S,8,1,8,PIT,Andrew Chafin,SP
2012,S,9,1,9,OAK,Byron Buxton,OF
2012,S,10,1,10,BOS,Lucas Giolito,SP
2012,S,11,1,11,OAK,Kyle Zimmer,SP
2012,S,12,1,12,OAK,Max Fried,SP
2012,S,13,1,13,PIT,Kyle Seager,3B
2012,S,14,1,14,LAD,Justin Grimm,SP
2012,S,15,1,15,MIA,Tong Cingrani,SP
2012,S,16,1,16,HOU,Albert Almora,OF
2012,S,17,1,17,NYY,Steven Lombardizzo,2B
2012,S,18,1,18,TOR,Rougned Odor,2B
2012,S,19,1,19,ATL,Andrew Heaney,SP
2012,S,20,1,20,SF,Adeiny Hechavarria,SS
2012,S,21,1,21,LAA,David Dahl,OF
2012,S,22,1,22,SEA,Kirk Nieuwenhuis,OF
2012,S,23,1,23,MIN,Gavin Cecchini,SS
2012,S,24,1,24,TEX,Robbie Ross,SP
2012,S,25,1,25,MIL,Chris Heston,SP
2012,S,26,1,26,PHI,Tyler Austin,OF
2012,S,27,1,27,TOR,Aaron Sanchez,SP
2012,S,28,1,28,BAL,Ryne Stanek,SP
2012,S,29,1,29,CHC,Alen Hanson,SS
2012,S,30,1,30,BAL,Kris Bryant,3B
2012,S,31,2,1,CIN,Wellington Castillo,C
2012,S,32,2,2,STL,Kyle Crick,SP
2012,S,33,2,3,KC,Marcus Stroman,SP
2012,S,34,2,4,CHC,Luis Heredia,SP
2012,S,35,2,5,COL,Clayton Blackburn,SP
2012,S,36,2,6,LAD,Dan Straily,SP
2012,S,37,2,7,CHW,Rob Brantly,C
2012,S,38,2,8,COL,Austin Hedges,C
2012,S,39,2,9,TOR,Brad Miller,SS
2012,S,40,2,10,BOS,Miles Head,3B
2012,S,41,2,11,COL,Robert Stephenson,SP
2012,S,42,2,12,NYM,Jorge Alfaro,C
2012,S,43,2,13,DET,Tyler Naquin,OF
2012,S,44,2,14,SF,Kyle Lotzkar,SP
2012,S,45,2,15,MIA,A.J. Griffin,SP
2012,S,46,2,16,HOU,Addison Russell,SS
2012,S,47,2,17,NYY,Scooter Gennett,2B
2012,S,48,2,18,MIL,Corey Seager,3B
2012,S,49,2,19,MIA,Ryan Wheeler,3B
2012,S,50,2,20,BOS,Ryan Cook,RP
2012,S,51,2,21,NYM,Lance McCullers Jr.,SP
2012,S,52,2,22,BOS,Tyler Moore,1B
2012,S,53,2,23,MIN,Richie Shaffer,1B
2012,S,54,2,24,STL,Kelvin Herrera,RP
2012,S,55,2,25,MIN,Courtney Hawkins,OF
2012,S,56,2,26,MIL,Strker Trahan,C
2012,S,57,2,27,TOR,Eugenio Suarez,SS
2012,S,58,2,28,WAS,Ariel Pena,SP
2012,S,59,2,29,TB,Jose Vinicio,SS
2012,S,60,2,30,SF,Ty Hensley,SP
2012,S,61,3,1,CIN,J.R. Graham,SP
2012,S,62,3,2,TEX,Nick Maronde,SP
2012,S,63,3,3,CIN,Josh Rutledge,SS
2012,S,64,3,4,SD,Jose Quintana,SP
2012,S,65,3,5,NYM,Lucas Sims,SP
2012,S,66,3,6,CHW,Joe Musgrove,SP
2012,S,67,3,7,SD,Rex Brothers,RP
2012,S,68,3,8,SD,Tim Collins,RP
2012,S,69,3,9,TB,Phillip Ervin,OF
2012,S,70,3,10,SEA,Jason Martinson,SS
2012,S,71,3,11,CHW,Junior Lake,SS
2012,S,72,3,12,NYM,Matt Carpenter,3B
2012,S,73,3,13,BAL,Chris Stratton,SP
2012,S,74,3,14,BAL,Collin Moran,3B
2012,S,75,3,15,CHW,Ravel Santana,OF
2012,S,76,3,16,HOU,Pierce Johnson,SP
2012,S,77,3,17,NYY,Matthew Skole,3B
2012,S,78,3,18,ATL,Scott Diamond,SP
2012,S,79,3,19,AZ,J.T. Realmuto,C
2012,S,80,3,20,PIT,Marc Krauss,OF
2012,S,81,3,21,LAA,Donn Roach,SP
2012,S,82,3,22,CHW,Tommy La Stella,2B
2012,S,83,3,23,CLE,Lewis Brinson,OF
2012,S,84,3,24,CLE,Dillon Howard,SP
2012,S,85,3,25,PIT,Joe Kelly,SP
2012,S,86,3,26,CLE,Nick Travesio,SP
2012,S,87,3,27,CHC,Adam Conley,SP
2012,S,88,3,28,COL,Gregory Polanco,OF
2012,S,89,3,29,TB,Bobby Wahl,SP
2012,S,90,3,30,CHC,Joey Gallo,1B
2012,S,91,4,1,TEX,Moises Sierra,OF
2012,S,92,4,2,PIT,Dan Vogelbach,1B
2012,S,93,4,3,KC,Adam Eaton,OF
2012,S,94,4,4,CHC,Zach Eflin,SP
2012,S,95,4,5,SEA,Nick Tropeano,SP
2012,S,96,4,6,BOS,Domingo Santana,OF
2012,S,97,4,7,TB,Matthew Smoral,SP
2012,S,98,4,8,TEX,Jesus Aguilar,1B
2012,S,99,4,9,WAS,Will Swanner,C
2012,S,100,4,10,BOS,Alfredo Marte,OF
2012,S,101,4,11,CLE,Jake Petricka,SP
2012,S,102,4,12,COL,Jonathan Villar,SS
2012,S,103,4,13,**BAL**,--skipped--,
2012,S,104,4,14,LAA,Freddy Galvis,SS
2012,S,105,4,15,MIA,Robbie Grossman,OF
2012,S,106,4,16,TB,Jose Berrios,SP
2012,S,107,4,17,NYY,Rafael Montero,SP
2012,S,108,4,18,MIL,Ryan Eades,SP
2012,S,109,4,19,ATL,Henry Rodriguez,2B
2012,S,110,4,20,LAD,Stefan Romero,3B
2012,S,111,4,21,TB,Michael Fiers,SP
2012,S,112,4,22,BOS,Cody Martin,SP
2012,S,113,4,23,DET,L.J. Hoes,OF
2012,S,114,4,24,TEX,Michael Kickham,SP
2012,S,115,4,25,PIT,Anthony Meo,SP
2012,S,116,4,26,CIN,Michael Fulmer,SP
2012,S,117,4,27,OAK,Angelo Gumbs,2B
2012,S,118,4,28,LAA,Daniel Rosenbaum,SP
2012,S,119,4,29,CLE,Jonathan Pettibone,SP
2012,S,120,4,30,SEA,Anthony Garcia,OF
2012,W,1,1,1,BOS,Victor Sanchez,SP
2012,W,2,1,2,STL,Carter Capps,RP
2012,W,3,1,3,LAA,Dorssys Paulino,SS
2012,W,4,1,4,NYY,Jorge Soler,OF
2012,W,5,1,5,CIN,Bruce Rondon,RP
2012,W,6,1,6,PHI,Avisail Garcia,OF
2012,W,7,1,7,SF,Roberto Osuna,SP
2012,W,8,1,8,DET,Clint Coulter,C
2012,W,9,1,9,ATL,Roman Quinn,SS
2012,W,10,1,10,MIN,Sean Manaea,SP
2012,W,11,1,11,KC,Kevin Ziomek,SP
2012,W,12,1,12,WAS,Yasiel Puig,OF
2012,W,13,1,13,OAK,Slade Heathcott,OF
2012,W,14,1,14,CHC,Trayce Thompson,OF
2012,W,15,1,15,LAD,Didi Gregorious,SS
2012,W,16,1,16,AZ,Nicky Delmonico,1B
2012,W,17,1,17,CLE,Jonathan Crawford,SP
2012,W,18,1,18,TB,Trey Williams,3B
2012,W,19,1,19,MIL,Adalberto Mondesi,SS
2012,W,20,1,20,MIA,Matt Wisler,SP
2012,W,21,1,21,SEA,Hunter Morris,1B
2012,W,22,1,22,SD,Erasmo Ramirez,SP
2012,W,23,1,23,PIT,Hector Santiago,SP
2012,W,24,1,24,HOU,Carlos Sanchez,SS
2012,W,25,1,25,TEX,Sean Nolin,SP
2012,W,26,1,26,BAL,Aaron Judge,1B
2012,W,27,1,27,CHW,Max Kepler,OF
2012,W,28,1,28,NYM,Alex Wood,SP
2012,W,29,1,29,TOR,Tom Wilhelmsen,RP
2012,W,30,1,30,COL,Domingo Tapia,SP
2013,S,1,1,1,TB,Jonathan Gray,SP
2013,S,2,1,2,TB,Clint Frazier,OF
2013,S,3,1,3,TB,Austin Meadows,OF
2013,S,4,1,4,STL,Kohl Stewart,SP
2013,S,5,1,5,TB,Trea Turner,SS
2013,S,6,1,6,LAA,Braden Shipley,SP
2013,S,7,1,7,SF,Trey Ball,SP
2013,S,8,1,8,DET,Hunter Dozier,SS
2013,S,9,1,9,BOS,Evan Gattis,C
2013,S,10,1,10,MIN,Reese McGuire,C
2013,S,11,1,11,KC,D.J. Peterson,1B
2013,S,12,1,12,MIA,Jesse Winkler,OF
2013,S,13,1,13,OAK,Tyler Glasnow,SP
2013,S,14,1,14,AZ,Dominic Smith,1B
2013,S,15,1,15,TB,Michael Cederoth,SP
2013,S,16,1,16,CIN,Hunter Renfroe,OF
2013,S,17,1,17,CLE,Chris Anderson,SP
2013,S,18,1,18,ATL,Nick Ciuffo,C
2013,S,19,1,19,CHC,Phillip Bickford,SP
2013,S,20,1,20,PHI,Billy McKinney,OF
2013,S,21,1,21,SEA,Mikel Franco,3B
2013,S,22,1,22,SD,Nick Kingham,SP
2013,S,23,1,23,PIT,Jeff Locke,SP
2013,S,24,1,24,HOU,Jon Denney,C
2013,S,25,1,25,KC,Thomas Eshelman,SP
2013,S,26,1,26,DET,J.P. Crawford,SS
2013,S,27,1,27,SEA,Cesar Puello,OF
2013,S,28,1,28,CHC,Eric Jagielo,3B
2013,S,29,1,29,TOR,Victor Payano,SP
2013,S,30,1,30,COL,Rosell Herrera,SS
2013,S,31,2,1,BOS,Jesse Hahn,SP
2013,S,32,2,2,SD,Arismendy Alcantara,SS
2013,S,33,2,3,TOR,C.J. Edwards,SP
2013,S,34,2,4,NYY,Nick Tepesch,SP
2013,S,35,2,5,CIN,Eury Perez,OF
2013,S,36,2,6,SF,Eddie Butler,SP
2013,S,37,2,7,CHW,Rob Kaminsky,SP
2013,S,38,2,8,DET,Marco Gonzales,SP
2013,S,39,2,9,AZ,Edwin Escobar,SP
2013,S,40,2,10,MIN,Max Muncy,1B
2013,S,41,2,11,KC,Martin Agosta,SP
2013,S,42,2,12,SD,Eduardo Rodriguez,SP
2013,S,43,2,13,CLE,Aaron Nola,SP
2013,S,44,2,14,CHC,Jorge Polanco,2B
2013,S,45,2,15,LAD,Matt Andriese,SP
2013,S,46,2,16,AZ,Daniel Robertson,3B
2013,S,47,2,17,ATL,Jeff Ames,SP
2013,S,48,2,18,CLE,Derek Fisher,OF
2013,S,49,2,19,COL,Miguel Almonte,SP
2013,S,50,2,20,MIA,Chris Taylor,SS
2013,S,51,2,21,CLE,Kyle Schwarber,C
2013,S,52,2,22,SEA,Joe Terdoslavich,1B
2013,S,53,2,23,PIT,Jordy Mercer,SS
2013,S,54,2,24,CLE,Taylor Lindsay,2B
2013,S,55,2,25,CHC,Alex Bregman,SS
2013,S,56,2,26,BAL,Derek Dietrich,2B
2013,S,57,2,27,**LAD**,--skipped--,
2013,S,58,2,28,NYM,Renato Nunez,3B
2013,S,59,2,29,TOR,Tyrone Taylor,OF
2013,S,60,2,30,COL,Mookie Betts,2B
2013,S,61,3,1,BOS,Erik Johnson,SP
2013,S,62,3,2,COL,Mauricio Cabrera,SP
2013,S,63,3,3,LAA,Brandon Workman,SP
2013,S,64,3,4,NYY,Gabriel Ynoa,SP
2013,S,65,3,5,COL,Yoel Mecias,SP
2013,S,66,3,6,AZ,Paco Rodriguez,RP
2013,S,67,3,7,SF,Ronny Rodriguez,SS
2013,S,68,3,8,DET,Hunter Harvey,SP
2013,S,69,3,9,ATL,Josh Hart,OF
2013,S,70,3,10,HOU,Nick Burdi,RP
2013,S,71,3,11,TB,Josh Phegley,C
2013,S,72,3,12,TOR,Travis Demeritte,3B
2013,S,73,3,13,OAK,Sean Newcomb,SP
2013,S,74,3,14,CHW,Nick Williams,OF
2013,S,75,3,15,SF,Tom Murphy,C
2013,S,76,3,16,CIN,Devin Williams,SP
2013,S,77,3,17,DET,Alex Gonzalez,SP
2013,S,78,3,18,OAK,Tim Anderson,SS
2013,S,79,3,19,SEA,Luis Sardinas,SS
2013,S,80,3,20,CLE,Luke Weaver,SP
2013,S,81,3,21,PIT,Danny Salazar,SP
2013,S,82,3,22,TEX,Taylor Jordan,SP
2013,S,83,3,23,PIT,Yan Gomes,C
2013,S,84,3,24,TEX,Jose Peraza,SS
2013,S,85,3,25,TEX,Mitch Haniger,OF
2013,S,86,3,26,BAL,Kevin Plawecki,C
2013,S,87,3,27,SEA,Ross Stripling,SP
2013,S,88,3,28,ATL,Blake Snell,SP
2013,S,89,3,29,NYM,A.J. Jimenez,C
2013,S,90,3,30,NYM,Rio Ruiz,3B
2013,S,91,4,1,BOS,Jimmy Nelson,SP
2013,S,92,4,2,STL,Nomar Mazara,OF
2013,S,93,4,3,LAA,Josh Hader,SP
2013,S,94,4,4,NYY,Dan Winkler,SP
2013,S,95,4,5,LAA,Jake Thompson,SP
2013,S,96,4,6,TB,Jeff Hoffman,SP
2013,S,97,4,7,SF,D.J. Davis,OF
2013,S,98,4,8,DET,Christian Arroyo,SS
2013,S,99,4,9,SD,J.R. Murphy,C
2013,S,100,4,10,KC,Zach Borenstein,OF
2013,S,101,4,11,SEA,Cody Allen,RP
2013,S,102,4,12,SEA,Jace Peterson,SS
2013,S,103,4,13,**PIT**,--skipped--,
2013,S,104,4,14,TEX,Brian Dozier,SS
2013,S,105,4,15,LAD,Ty Blach,SP
2013,S,106,4,16,TOR,Ian Clarkin,SP
2013,S,107,4,17,NYM,Hunter Green,SP
2013,S,108,4,18,CHW,Ronald Guzman,1B
2013,S,109,4,19,DET,Jason Hursh,SP
2013,S,110,4,20,MIA,Josmil Pinto,C
2013,S,111,4,21,SEA,Brandon Maurer,SP
2013,S,112,4,22,ATL,Cody Asche,3B
2013,S,113,4,23,PIT,Raul Alcantara,SP
2013,S,114,4,24,BOS,Kennys Vargas,1B
2013,S,115,4,25,BOS,Steven Matz,SP
2013,S,116,4,26,TB,Corey Kluber,SP
2013,S,117,4,27,OAK,Edwin Diaz,SP
2013,S,118,4,28,COL,Brian Flynn,SP
2013,S,119,4,29,TOR,Jin-De Jhang,C
2013,S,120,4,30,TOR,Kyle Smith,SP
2013,W,1,1,1,LAA,Julio Urias,SP
2013,W,2,1,2,CLE,Brett Oberholtzer,SP
2013,W,3,1,3,ATL,Asher Wojciechowski,SP
2013,W,4,1,4,BOS,Burch Smith,SP
2013,W,5,1,5,STL,Marcus Semien,2B
2013,W,6,1,6,MIA,Rafael De Paula,SP
2013,W,7,1,7,SD,Harold Ramirez,OF
2013,W,8,1,8,MIN,Seth Mejias-Brean,3B
2013,W,9,1,9,MIL,Ryan McMahon,3B
2013,W,10,1,10,SEA,Vincent Velasquez,SP
2013,W,11,1,11,PIT,Nate Karns,SP
2013,W,12,1,12,PHI,Gosuke Katoh,2B
2013,W,13,1,13,LAD,Jeimer Candelario,3B
2013,W,14,1,14,TOR,Raimel Tapia,OF
2013,W,15,1,15,NYY,Shea Simmons,RP
2013,W,16,1,16,DET,Adalberto Mejia,SP
2013,W,17,1,17,CHC,Bradley Zimmer,OF
2013,W,18,1,18,SF,Mitch Nay,3B
2013,W,19,1,19,KC,Travis Jankowski,OF
2013,W,20,1,20,TEX,Tim Cooney,SP
2013,W,21,1,21,AZ,Christian Vazquez,C
2013,W,22,1,22,TB,Max Pentecost,C
2013,W,23,1,23,CIN,Francisco Mejia,C
2013,W,24,1,24,OAK,Amed Rosario,SS
2013,W,25,1,25,CHW,Alberto Tirado,SP
2013,W,26,1,26,NYM,Alex Reyes,SP
2013,W,27,1,27,HOU,Tom Windle,SP
2013,W,28,1,28,COL,Mac Williamson,OF
2013,W,29,1,29,BAL,Skye Bolt,OF
2013,W,30,1,30,WAS,Devon Travis,2B
2014,S,1,1,1,LAA,Brady Aiken,SP
2014,S,2,1,2,TB,Tyler Kolek,SP
2014,S,3,1,3,LAA,Alex Jackson,C
2014,S,4,1,4,BOS,Roenis Elias,SP
2014,S,5,1,5,TEX,Nick Gordon,SS
2014,S,6,1,6,MIA,Ben Lively,SP
2014,S,7,1,7,SD,Kyle Freeland,SP
2014,S,8,1,8,MIN,Michael Conforto,OF
2014,S,9,1,9,OAK,Touki Toussaint,SP
2014,S,10,1,10,SEA,Chad Pinder,2B
2014,S,11,1,11,PIT,Nolan Fontana,SS
2014,S,12,1,12,TB,Grant Holmes,SP
2014,S,13,1,13,LAD,Jake Lamb,3B
2014,S,14,1,14,TOR,Michael Chavis,SS
2014,S,15,1,15,TB,Michael Matuella,SP
2014,S,16,1,16,DET,Braxton Davidson,1B
2014,S,17,1,17,CHC,Brandon Finnegan,SP
2014,S,18,1,18,LAD,Casey Gillespie,1B
2014,S,19,1,19,**HOU**,--skipped--,
2014,S,20,1,20,STL,Jacob Gatewood,SS
2014,S,21,1,21,AZ,Nathan Kirby,SP
2014,S,22,1,22,HOU,Spencer Adams,SP
2014,S,23,1,23,CHC,Carson Fulmer,SP
2014,S,24,1,24,OAK,Luis Ortiz,SP
2014,S,25,1,25,COL,Teoscar Hernandez,OF
2014,S,26,1,26,NYM,Foster Griffin,SP
2014,S,27,1,27,HOU,A.J. Reed,1B
2014,S,28,1,28,NYY,Erick Feede,SP
2014,S,29,1,29,ATL,Derek Hill,OF
2014,S,30,1,30,WAS,Robert Refsnyder,2B
2014,S,31,2,1,TOR,Christian Binford,SP
2014,S,32,2,2,ATL,Sean Reid-Foley,SP
2014,S,33,2,3,ATL,Luiz Gohara,SP
2014,S,34,2,4,BOS,Steven Souza Jr.,OF
2014,S,35,2,5,PIT,Francellis Montas,SP
2014,S,36,2,6,MIA,Dalton Pompey,OF
2014,S,37,2,7,SD,Luis Severino,SP
2014,S,38,2,8,SD,Franklin Barreto,SS
2014,S,39,2,9,SF,Brandon Drury,3B
2014,S,40,2,10,TOR,Miguel Castro,SP
2014,S,41,2,11,PIT,Dariel Alvarez,OF
2014,S,42,2,12,PHI,James McCann,C
2014,S,43,2,13,SF,Matt Olson,1B
2014,S,44,2,14,TOR,Forrest Wall,2B
2014,S,45,2,15,NYY,Monte Harrison,OF
2014,S,46,2,16,DET,Manuel Margot,OF
2014,S,47,2,17,CIN,Michael Kopech,SP
2014,S,48,2,18,SF,Gabriel Guerrero,OF
2014,S,49,2,19,KC,Ian Happ,2B
2014,S,50,2,20,TEX,Michael Lorenzen,SP
2014,S,51,2,21,AZ,Lewis Thorpe,SP
2014,S,52,2,22,PHI,Brett Graves,SP
2014,S,53,2,23,NYM,Danny Santana,SS
2014,S,54,2,24,OAK,Michael Taylor,OF
2014,S,55,2,25,PHI,Ti'quan Forbes,SS
2014,S,56,2,26,HOU,Luis Sabino,SS
2014,S,57,2,27,PIT,Ryan Rua,3B
2014,S,58,2,28,OAK,Kyle Funkhouser,SP
2014,S,59,2,29,BAL,Riley Ferrell,SP
2014,S,60,2,30,MIN,D.J. Stewart,OF
2014,S,61,3,1,TB,Keegan Thompson,SP
2014,S,62,3,2,DET,Walker Buehler,SP
2014,S,63,3,3,BAL,Kodi Medeiros,SP
2014,S,64,3,4,BOS,Aaron Blair,SP
2014,S,65,3,5,NYM,Sergio Alcantara,SS
2014,S,66,3,6,**MIA**,--skipped--,
2014,S,67,3,7,SD,Oscar Hernandez,C
2014,S,68,3,8,KC,James Ramsey,OF
2014,S,69,3,9,NYY,Jose Ramirez,2B
2014,S,70,3,10,SEA,Kevin Kiermaier,OF
2014,S,71,3,11,PIT,Alec Asher,SP
2014,S,72,3,12,PHI,Blake Taylor,SP
2014,S,73,3,13,LAD,Seth Streich,SP
2014,S,74,3,14,TOR,Stephen Gonsalves,SP
2014,S,75,3,15,NYY,Matt Chapman,3B
2014,S,76,3,16,MIL,Greg Bird,1B
2014,S,77,3,17,CIN,Tony Kemp,2B
2014,S,78,3,18,LAD,Kean Wong,2B
2014,S,79,3,19,ATL,Dilson Herrera,2B
2014,S,80,3,20,STL,Ken Giles,RP
2014,S,81,3,21,CLE,Michael Gettys,OF
2014,S,82,3,22,NYY,Christian Walker,1B
2014,S,83,3,23,TB,Michael Feliz,SP
2014,S,84,3,24,COL,Parker Bridwell,SP
2014,S,85,3,25,CHW,Justus Sheffield,SP
2014,S,86,3,26,NYM,Matt Imhof,SP
2014,S,87,3,27,HOU,Dylan Cease,SP
2014,S,88,3,28,HOU,Gregory Deichmann,SS
2014,S,89,3,29,BAL,James Kaprielian,SP
2014,S,90,3,30,WAS,Jake DeGrom,SP
2014,S,91,4,1,LAA,Taylor Hill,SP
2014,S,92,4,2,ATL,Charlie Tilson,OF
2014,S,93,4,3,LAD,Jose Rondon,SS
2014,S,94,4,4,BOS,Kevin Siegrist,RP
2014,S,95,4,5,TEX,Stolmy Pimentel,SP
2014,S,96,4,6,MIA,Jake Bauers,1B
2014,S,97,4,7,SD,Drew Ward,3B
2014,S,98,4,8,TOR,Chance Sisco,C
2014,S,99,4,9,LAA,Grayson Greiner,C
2014,S,100,4,10,NYY,Adam Brett Walker II,1B
2014,S,101,4,11,PIT,Scott Schebler,OF
2014,S,102,4,12,AZ,Juan Lagares,OF
2014,S,103,4,13,LAD,Austin Voth,SP
2014,S,104,4,14,CHW,Riley Unroe,SS
2014,S,105,4,15,NYY,Tyler Marlette,C
2014,S,106,4,16,MIL,Kyle Hendricks,SP
2014,S,107,4,17,CHC,Rowan Wick,OF
2014,S,108,4,18,NYY,Tyler Pike,SP
2014,S,109,4,19,KC,Buck Farmer,SP
2014,S,110,4,20,HOU,Dillon Overton,SP
2014,S,111,4,21,TOR,Richard Urena,SS
2014,S,112,4,22,TB,Marcus Wilson,OF
2014,S,113,4,23,MIL,Yohander Mendez,SP
2014,S,114,4,24,MIL,Alex Blandino,SS
2014,S,115,4,25,SF,Jose Urena,SP
2014,S,116,4,26,NYM,Tyler Danish,SP
2014,S,117,4,27,NYM,Trey Michalczewski,3B
2014,S,118,4,28,OAK,Kyle Cody,SP
2014,S,119,4,29,CHW,Nick Howard,SP
2014,S,120,4,30,NYY,Abiatal Avelino,SS
2014,W,1,1,1,LAA,Rafael Devers,3B
2014,W,2,1,2,LAD,Giovanny Urshela,3B
2014,W,3,1,3,HOU,Dansby Swason,SS
2014,W,4,1,4,ATL,Mallex Smith,OF
2014,W,5,1,5,MIN,Jhoan Urena,3B
2014,W,6,1,6,PHI,Kyle Kubitza,3B
2014,W,7,1,7,STL,Yimi Garcia,RP
2014,W,8,1,8,SF,Orlando Arcia,SS
2014,W,9,1,9,MIL,Samuel Tuivailala,RP
2014,W,10,1,10,TEX,Aristides Aquino,OF
2014,W,11,1,11,CHW,Willy Adames,SS
2014,W,12,1,12,DET,Reynaldo Lopez,SP
2014,W,13,1,13,WAS,Marcus Molina,SP
2014,W,14,1,14,BOS,Wilmer Difo,SS
2014,W,15,1,15,NYY,Enrique Hernandez,2B
2014,W,16,1,16,MIA,Brett Phillips,OF
2014,W,17,1,17,KC,Ryan Boldt,OF
2014,W,18,1,18,PIT,Peter O'Brien,C
2014,W,19,1,19,CIN,Ozahaino Albies,SS
2014,W,20,1,20,TB,Gleyber Torres,SS
2014,W,21,1,21,TOR,Duane Underwood,SP
2014,W,22,1,22,SD,Jack Flaherty,SP
2014,W,23,1,23,CLE,Gio Brusa,OF
2014,W,24,1,24,CHC,Ketel Mare,SS
2014,W,25,1,25,AZ,Cole Tucker,SS
2014,W,26,1,26,SEA,Patrick Kivlehan,3B
2014,W,27,1,27,COL,Keury Mella,SP
2014,W,28,1,28,BAL,Jorge Mateo,SS
2014,W,29,1,29,NYM,Carson Sands,SP
2014,W,30,1,30,OAK,Bobby Bradley,1B
2015,S,1,1,1,TB,Brendan Rodgers,SS
2015,S,2,1,2,LAD,Brent Honeywell,SP
2015,S,3,1,3,CLE,Daz Cameron,OF
2015,S,4,1,4,TB,Jose De Leon,SP
2015,S,5,1,5,MIN,Dillon Tate,SP
2015,S,6,1,6,PHI,Jon Harris,SP
2015,S,7,1,7,LAA,Kyle Tucker,OF
2015,S,8,1,8,SF,Kolby Allard,SP
2015,S,9,1,9,TB,Alec Hansen,SP
2015,S,10,1,10,TEX,Austin Barnes,C
2015,S,11,1,11,TB,A.J. Puk,SP
2015,S,12,1,12,DET,Jomar Reyes,3B
2015,S,13,1,13,WAS,Andrew Benintendi,OF
2015,S,14,1,14,BOS,Garrett Whitley,OF
2015,S,15,1,15,NYY,Ashe Russell,SP
2015,S,16,1,16,MIA,Anthony DeSclafani,SP
2015,S,17,1,17,KC,Robert Tyler,SP
2015,S,18,1,18,TOR,Mike Nikorak,SP
2015,S,19,1,19,COL,Cornelius Randolph,3B
2015,S,20,1,20,TEX,Amir Garrett,SP
2015,S,21,1,21,TOR,J.J. Schwarz,C
2015,S,22,1,22,SD,Javier Guerra,SS
2015,S,23,1,23,**CLE**,--skipped--,
2015,S,24,1,24,CHC,Tyler Jay,SP
2015,S,25,1,25,AZ,Magneuris Sierra,OF
2015,S,26,1,26,TOR,Ruddy Giron,SS
2015,S,27,1,27,HOU,Tyler Stephenson,C
2015,S,28,1,28,TB,Kevin Newman,SS
2015,S,29,1,29,TOR,Ryan Cordell,OF
2015,S,30,1,30,OAK,Connor Jones,SP
2015,S,31,2,1,STL,Scott Blewett,SP
2015,S,32,2,2,TOR,Matt Boyd,SP
2015,S,33,2,3,CHW,Raisel Iglesias,SP
2015,S,34,2,4,ATL,Jalen Miller,SS
2015,S,35,2,5,PHI,Scott Kingery,2B
2015,S,36,2,6,TEX,Alex Verdugo,OF
2015,S,37,2,7,COL,Anthony Alford,OF
2015,S,38,2,8,SF,Trenton Clark,OF
2015,S,39,2,9,TB,Nick Banks,OF
2015,S,40,2,10,HOU,Josh Naylor,1B
2015,S,41,2,11,TOR,Carson Smith,RP
2015,S,42,2,12,AZ,Josh Morgan,SS
2015,S,43,2,13,WAS,Kendall Graveman,SP
2015,S,44,2,14,BOS,Jacob Nottingham,C
2015,S,45,2,15,PIT,Matt Duffy,3B
2015,S,46,2,16,MIA,Billy Burns,OF
2015,S,47,2,17,KC,Chris Okey,C
2015,S,48,2,18,PIT,Jacob Lindgren,RP
2015,S,49,2,19,CIN,Beau Burrows,SP
2015,S,50,2,20,STL,Casey Meisner,SP
2015,S,51,2,21,NYM,Dustin Peterson,OF
2015,S,52,2,22,CHC,Zack Collins,C
2015,S,53,2,23,DET,Jairo Labourt,SP
2015,S,54,2,24,CHC,Alex Lange,SP
2015,S,55,2,25,AZ,Eloy Jimenez,OF
2015,S,56,2,26,SEA,Willy Garcia,OF
2015,S,57,2,27,COL,Carlos Tocci,OF
2015,S,58,2,28,LAD,Ariel Jurado,SP
2015,S,59,2,29,NYM,Jackson Reetz,C
2015,S,60,2,30,OAK,Nick Plummer,OF
2015,S,61,3,1,STL,Sam Travis,1B
2015,S,62,3,2,LAD,Willson Contreras,C
2015,S,63,3,3,TEX,Michael Reed,OF
2015,S,64,3,4,PIT,Mark Zagunis,OF
2015,S,65,3,5,MIN,Bobby Dalbec,3B
2015,S,66,3,6,TEX,Miguel Andujar,3B
2015,S,67,3,7,NYM,Yeyson Yrizarri,SS
2015,S,68,3,8,SF,Antonio Senzatela,SP
2015,S,69,3,9,DET,Chih-Wei Hu,SP
2015,S,70,3,10,DET,Brian Anderson,3B
2015,S,71,3,11,STL,Zach Davies,SP
2015,S,72,3,12,DET,Chris Betts,C
2015,S,73,3,13,WAS,Christopher Ellis,SP
2015,S,74,3,14,BOS,Cody Bellinger,1B
2015,S,75,3,15,NYY,Justin Hooper,SP
2015,S,76,3,16,MIA,Kyle Waldrop,OF
2015,S,77,3,17,LAD,Alfredo Escalera-Maldonado,OF
2015,S,78,3,18,PIT,Adam Plutko,SP
2015,S,79,3,19,CIN,Jordan Sheffield,SP
2015,S,80,3,20,TB,Corey Ray,OF
2015,S,81,3,21,NYM,Micker Adolfo,OF
2015,S,82,3,22,SD,Wuilmer Becerra,OF
2015,S,83,3,23,MIL,Donnie Dewees,OF
2015,S,84,3,24,CHC,Cal Quantrill,SP
2015,S,85,3,25,PIT,Jacob Faria,SP
2015,S,86,3,26,SEA,Colin Rea,SP
2015,S,87,3,27,OAK,Matt Crohan,SP
2015,S,88,3,28,STL,Jose Pujols,OF
2015,S,89,3,29,NYM,Justin Williams,OF
2015,S,90,3,30,BAL,Matt Krook,SP
2015,S,91,4,1,MIL,Logan Shore,SP
2015,S,92,4,2,NYY,Ender Inciarte,OF
2015,S,93,4,3,TEX,Blake Treinen,SP
2015,S,94,4,4,MIL,Brock Dykxhoorn,SP
2015,S,95,4,5,MIN,Brendan McKay,SP
2015,S,96,4,6,PHI,Tyler Nevin,3B
2015,S,97,4,7,COL,Wendell Rijo,SS
2015,S,98,4,8,NYM,Ke'Bryan Hayes,3B
2015,S,99,4,9,LAD,Jason Martin,OF
2015,S,100,4,10,COL,Jorge Lopez,SP
2015,S,101,4,11,TB,Cody Anderson,SP
2015,S,102,4,12,AZ,Franklyn Kilome,SP
2015,S,103,4,13,WAS,Francis Martes,SP
2015,S,104,4,14,DET,Nick Longhi,OF
2015,S,105,4,15,NYM,Richie Martin,SS
2015,S,106,4,16,MIA,Trey Mancini,1B
2015,S,107,4,17,MIN,Pavin Smith,1B
2015,S,108,4,18,WAS,Jordan Patterson,OF
2015,S,109,4,19,CIN,Zack Jackson,SP
2015,S,110,4,20,CHC,Tanner Houck,SP
2015,S,111,4,21,NYY,Harrison Musgrave,SP
2015,S,112,4,22,PIT,Keone Kela,RP
2015,S,113,4,23,BAL,K.J. Harrison,C
2015,S,114,4,24,OAK,Jeren Kendall,OF
2015,S,115,4,25,SD,Aaron Altherr,OF
2015,S,116,4,26,MIL,Griffin Canning,SP
2015,S,117,4,27,MIL,Taylor Ward,C
2015,S,118,4,28,MIL,Demi Orimoloye,OF
2015,S,119,4,29,SD,Rowdy Tellez,1B
2015,S,120,4,30,BAL,Kyle Lewis,OF
2015,W,1,1,1,BAL,Yoan Moncada,2B
2015,W,2,1,2,SF,Anderson Espinoza,SP
2015,W,3,1,3,CHW,Victor Robles,OF
2015,W,4,1,4,PHI,Auston Gomber,SP
2015,W,5,1,5,NYY,Odubel Herrera,OF
2015,W,6,1,6,MIN,Mike Soroka,SP
2015,W,7,1,7,LAA,Silvino Bracho,SP
2015,W,8,1,8,HOU,Roberto Baldoquin,2B
2015,W,9,1,9,WAS,Cody Reed,SP
2015,W,10,1,10,KC,Austin Riley,3B
2015,W,11,1,11,ATL,Kyle Holder,SS
2015,W,12,1,12,MIL,Lazaro Leyva,SP
2015,W,13,1,13,DET,Mychal Givens,RP
2015,W,14,1,14,MIA,Isan Diaz,SS
2015,W,15,1,15,COL,David Paulino,SP
2015,W,16,1,16,STL,Jharel Cotton,SP
2015,W,17,1,17,BOS,Triston McKenzie,SP
2015,W,18,1,18,LAD,Mike Clevinger,SP
2015,W,19,1,19,OAK,Andrew Knapp,C
2015,W,20,1,20,CIN,Rhys Hoskins,1B
2015,W,21,1,21,AZ,Adrian Rondon,SS
2015,W,22,1,22,TB,Oscar De La Cruz,SP
2015,W,23,1,23,PIT,Stone Garrett,OF
2015,W,24,1,24,TEX,Paul DeJong,3B
2015,W,25,1,25,SD,Domingo Acevedo,SP
2015,W,26,1,26,SEA,Dom Nunez,C
2015,W,27,1,27,CLE,Wilkerman Garcia,SS
2015,W,28,1,28,NYM,Junior Fernandez,SP
2015,W,29,1,29,CHC,Franklin Perez,SP
2015,W,30,1,30,TOR,Yairo Munoz,SS
2016,S,1,1,1,OAK,Jason Groome,SP
2016,S,2,1,2,SF,Riley Pint,SP
2016,S,3,1,3,CHW,Mickey Moniak,OF
2016,S,4,1,4,PHI,Nick Senzel,3B
2016,S,5,1,5,NYY,Braxton Garrett,SP
2016,S,6,1,6,MIN,Ian Anderson,SP
2016,S,7,1,7,LAA,Matt Manning,SP
2016,S,8,1,8,HOU,Matt Thaiss,C
2016,S,9,1,9,WAS,Willie Calhoun,2B
2016,S,10,1,10,KC,Blake Rutherford,OF
2016,S,11,1,11,ATL,Josh Lowe,3B
2016,S,12,1,12,AZ,Delvin Perez,SS
2016,S,13,1,13,DET,Dakota Hudson,SP
2016,S,14,1,14,MIA,Cody Reed,SP
2016,S,15,1,15,STL,Tyler O'Neill,OF
2016,S,16,1,16,CHW,Aledmys Diaz,SS
2016,S,17,1,17,BOS,Chris Shaw,1B
2016,S,18,1,18,LAD,Harrison Bader,OF
2016,S,19,1,19,OAK,Alex Kirilloff,OF
2016,S,20,1,20,CIN,Forrest Whitley,SP
2016,S,21,1,21,AZ,Mitch Keller,SP
2016,S,22,1,22,TB,Ronald Acuna,OF
2016,S,23,1,23,CLE,Nolan Jones,3B
2016,S,24,1,24,TEX,Chris Paddack,SP
2016,S,25,1,25,BAL,Will Craig,3B
2016,S,26,1,26,BAL,Eric Lauer,SP
2016,S,27,1,27,CLE,Cody Sedlock,SP
2016,S,28,1,28,NYM,Gavin Lux,SS
2016,S,29,1,29,CHC,Carter Kieboom,SS
2016,S,30,1,30,CHW,T.J. Zeuch,SP
2016,S,31,2,1,BAL,Joey Wentz,SP
2016,S,32,2,2,SF,Christin Stewart,OF
2016,S,33,2,3,CHW,Justin Dunn,SP
2016,S,34,2,4,CHW,Daniel Mengden,SP
2016,S,35,2,5,BAL,Joe Rizzo,3B
2016,S,36,2,6,MIN,Will Benson,OF
2016,S,37,2,7,LAA,Dane Dunning,SP
2016,S,38,2,8,HOU,Cole Ragans,SP
2016,S,39,2,9,WAS,Jaime Schultz,SP
2016,S,40,2,10,SF,Tyler Mahle,SP
2016,S,41,2,11,ATL,Hudson Sanchez,SS
2016,S,42,2,12,WAS,Josh Ockimey,1B
2016,S,43,2,13,DET,Jake Woodford,SP
2016,S,44,2,14,MIA,Sandy Alcantara,SP
2016,S,45,2,15,CHC,Brock Stewart,SP
2016,S,46,2,16,BAL,Kevin Gowdy,SP
2016,S,47,2,17,BOS,Drew Jackson,SS
2016,S,48,2,18,LAD,Bryan Reynolds,OF
2016,S,49,2,19,COL,Ryan Mountcastle,SS
2016,S,50,2,20,CIN,Kyle Muller,SP
2016,S,51,2,21,CIN,Taylor Trammell,OF
2016,S,52,2,22,TB,Marcos Diplan,SP
2016,S,53,2,23,PIT,Kyle Barraclough,RP
2016,S,54,2,24,TEX,Anthony Banda,SP
2016,S,55,2,25,SD,Logan Allen,SP
2016,S,56,2,26,BOS,Ryan O'Hearn,1B
2016,S,57,2,27,TB,Juan Hillman,SP
2016,S,58,2,28,NYM,Yu-Cheng Chang,SS
2016,S,59,2,29,CHC,Francisco Rios,SP
2016,S,60,2,30,TOR,Buddy Reed,OF
2016,S,61,3,1,TEX,Akil Baddoo,OF
2016,S,62,3,2,SF,Roniel Raudes,SP
2016,S,63,3,3,CHW,Peter Lambert,SP
2016,S,64,3,4,PHI,Will Smith,C
2016,S,65,3,5,NYY,Zach Burdi,RP
2016,S,66,3,6,ATL,Anthony Kay,SP
2016,S,67,3,7,WAS,Ryon Healy,1B
2016,S,68,3,8,HOU,Daulton Jeffries,SP
2016,S,69,3,9,WAS,Steven Moya,OF
2016,S,70,3,10,KC,Steven Duggar,OF
2016,S,71,3,11,ATL,Anfernee Grier,OF
2016,S,72,3,12,TOR,German Marquez,SP
2016,S,73,3,13,TOR,Lamonte Wade,OF
2016,S,74,3,14,MIA,Antonio Santillan,SP
2016,S,75,3,15,COL,Albert Abreu,SP
2016,S,76,3,16,CHW,Cody Ponce,SP
2016,S,77,3,17,SEA,Joe Jimenez,RP
2016,S,78,3,18,ATL,Nick Lodolo,SP
2016,S,79,3,19,OAK,Alex Speas,SP
2016,S,80,3,20,COL,Yandy Diaz,3B
2016,S,81,3,21,AZ,Chance Adams,SP
2016,S,82,3,22,TB,Justin Maese,SP
2016,S,83,3,23,PIT,Conner Greene,SP
2016,S,84,3,24,ATL,Ben Bowden,SP
2016,S,85,3,25,PHI,Chad Kuhl,SP
2016,S,86,3,26,MIL,Drew Mendoza,3B
2016,S,87,3,27,CLE,Bo Bichette,2B
2016,S,88,3,28,NYM,Angel Perdomo,SP
2016,S,89,3,29,CHC,Lucas Erceg,3B
2016,S,90,3,30,CHW,Andrew Stevenson,OF
2016,S,91,4,1,AZ,Carson Kelly,C
2016,S,92,4,2,SF,Socrates Brito,OF
2016,S,93,4,3,CHW,Brett Martin,SP
2016,S,94,4,4,TEX,Anderson Franco,3B
2016,S,95,4,5,TB,Kevin Padlo,3B
2016,S,96,4,6,MIN,C.J. Chatham,SS
2016,S,97,4,7,PIT,Andrew Yerzy,C
2016,S,98,4,8,**HOU**,--skipped--,
2016,S,99,4,9,WAS,JaCoby Jones,SS
2016,S,100,4,10,PIT,Patrick Weigel,SP
2016,S,101,4,11,ATL,Keegan Akin,SP
2016,S,102,4,12,TOR,Yeudy Garcia,SP
2016,S,103,4,13,AZ,Chad Green,SP
2016,S,104,4,14,MIA,Matt Hall,SP
2016,S,105,4,15,COL,Max Schrock,2B
2016,S,106,4,16,COL,Steven Brault,SP
2016,S,107,4,17,BOS,Tyler White,1B
2016,S,108,4,18,LAD,Cole Stobbe,3B
2016,S,109,4,19,COL,Luis Alejandro Basabe,2B
2016,S,110,4,20,TB,Felipe Rivero,RP
2016,S,111,4,21,DET,Isaiah White,OF
2016,S,112,4,22,KC,Josh Sborz,SP
2016,S,113,4,23,PIT,Dietrich Enns,SP
2016,S,114,4,24,MIL,Robert Gsellman,SP
2016,S,115,4,25,SD,J.D. Davis,3B
2016,S,116,4,26,PIT,Dylan Cozens,OF
2016,S,117,4,27,LAD,Nick Neidert,SP
2016,S,118,4,28,MIL,John Gant,SP
2016,S,119,4,29,CHC,Jared Horn,SP
2016,S,120,4,30,PHI,Nate Orf,2B
2016,W,1,1,1,PHI,Thomas Szapucki,SP
2016,W,2,1,2,KC,Vladimir Guerrero Jr.,3B
2016,W,3,1,3,AZ,Yadier Alvarez,SP
2016,W,4,1,4,SF,Sixto Sanchez,SP
2016,W,5,1,5,WAS,Jahmai Jones,OF
2016,W,6,1,6,HOU,Greg Allen,OF
2016,W,7,1,7,CLE,Mauricio Dubon,SS
2016,W,8,1,8,LAA,D.J. Peters,OF
2016,W,9,1,9,ATL,Juan Soto,OF
2016,W,10,1,10,MIL,Jasrado Chisholm,SS
2016,W,11,1,11,BOS,Trevor Clifton,SP
2016,W,12,1,12,CHW,Matt Strahm,SP
2016,W,13,1,13,DET,Yusniel Diaz,OF
2016,W,14,1,14,LAD,Andrew Toles,OF
2016,W,15,1,15,TOR,Jesus Sanchez,OF
2016,W,16,1,16,CHC,Brandon Woodruff,SP
2016,W,17,1,17,NYY,A.J. Minter,RP
2016,W,18,1,18,MIA,Leody Taveras,OF
2016,W,19,1,19,TB,Fernando Romero,SP
2016,W,20,1,20,SD,Ryan Castellani,SP
2016,W,21,1,21,TEX,Mitch White,SP
2016,W,22,1,22,CIN,Keibert Ruiz,C
2016,W,23,1,23,MIN,Lewin Diaz,1B
2016,W,24,1,24,OAK,Andrew Moore,SP
2016,W,25,1,25,NYM,Josh Staumont,SP
2016,W,26,1,26,COL,Luis Alexander Basabe,OF
2016,W,27,1,27,BAL,Jose Albertos,SP
2016,W,28,1,28,PIT,Ramon Laureano,OF
2016,W,29,1,29,SEA,Andy Ibanez,2B
2016,W,30,1,30,STL,Desmond Lindsay,OF
2017,S,1,1,1,PHI,Kyle Wright,SP
2017,S,2,1,2,KC,Hunter Greene,SP
2017,S,3,1,3,BAL,Mackenzie Gore,SP
2017,S,4,1,4,TOR,Royce Lewis,SS
2017,S,5,1,5,BAL,Dustin Fowler,OF
2017,S,6,1,6,HOU,Adam Haseley,OF
2017,S,7,1,7,ATL,Domingo Leyba,2B
2017,S,8,1,8,LAA,Luis Urias,2B
2017,S,9,1,9,ATL,Jordan Adell,OF
2017,S,10,1,10,BAL,Fernando Tatis Jr.,SS
2017,S,11,1,11,PIT,Austin Beck,OF
2017,S,12,1,12,CHW,J.B. Bukauskas,SP
2017,S,13,1,13,DET,Logan Warmoth,SS
2017,S,14,1,14,LAD,David Peterson,SP
2017,S,15,1,15,SF,Shane Baz,SP
2017,S,16,1,16,CHC,Keston Hiura,2B
2017,S,17,1,17,NYY,Nick Pratto,1B
2017,S,18,1,18,NYM,D.L. Hall,SP
2017,S,19,1,19,AZ,Adonis Medina,SP
2017,S,20,1,20,SD,Jordan Montgomery,SP
2017,S,21,1,21,NYY,Sam Carlson,SP
2017,S,22,1,22,AZ,Lucius Fox,SS
2017,S,23,1,23,MIN,Jake Burger,3B
2017,S,24,1,24,OAK,Alex Faedo,SP
2017,S,25,1,25,NYM,Dinelson Lamet,SP
2017,S,26,1,26,COL,Luis Castillo,SP
2017,S,27,1,27,NYY,Seth Romero,SP
2017,S,28,1,28,PIT,Tony Wolters,C
2017,S,29,1,29,BAL,Colton Welker,3B
2017,S,30,1,30,COL,Cristian Pache,OF
2017,S,31,2,1,PHI,Daniel Gossett,SP
2017,S,32,2,2,KC,Jacob Nix,SP
2017,S,33,2,3,AZ,Shedric Long,2B
2017,S,34,2,4,SF,Dawel Lugo,SS
2017,S,35,2,5,TOR,Zack Littell,SP
2017,S,36,2,6,HOU,Gavin Sheets,1B
2017,S,37,2,7,CLE,Nate Pearson,SP
2017,S,38,2,8,KC,Bubba Thompson,OF
2017,S,39,2,9,COL,Corbin Burnes,SP
2017,S,40,2,10,TOR,Drew Waters,OF
2017,S,41,2,11,BOS,Evan White,1B
2017,S,42,2,12,CHW,Chris Rodriguez,SP
2017,S,43,2,13,DET,Brent Rooker,OF
2017,S,44,2,14,LAD,Austin Slater,2B
2017,S,45,2,15,TOR,Thario Estrada,2B
2017,S,46,2,16,TB,Joe Biagini,SP
2017,S,47,2,17,NYY,Victor Caratini,C
2017,S,48,2,18,MIA,Trevor Rogers,SP
2017,S,49,2,19,TB,Dustin May,SP
2017,S,50,2,20,KC,Austin Hays,OF
2017,S,51,2,21,TEX,Mason Thompson,SP
2017,S,52,2,22,CIN,Ryan Vilade,3B
2017,S,53,2,23,MIN,Jeter Downs,SS
2017,S,54,2,24,OAK,Heliot Ramos,OF
2017,S,55,2,25,NYM,Tristan Beck,SP
2017,S,56,2,26,SF,Estevan Florial,OF
2017,S,57,2,27,CHC,Drew Ellis,3B
2017,S,58,2,28,PIT,Taylor Clarke,SP
2017,S,59,2,29,PIT,Jordan Humphreys,SP
2017,S,60,2,30,SF,Tyler Watson,SP
2017,S,61,3,1,PHI,Heath Quinn,OF
2017,S,62,3,2,COL,Danny Jansen,C
2017,S,63,3,3,AZ,Franmil Reyes,OF
2017,S,64,3,4,TOR,Michael Mercado,SP
2017,S,65,3,5,LAA,MJ Melendez,C
2017,S,66,3,6,TEX,Rogelio Armenteros,SP
2017,S,67,3,7,CLE,Hans Crouse,SP
2017,S,68,3,8,PIT,Edwin Rios,1B
2017,S,69,3,9,SF,Khalil Lee,OF
2017,S,70,3,10,COL,Jon Duplantier,SP
2017,S,71,3,11,CLE,Nick Allen,SS
2017,S,72,3,12,CHW,Isaac Paredes,SS
2017,S,73,3,13,NYM,Phil Maton,RP
2017,S,74,3,14,PHI,Anderson Tejeda,SS
2017,S,75,3,15,TOR,Austin Franklin,SP
2017,S,76,3,16,CHC,Brandon Marsh,OF
2017,S,77,3,17,NYY,Matt Sauer,SP
2017,S,78,3,18,MIA,Clarke Schmidt,SP
2017,S,79,3,19,TEX,Joey Lucchesi,SP
2017,S,80,3,20,CLE,Blayne Enlow,SP
2017,S,81,3,21,KC,Tyler Wade,SS
2017,S,82,3,22,COL,Nick Solak,2B
2017,S,83,3,23,MIN,Tzu-Wei Lin,SS
2017,S,84,3,24,PHI,Travis Blankenhorn,3B
2017,S,85,3,25,MIL,Hagen Danner,C
2017,S,86,3,26,OAK,Seuly Matias,OF
2017,S,87,3,27,KC,Wladimir Galindo,3B
2017,S,88,3,28,PIT,Brandon Lowe,2B
2017,S,89,3,29,BAL,Pedro Gonzalez,OF
2017,S,90,3,30,NYM,Brendan Little,SP
2017,S,91,4,1,PHI,Brayan Hernandez,OF
2017,S,92,4,2,KC,Mark Vientos,SS
2017,S,93,4,3,AZ,Jordan Romero,SP
2017,S,94,4,4,KC,Miguelangel Sierra,SS
2017,S,95,4,5,TEX,Gavin LaValley,1B
2017,S,96,4,6,NYM,Juan De Leon,OF
2017,S,97,4,7,CLE,Jake Eder,SP
2017,S,98,4,8,LAA,Drew Rasmussen,SP
2017,S,99,4,9,MIL,Jacob Gonzalez,3B
2017,S,100,4,10,CHW,Adam Frazier,SS
2017,S,101,4,11,TB,Gilberto Celestino,OF
2017,S,102,4,12,CHW,Chris Seise,SS
2017,S,103,4,13,NYM,Alex Claudio,RP
2017,S,104,4,14,LAD,Genesis Cabrera,SP
2017,S,105,4,15,CHC,Sean Murphy,C
2017,S,106,4,16,BAL,Steven Jennings,SP
2017,S,107,4,17,SEA,Jimmy Herget,RP
2017,S,108,4,18,SD,Jaime Barria,SP
2017,S,109,4,19,TB,Quentin Holmes,OF
2017,S,110,4,20,SD,Dermis Garcia,3B
2017,S,111,4,21,OAK,Derian Cruz,SS
2017,S,112,4,22,**CIN**,--skipped--,
2017,S,113,4,23,SD,Jhailyn Ortiz,OF
2017,S,114,4,24,MIL,Jared Miller,RP
2017,S,115,4,25,MIL,Jake Junis,SP
2017,S,116,4,26,COL,Zack Granite,OF
2017,S,117,4,27,BOS,Curtis Taylor,SP
2017,S,118,4,28,PIT,Myles Straw,OF
2017,S,119,4,29,SEA,Merandy Gonzalez,SP
2017,S,120,4,30,TB,Taylor Hearn,SP
2017,W,1,1,1,BAL,Michel Baez,SP
2017,W,2,1,2,PHI,Kevin Maitan,SS
2017,W,3,1,3,ATL,Adrian Morejon,SP
2017,W,4,1,4,SF,Vladimir Gutierrez,SP
2017,W,5,1,5,HOU,Jose Soriano,SP
2017,W,6,1,6,KC,Yordan Alvarez,1B
2017,W,7,1,7,STL,Adbert Alzolay,SP
2017,W,8,1,8,NYY,Freicer Perez,SP
2017,W,9,1,9,LAA,Trevor Oaks,SP
2017,W,10,1,10,MIN,Corbin Martin,SP
2017,W,11,1,11,LAD,Aramis Ademan,SS
2017,W,12,1,12,MIL,Jesus Luzardo,SP
2017,W,13,1,13,CLE,Jose Siri,OF
2017,W,14,1,14,BOS,Tristan Lutz,OF
2017,W,15,1,15,TOR,Wander Javier,SS
2017,W,16,1,16,MIA,Jalen Beeks,SP
2017,W,17,1,17,CIN,Yasel Antuna,SS
2017,W,18,1,18,CHW,Andres Gimenez,SS
2017,W,19,1,19,NYM,Cionel Perez,SP
2017,W,20,1,20,AZ,Bryse Wilson,SP
2017,W,21,1,21,CHC,Jorge Guzman,SP
2017,W,22,1,22,SEA,Daulton Varsho,C
2017,W,23,1,23,TEX,Daniel Johnson,OF
2017,W,24,1,24,SD,Jose Adolis Garcis,OF
2017,W,25,1,25,COL,Jojo Romero,SP
2017,W,26,1,26,OAK,Jairo Solis,SP
2017,W,27,1,27,DET,Starling Heredia,OF
2017,W,28,1,28,PIT,Yonny Chirinos,SP
2017,W,29,1,29,TB,Willi Castro,SS
2017,W,30,1,30,WAS,Lazaro Armenteros,OF
2018,S,1,1,1,BAL,Joey Bart,C
2018,S,2,1,2,PHI,Casey Mize,SP
2018,S,3,1,3,ATL,Nick Madrigal,2B
2018,S,4,1,4,NYY,Brady Singer,SP
2018,S,5,1,5,COL,Matthew Liberatore,SP
2018,S,6,1,6,KC,Travis Swaggerty,OF
2018,S,7,1,7,STL,Alec Bohm,3B
2018,S,8,1,8,SF,Shane McClanahan,SP
2018,S,9,1,9,LAA,Jonathan India,3B
2018,S,10,1,10,MIN,Carter Stewart,SP
2018,S,11,1,11,LAD,Logan Gilbert,SP
2018,S,12,1,12,TOR,Nolan Gorman,3B
2018,S,13,1,13,CLE,Jarred Kelenic,OF
2018,S,14,1,14,BOS,Triston Casas,1B
2018,S,15,1,15,TOR,Cole Winn,SP
2018,S,16,1,16,MIA,Pablo Lopez,SP
2018,S,17,1,17,STL,Andrew Knizner,C
2018,S,18,1,18,CHW,Brusdar Graterol,SP
2018,S,19,1,19,DET,Grayson Rodriguez,SP
2018,S,20,1,20,TEX,Peter Alonso,1B
2018,S,21,1,21,CHC,Cavan Biggio,2B
2018,S,22,1,22,SEA,Freddy Peralta,SP
2018,S,23,1,23,TEX,Shane Bieber,SP
2018,S,24,1,24,BAL,Cole Wilcox,SP
2018,S,25,1,25,STL,Ryan Weathers,SP
2018,S,26,1,26,OAK,Brice Turang,SS
2018,S,27,1,27,MIA,Jonathan Loaisiga,SP
2018,S,28,1,28,STL,Kyler Murray,OF
2018,S,29,1,29,NYY,Trevor Larnach,OF
2018,S,30,1,30,BAL,Mason Denaburg,SP
2018,S,31,2,1,WAS,Zac Lowther,SP
2018,S,32,2,2,PHI,Ryan Borucki,SP
2018,S,33,2,3,ATL,Dennis Santana,SP
2018,S,34,2,4,SF,Garrett Hampson,2B
2018,S,35,2,5,COL,Calvin Mitchell,OF
2018,S,36,2,6,KC,Luis Medina,SP
2018,S,37,2,7,TB,Nick Pivetta,SP
2018,S,38,2,8,CHW,Tirso Ornelas,OF
2018,S,39,2,9,CIN,Josh James,SP
2018,S,40,2,10,MIN,Connor Scott,OF
2018,S,41,2,11,LAD,Kumar Rocker,SP
2018,S,42,2,12,WAS,Noah Naylor,C
2018,S,43,2,13,TOR,Jackson Kowar,SP
2018,S,44,2,14,BOS,Blaine Knight,SP
2018,S,45,2,15,TOR,Jeremiah Jackson,3B
2018,S,46,2,16,MIA,Enyel De Los Santos,SP
2018,S,47,2,17,AZ,Miguel Amaya,C
2018,S,48,2,18,ATL,Jordan Hicks,RP
2018,S,49,2,19,NYM,Jose Suarez,SP
2018,S,50,2,20,TB,Jordyn Adams,OF
2018,S,51,2,21,CHC,Ethan Hankins,SP
2018,S,52,2,22,SEA,Caleb Ferguson,SP
2018,S,53,2,23,AZ,Oneil Cruz,SS
2018,S,54,2,24,SD,Ryan Rolison,SP
2018,S,55,2,25,COL,Ronaldo Hernandez,C
2018,S,56,2,26,OAK,Anthony Seigler,C
2018,S,57,2,27,MIA,Oscar Mercado,OF
2018,S,58,2,28,TB,Vidal Brujan,2B
2018,S,59,2,29,CIN,Jordan Groshans,3B
2018,S,60,2,30,CIN,Resly Linares,SP
2018,S,61,3,1,BAL,Greyson Jenista,OF
2018,S,62,3,2,PHI,Seranthony Dominguez,RP
2018,S,63,3,3,PIT,Nathaniel Lowe,1B
2018,S,64,3,4,SF,Esteury Ruiz,2B
2018,S,65,3,5,NYY,Sean Hjelle,SP
2018,S,66,3,6,KC,Seth Beer,1B
2018,S,67,3,7,TOR,William Contreras,C
2018,S,68,3,8,NYY,Emilio Vargas,SP
2018,S,69,3,9,LAA,Xavier Edwards,SS
2018,S,70,3,10,MIN,Nick Schnell,OF
2018,S,71,3,11,BOS,Taylor Widener,SP
2018,S,72,3,12,MIL,Griffin Conine,OF
2018,S,73,3,13,BAL,Nander De Sedas,SS
2018,S,74,3,14,AZ,Colin Poche,SP
2018,S,75,3,15,COL,Ryan McKenna,OF
2018,S,76,3,16,PIT,Cristian Javier,SP
2018,S,77,3,17,CIN,Kevin Kramer,2B
2018,S,78,3,18,TEX,Cody Bolton,SP
2018,S,79,3,19,NYM,Lolo Sanchez,OF
2018,S,80,3,20,AZ,Matt Tabor,SP
2018,S,81,3,21,SF,Deivi Garcia,SP
2018,S,82,3,22,SEA,Jorge Alcala,SP
2018,S,83,3,23,TOR,Reggie Lawson,SP
2018,S,84,3,24,SD,Nico Hoerner,SS
2018,S,85,3,25,CIN,Roansy Contreras,SP
2018,S,86,3,26,BOS,Kody Clemens,2B
2018,S,87,3,27,AZ,Jeisson Rosario,OF
2018,S,88,3,28,TOR,Jose Devers,SS
2018,S,89,3,29,PIT,Lyon Richardson,SP
2018,S,90,3,30,BOS,Luken Baker,1B
2018,S,91,4,1,CLE,Elehuris Montero,3B
2018,S,92,4,2,PHI,Reyes Moronta,RP
2018,S,93,4,3,TB,Brett Cumberland,C
2018,S,94,4,4,SF,Edward Cabrera,SP
2018,S,95,4,5,CHW,Ryan Helsley,SP
2018,S,96,4,6,KC,Luis Garcia,SS
2018,S,97,4,7,BAL,Lenny Torres Jr.,SP
2018,S,98,4,8,NYY,Brad Keller,SP
2018,S,99,4,9,COL,Jared Oliva,OF
2018,S,100,4,10,MIN,Jeremy Eierman,3B
2018,S,101,4,11,LAD,Wil Crowe,SP
2018,S,102,4,12,CHW,Matt McLain,2B
2018,S,103,4,13,CLE,Adam Kloffenstein,SP
2018,S,104,4,14,MIL,Nicky Lopez,SS
2018,S,105,4,15,PHI,Cedric Mullins,OF
2018,S,106,4,16,MIA,Johan Carmago,3B
2018,S,107,4,17,CIN,Luis Oviedo,SP
2018,S,108,4,18,CHW,Hector Perez,SP
2018,S,109,4,19,KC,Francisco Morales,SP
2018,S,110,4,20,MIL,Kevin Smith,SS
2018,S,111,4,21,CHC,Slade Cecconi,SP
2018,S,112,4,22,OAK,Owen White,SP
2018,S,113,4,23,TOR,Jhoan Duran,SP
2018,S,114,4,24,COL,Luis Rengifo,SS
2018,S,115,4,25,OAK,Daniel Lynch,SP
2018,S,116,4,26,MIL,Kameron Guangorena,C
2018,S,117,4,27,CIN,Cadyn Grenier,SS
2018,S,118,4,28,SF,Bryan Mata,SP
2018,S,119,4,29,LAA,Rylan Bannon,3B
2018,S,120,4,30,**DET**,--skipped--,
2018,W,1,1,1,MIN,Wander Franco,SS
2018,W,2,1,2,ATL,Luis Robert,OF
2018,W,3,1,3,TOR,Luis Patino,SP
2018,W,4,1,4,HOU,Zac Gallen,SP
2018,W,5,1,5,CIN,Freudis Nova,SS
2018,W,6,1,6,SF,Eric Pardinho,SP
2018,W,7,1,7,LAD,Brailyn Marquez,SP
2018,W,8,1,8,MIL,Spencer Howard,SP
2018,W,9,1,9,WAS,Ronny Mauricio,SS
2018,W,10,1,10,KC,Kristian Robinson,OF
2018,W,11,1,11,NYY,Julio Pablo Martinez,OF
2018,W,12,1,12,BOS,Miguel Vargas,3B
2018,W,13,1,13,MIA,Tucupita Marcano,2B
2018,W,14,1,14,STL,Jake McCarthy,OF
2018,W,15,1,15,PHI,Brayan Rocchio,SS
2018,W,16,1,16,DET,Kris Bubic,SP
2018,W,17,1,17,LAA,Dylan Carlson,OF
2018,W,18,1,18,TEX,Cole Roederer,OF
2018,W,19,1,19,SEA,Grant Lavigne,1B
2018,W,20,1,20,PIT,Lourdes Gurriel Jr.,SS
2018,W,21,1,21,SD,George Valera,OF
2018,W,22,1,22,BAL,Shervyen Newton,SS
2018,W,23,1,23,CLE,Luis Garcia,SS
2018,W,24,1,24,OAK,Freddy Tarnok,SP
2018,W,25,1,25,CHC,Antoni Flores,SS
2018,W,26,1,26,COL,Jose Castillo,RP
2018,W,27,1,27,CHW,Alexander Canario,OF
2018,W,28,1,28,AZ,Brock Burke,SP
2018,W,29,1,29,TB,Carlos Vargas,SP
2018,W,30,1,30,NYM,Everson Pereira,OF
2019,S,1,1,1,MIN,Adley Rutschman,C
2019,S,2,1,2,ATL,Bobby Witt Jr.,SS
2019,S,3,1,3,TOR,JJ Bleday,OF
2019,S,4,1,4,HOU,Andrew Vaughn,1B
2019,S,5,1,5,CIN,Riley Greene,OF
2019,S,6,1,6,SFG,Josh Jung,3B
2019,S,7,1,7,LAD,Jarren Duran,OF
2019,S,8,1,8,TOR,Alek Manoah,SP
2019,S,9,1,9,COL,Hunter Bishop,OF
2019,S,10,1,10,TOR,Matthew Allan,SP
2019,S,11,1,11,NYM,CJ Abrams,SS
2019,S,12,1,12,TOR,Alek Thomas,OF
2019,S,13,1,13,MIA,David Fletcher,2B
2019,S,14,1,14,STL,Shea Langeliers,C
2019,S,15,1,15,MIN,Brett Baty,3B
2019,S,16,1,16,DET,Keoni Cavaco,3B
2019,S,17,1,17,LAA,Jackson Rutledge,SP
2019,S,18,1,18,TEX,Geraldo Perdomo,SS
2019,S,19,1,19,COL,Abraham Toro-Hernandez,3B
2019,S,20,1,20,PIT,Daniel Espino,SP
2019,S,21,1,21,BOS,Logan Davidson,SS
2019,S,22,1,22,BAL,Kameron Misner,OF
2019,S,23,1,23,KC,Jordan Balazovic,SP
2019,S,24,1,24,**OAK**,--skipped--,
2019,S,25,1,25,CHC,Corbin Carroll,OF
2019,S,26,1,26,COL,Tyler Freeman,SS
2019,S,27,1,27,CHW,Diego Castillo,RP
2019,S,28,1,28,AZ,Antonio Cabello,OF
2019,S,29,1,29,TB,Bryson Stott,SS
2019,S,30,1,30,NYM,Joe Palumbo,SP
2019,S,31,2,1,MIN,Will Wilson,2B
2019,S,32,2,2,ATL,Brennan Malone,SP
2019,S,33,2,3,BOS,D'Shawn Knowles,OF
2019,S,34,2,4,TOR,Quinn Priester,SP
2019,S,35,2,5,CIN,Greg Jones,SS
2019,S,36,2,6,SF,Kody Hoese,3B
2019,S,37,2,7,LAD,George Kirby,SP
2019,S,38,2,8,TEX,Josiah Gray,SP
2019,S,39,2,9,NYM,Michael Busch,2B
2019,S,40,2,10,KC,Jose Alvarado,RP
2019,S,41,2,11,TOR,Zack Thompson,SP
2019,S,42,2,12,CHC,JJ Goss,SP
2019,S,43,2,13,PHI,Braden Shewmake,SS
2019,S,44,2,14,STL,Mike Toglia,1B
2019,S,45,2,15,PHI,Kyle Isbel,OF
2019,S,46,2,16,DET,Blake Walston,SP
2019,S,47,2,17,LAA,Brennen Davis,OF
2019,S,48,2,18,AZ,Yerry Rodriguez,SP
2019,S,49,2,19,MIN,Ryan Jensen,SP
2019,S,50,2,20,PIT,Tyler Ivey,SP
2019,S,51,2,21,SD,Gunnar Henderson,SS
2019,S,52,2,22,AZ,Luis Campusano,C
2019,S,53,2,23,STL,Ethan Small,SP
2019,S,54,2,24,KC,Simeon Woods-Richardson,SP
2019,S,55,2,25,CHC,Matthew Lugo,SS
2019,S,56,2,26,MIN,Anthony Volpe,SS
2019,S,57,2,27,CHW,Luis Gil,SP
2019,S,58,2,28,STL,Korey Lee,C
2019,S,59,2,29,TB,Luis Arraez,2B
2019,S,60,2,30,NYM,Owen Miller,SS
2019,S,61,3,1,MIN,Drey Jameson,SP
2019,S,62,3,2,CHC,Tyler Callihan,2B
2019,S,63,3,3,BOS,Zach Plesac,SP
2019,S,64,3,4,BOS,Darwinzon Hernandez,SP
2019,S,65,3,5,TB,Jose Israel Garcia,SS
2019,S,66,3,6,SF,Gabriel Arias,SS
2019,S,67,3,7,LAD,Matt Wallner,OF
2019,S,68,3,8,MIL,Jack Leiter,SP
2019,S,69,3,9,MIL,Richard Lovelady,SP
2019,S,70,3,10,KC,Tony Gonsolin,SP
2019,S,71,3,11,NYY,Rece Hinds,SS
2019,S,72,3,12,MIL,Tahnaj Thomas,SP
2019,S,73,3,13,MIL,Sherten Apostel,3B
2019,S,74,3,14,STL,Sammy Siani,OF
2019,S,75,3,15,NYM,Jelfry Marte,SS
2019,S,76,3,16,DET,TJ Sikkema,SP
2019,S,77,3,17,NYM,Aaron Ashby,SP
2019,S,78,3,18,NYY,Isaiah Campbell,SP
2019,S,79,3,19,TOR,Kyren Paris,SS
2019,S,80,3,20,PIT,Sam Huff,C
2019,S,81,3,21,SD,Drew Rom,SP
2019,S,82,3,22,BAL,Jordan Yamamoto,SP
2019,S,83,3,23,DET,Seth Johnson,SP
2019,S,84,3,24,OAK,Alex McFarlane,SP
2019,S,85,3,25,TB,Bryan Abreu,SP
2019,S,86,3,26,MIL,Simon Muzziotti,OF
2019,S,87,3,27,CHW,Yunior Severino,2B
2019,S,88,3,28,MIL,Hunter Barco,SP
2019,S,89,3,29,ATL,Junior Santos,SP
2019,S,90,3,30,NYM,Jose Hernandez-Urquidy,SP
2019,S,91,4,1,MIN,Davis Wendzel,3B
2019,S,92,4,2,COL,Tarik Skubal,SP
2019,S,93,4,3,MIL,Cal Raleigh,C
2019,S,94,4,4,CHW,Mario Feliciano,C
2019,S,95,4,5,CIN,Ty France,3B
2019,S,96,4,6,SF,Andres Munoz,SP
2019,S,97,4,7,LAD,Chase Strumpf,2B
2019,S,98,4,8,LAD,Logan Wyatt,1B
2019,S,99,4,9,ATL,Julio Rodriguez,C
2019,S,100,4,10,KC,James Karinchak,SP
2019,S,101,4,11,TB,Liover Peguero,SS
2019,S,102,4,12,MIA,Luis Barrera,OF
2019,S,103,4,13,PHI,Jameson Hannah,OF
2019,S,104,4,14,PIT,Niko Hulsizer,OF
2019,S,105,4,15,OAK,Nasim Nunez,SS
2019,S,106,4,16,PHI,Terrin Vavra,SS
2019,S,107,4,17,MIL,Luis Toribio,3B
2019,S,108,4,18,PIT,Yoan Lopez,RP
2019,S,109,4,19,SEA,Rico Garcia,SP
2019,S,110,4,20,MIN,Cameron Cannon,SS
2019,S,111,4,21,MIA,Jake Cronenworth,SS
2019,S,112,4,22,BAL,Spencer Jones,1B
2019,S,113,4,23,BAL,Josh Wolf,SP
2019,S,114,4,24,OAK,Jack Kochanowicz,SP
2019,S,115,4,25,AZ,Shaun Anderson,SP
2019,S,116,4,26,STL,Brady McConnell,SS
2019,S,117,4,27,AZ,Jordan Holloway,SP
2019,S,118,4,28,LAD,Jimmy Lewis,SP
2019,S,119,4,29,NYM,Jake Rogers,C
2019,S,120,4,30,MIL,Taylor Jones,1B
2019,S,121,4,31,TB,Omar Estevez,SS
