name,year,est_year_watched,genre,sub_genre,movie_length,peak,consistency,premise,plot,information_gain,desired_effects,wit,length,timelessness,adjustment,overall_grade
"""12 Angry Men""",1957,2012,"""drama""","""""",96,60,60,60,70,50,60,60,60,60,,59.8
"""127 Hours""",2010,2012,"""adventure""","""biography""",94,20,40,40,40,30,20,20,30,40,,30.7
"""1984""",1984,2017,"""sci-fi""","""""",113,40,30,60,60,40,20,30,40,30,,37.3
"""21""",2008,2009,"""drama""","""""",123,50,60,60,60,60,50,50,40,60,,55.1
"""21 Jump Street""",2012,2014,"""comedy""","""""",110,70,60,55,55,40,70,60,60,60,,60.4
"""22 Jump Street""",2014,2015,"""comedy""","""""",112,60,60,55,55,40,60,50,50,60,,56.0
"""300""",2006,2008,"""action""","""""",117,40,30,50,50,40,50,30,40,50,,42.2
"""42""",2013,2014,"""biography""","""sports""",128,60,60,60,60,60,60,40,40,60,,57.6
"""50 First Dates""",2004,2007,"""romantic comedy""","""""",99,40,50,30,40,30,50,50,40,40,,41.5
"""50/50""",2011,2012,"""drama""","""comedy""",110,50,30,50,50,40,40,30,40,50,,42.9
"""6 Days to Air-The Making Of South Park""",2011,2011,"""documentary""","""comedy""",42,70,70,70,60,60,70,70,70,70,,68.3
"""61*""",2001,2005,"""biography""","""drama""",129,60,50,70,70,60,60,40,40,50,,56.3
"""A Beautiful Mind""",2001,2014,"""biography""","""drama""",140,70,60,75,75,65,70,60,50,70,,67.2
"""A Clockwork Orange""",1971,2011,"""crime""","""drama""",136,60,35,60,60,40,50,50,30,50,,49.5
"""A Knight's Tale""",2001,2004,"""adventure""","""action""",132,65,65,65,65,40,65,65,40,60,,60.6
"""A League of Their Own""",1992,2020,"""sports""","""drama""",128,50,65,70,60,60,55,55,40,60,,57.8
"""A Night at the Roxbury""",1998,2020,"""comedy""","""""",82,70,60,40,40,40,65,60,60,60,,57.2
"""Accepted""",2006,2007,"""comedy""","""""",93,60,40,50,40,30,60,50,60,50,,49.5
"""Adult World""",2013,2015,"""comedy""","""""",97,60,50,40,40,40,50,60,60,50,,50.5
"""After Hours""",1985,2025,"""comedy""","""""",97,50,50,40,40,30,60,50,55,55,,48.5
"""Air Bud""",1997,2020,"""family""","""sports""",98,50,40,50,40,30,50,50,50,70,,48.8
"""Airplane!""",1980,2020,"""comedy""","""""",88,70,70,50,50,50,70,70,70,75,,65.4
"""All the President's Men""",1976,2005,"""history""","""drama""",138,70,70,70,70,70,70,60,50,65,,67.6
"""Almost Famous""",2000,2007,"""comedy""","""drama""",162,60,45,55,65,50,50,40,20,55,,51.3
"""AlphaGo""",2017,2018,"""documentary""","""""",90,70,70,70,50,70,70,50,70,50,,64.1
"""Amelie""",2001,2010,"""romantic comedy""","""french""",129,60,50,50,50,30,50,40,20,50,,47.8
"""American History X""",1998,2010,"""crime""","""drama""",119,60,60,60,70,50,60,50,40,60,,58.0
"""American Movie""",1999,2024,"""documentary""","""comedy""",107,40,50,55,45,40,50,45,55,55,,47.8
"""An Inconvenient Truth""",2006,2006,"""documentary""","""""",96,50,50,50,50,70,60,40,40,50,,52.0
"""Anchorman: The Legend of Ron Burgundy""",2004,2008,"""comedy""","""""",94,65,65,50,40,30,60,60,55,60,,56.1
"""Angels & Demons""",2009,2011,"""mystery""","""""",138,30,40,40,30,50,30,20,20,40,,34.6
"""Angels in the Outfield""",1994,2002,"""fantasy""","""sports""",102,60,60,50,50,40,60,40,60,50,,53.4
"""Anger Management""",2003,2007,"""comedy""","""""",106,30,30,30,40,30,40,30,50,40,,34.4
"""Any Given Sunday""",1999,2022,"""drama""","""sports""",162,40,60,45,50,40,55,40,30,50,,47.0
"""Anyone But You""",2023,2025,"""romantic comedy""","""""",103,40,40,40,40,30,55,50,50,45,,42.8
"""Argylle""",2024,2024,"""action""","""""",139,60,50,45,45,30,60,55,40,60,,51.7
"""Armageddon""",1998,2025,"""action""","""sci-fi""",151,50,50,60,50,35,60,45,40,60,,51.3
"""Asteroid City""",2023,2024,"""comedy""","""""",105,40,50,45,45,30,60,55,50,45,,46.1
"""Avatar(2): The Way of Water [3D]""",2022,2022,"""action""","""fantasy""",192,60,50,50,60,30,60,40,40,40,,49.3
"""Baby Driver""",2017,2018,"""action""","""""",113,60,50,50,60,40,60,40,50,50,,52.2
"""Back to the Future(1)""",1985,2003,"""adventure""","""sci-fi""",116,65,60,70,60,50,70,60,60,60,,62.2
"""Back to the Future(2)""",1985,2003,"""adventure""","""sci-fi""",108,60,50,60,50,40,60,50,50,50,,53.2
"""Back to the Future(3)""",1990,2003,"""adventure""","""sci-fi""",118,50,50,50,40,40,50,40,40,50,,47.1
"""Bad News Bears""",1979,2017,"""comedy""","""sports""",102,45,40,50,50,30,50,50,50,50,,45.6
"""Bad News Bears""",2005,2017,"""comedy""","""sports""",113,40,40,50,50,30,40,40,40,40,,40.7
"""Bad Trip""",2021,2022,"""comedy""","""""",84,60,40,50,40,30,55,55,60,40,,47.8
"""BASEketball""",1998,2005,"""comedy""","""sports""",103,75,60,70,60,40,70,70,70,70,,65.9
"""Baywatch""",2017,2018,"""comedy""","""action""",116,40,50,30,30,40,30,30,30,30,,35.9
"""Beavis and Butt-Head Do the Universe""",2022,2025,"""comedy""","""animation""",87,55,55,55,50,30,60,55,60,55,,53.0
"""Beerfest""",2006,2009,"""comedy""","""""",110,60,60,50,50,40,60,60,50,60,,55.9
"""Beetlejuice""",2018,2019,"""broadway play""","""musical""",150,65,40,40,40,30,50,60,30,50,,47.6
"""Behind The Curve""",2018,2019,"""documentary""","""""",96,50,50,60,40,60,45,40,60,40,,48.9
"""Being John Malkovich""",1999,2013,"""drama""","""comedy""",112,50,40,60,50,50,50,60,50,50,,50.2
"""Bergman Island""",2021,2022,"""romance""","""drama""",112,30,40,40,30,40,40,30,30,30,,34.6
"""Better Off Dead""",1985,2007,"""comedy""","""""",97,70,50,70,50,40,60,70,60,60,,59.5
"""Between Two Ferns: The Movie""",2019,2019,"""comedy""","""""",82,50,50,40,40,40,60,60,60,40,,48.3
"""Big Daddy""",1999,2004,"""comedy""","""""",93,60,50,40,40,30,50,40,50,50,,47.6
"""Big Hero 6""",2014,2016,"""superhero""","""animated""",102,60,60,60,60,50,60,60,60,50,,57.6
"""Bill and Ted Face the Music""",2020,2025,"""comedy""","""""",91,50,50,55,55,30,45,40,50,50,,47.6
"""Bill and Teds Bogus Journey""",1991,2005,"""comedy""","""""",93,55,40,60,50,50,50,60,60,60,,53.2
"""Bill and Teds Excellent Adventure""",1989,2005,"""comedy""","""""",89,80,70,70,60,60,80,70,80,80,,73.4
"""Billy Madison""",1995,2000,"""comedy""","""""",89,60,60,50,40,40,60,60,70,60,,56.1
"""Blackballed: The Bobby Dukes Story""",2004,2024,"""comedy""","""""",91,65,40,50,45,30,55,60,50,50,,50.5
"""Blade""",1998,2025,"""superhero""","""sci-fi""",120,60,50,60,50,30,60,40,50,60,,52.9
"""Blades of Glory""",2007,2013,"""comedy""","""sports""",93,40,50,40,40,30,50,50,50,30,,41.5
"""Blood Diamond""",2006,2007,"""adventure""","""drama""",143,50,20,30,50,40,30,30,20,40,,35.9
"""Bolt""",2008,2014,"""adventure""","""animated""",96,50,40,40,40,30,50,40,50,40,,42.7
"""Borat: Cultural Learnings of America for Make Benefit Glorius Nation of Kazakhstan""",2006,2007,"""comedy""","""mockumentary""",84,60,40,60,40,40,60,60,60,30,,49.3
"""Bottle Rocket""",1996,2012,"""comedy""","""crime""",91,60,60,60,50,40,50,60,60,50,,54.6
"""Bottoms""",2023,2023,"""comedy""","""""",91,55,65,50,40,30,60,60,60,55,,53.7
"""Bourne(1): The Bourne Identity""",2002,2003,"""action""","""thriller""",119,70,60,60,60,50,60,50,40,60,,59.3
"""Bourne(2): The Bourne Supremacy""",2004,2005,"""action""","""thriller""",108,70,60,60,60,50,60,50,50,50,,58.3
"""Bourne(3): The Bourne Ultimatum""",2007,2008,"""action""","""thriller""",115,50,60,50,50,50,50,40,40,40,,48.8
"""Breaking News""",2004,2025,"""action""","""crime""",90,45,45,60,60,30,55,40,50,50,,47.9
"""Brick""",2005,2012,"""mystery""","""""",110,70,60,60,70,50,60,40,40,50,,57.8
"""Bruce Almighty""",2003,2005,"""comedy""","""fantasy""",101,40,60,50,50,50,50,50,50,50,,49.5
"""Bruno""",2009,2016,"""comedy""","""mockumentary""",82,40,30,40,20,40,40,40,60,40,,38.0
"""Bubble Boy""",2001,2019,"""comedy""","""adventure""",84,50,50,40,40,30,50,40,60,40,,44.6
"""Burn After Reading""",2008,2009,"""comedy""","""crime""",96,40,50,40,40,40,40,40,50,40,,42.0
"""Butter""",2011,2013,"""comedy""","""""",90,60,50,60,50,50,60,50,60,50,,54.6
"""Caddyshack""",1980,2011,"""comedy""","""sports""",98,60,60,50,50,40,60,60,60,65,,57.1
"""Cafe Express""",1980,2022,"""comedy""","""""",100,40,65,35,35,40,55,50,50,50,,47.3
"""Cars""",2006,2011,"""animated""","""comedy""",117,40,40,30,30,30,50,40,40,50,,40.0
"""Cast Away""",2000,2005,"""adventure""","""drama""",143,70,50,60,70,50,70,70,40,80,,64.1
"""Catch Me If You Can""",2002,2008,"""drama""","""biography""",141,70,50,70,60,60,70,70,40,60,,62.4
"""Central Intelligence""",2016,2018,"""comedy""","""action""",107,60,40,40,30,30,50,60,60,40,,45.9
"""Chasing Mavericks""",2012,2015,"""drama""","""biography""",116,40,50,40,40,30,50,40,50,40,,42.2
"""Children Who Chase Lost Voices""",2011,2017,"""animated""","""adventure""",116,80,70,80,80,50,80,50,70,70,,71.5
"""CHiPs""",2017,2018,"""comedy""","""crime""",100,50,60,30,30,30,60,60,60,40,,47.1
"""Chongqing Hot Pot""",2016,2025,"""crime""","""thriller""",94,45,40,50,50,30,45,40,50,45,,43.5
"""City Of God""",2002,2018,"""crime""","""drama""",130,80,70,70,70,70,70,50,50,70,,69.5
"""Clerks""",1994,2013,"""comedy""","""""",92,60,60,50,60,40,60,70,70,60,,58.3
"""Clerks II""",2006,2013,"""comedy""","""""",97,40,30,50,40,40,40,60,60,40,,42.0
"""Click""",2006,2007,"""comedy""","""""",107,30,40,20,20,30,30,30,40,30,,30.2
"""Clifford""",1994,2023,"""comedy""","""""",90,60,30,30,30,30,40,50,60,40,,41.5
"""Club Dread""",2004,2014,"""comedy""","""horror""",104,40,30,40,40,30,40,60,40,30,,37.6
"""Coach Carter""",2005,2009,"""sports""","""drama""",136,50,60,60,60,50,60,40,45,50,,53.4
"""Code 8""",2019,2020,"""action""","""drama""",98,30,40,30,30,30,30,20,30,40,,32.2
"""Concussion""",2015,2015,"""biography""","""sports""",123,60,60,70,60,70,50,40,40,50,,56.8
"""Confess, Fletch""",2022,2024,"""comedy""","""crime""",98,65,65,60,55,30,65,70,60,70,,61.2
"""Cool Runnings""",1993,2000,"""comedy""","""sports""",98,70,70,80,70,70,80,70,70,80,,73.7
"""Crash""",2004,2008,"""crime""","""drama""",112,70,60,60,60,50,70,60,60,70,,63.7
"""D1: The Mighty Ducks""",1992,2000,"""comedy""","""sports""",100,70,60,50,50,50,70,60,70,80,,63.9
"""D2: The Mighty Ducks""",1994,2000,"""comedy""","""sports""",106,60,50,50,50,50,60,60,70,70,,57.8
"""D3: The Mighty Ducks""",1996,2000,"""comedy""","""sports""",104,50,50,50,50,50,60,60,70,70,,55.9
"""Dances With Wolves""",1990,2006,"""adventure""","""western""",181,60,40,60,70,60,60,50,30,60,,55.6
"""Dark Knight Trilogy(1): Batman Begins""",2005,2012,"""superhero""","""action""",140,65,50,60,60,30,60,40,30,50,,52.2
"""Dark Knight Trilogy(2): The Dark Knight""",2008,2015,"""superhero""","""action""",152,70,60,60,60,30,60,40,30,60,,56.1
"""Dark Knight Trilogy(3): The Dark Knight Rises""",2012,2015,"""superhero""","""action""",164,50,50,50,50,30,60,40,30,60,,49.0
"""Dave""",1993,2024,"""comedy""","""romance""",110,40,60,60,60,30,45,45,40,50,,47.8
"""Dazed and Confused""",1993,2011,"""comedy""","""""",102,70,60,60,60,40,70,60,60,60,,61.2
"""Dead Heat""",1988,2025,"""comedy""","""action""",84,60,40,55,55,30,50,60,65,45,,50.1
"""Decision to Leave""",2022,2025,"""drama""","""""",139,60,55,65,60,30,65,60,50,60,,57.0
"""Deja Vu""",2006,2012,"""action""","""sci-fi""",126,50,50,60,50,40,50,40,50,50,,49.3
"""Desperately Seeking Susan""",1985,2025,"""comedy""","""thriller""",104,40,60,50,40,30,45,40,50,40,,44.0
"""Despicable Me""",2010,2015,"""comedy""","""animated""",95,50,50,40,50,40,60,60,60,40,,49.0
"""Despicable Me(2)""",2013,2015,"""comedy""","""animated""",98,50,50,40,50,40,60,60,60,40,,49.0
"""Die Hard""",1998,2014,"""action""","""""",132,60,50,40,50,40,60,50,40,60,,52.2
"""Dirty Money Season 1 Episode 1: Hard Nox""",2018,2020,"""documentary""","""""",75,60,50,60,60,70,60,30,30,50,,54.4
"""Dirty Money Season 1 Episode 2: Payday""",2018,2020,"""documentary""","""""",68,60,70,70,70,70,70,40,50,60,,63.4
"""Dirty Money Season 1 Episode 3: Drug Short""",2018,2020,"""documentary""","""""",66,60,60,60,60,70,60,30,50,60,,58.3
"""Dirty Money Season 1 Episode 4: Cartel Bank""",2018,2020,"""documentary""","""""",60,50,50,60,60,60,60,30,40,45,,51.2
"""Dirty Money Season 1 Episode 5: Maple Syrup Heist""",2018,2020,"""documentary""","""""",60,50,60,60,60,60,60,45,50,60,,56.5
"""Dirty Money Season 1 Episode 6: Confidence Man""",2018,2020,"""documentary""","""""",77,70,70,70,70,70,70,40,60,60,,65.9
"""Dodgeball: A True Underdog Story""",2004,2006,"""comedy""","""sports""",92,70,60,60,50,40,60,60,70,60,,59.8
"""Dogma""",1999,2006,"""comedy""","""drama""",130,60,50,60,40,30,60,60,40,50,,51.7
"""Donnie Darko""",2001,2009,"""drama""","""sci-fi""",113,60,60,70,60,60,70,60,70,70,,64.1
"""Draft Day""",2014,2016,"""drama""","""sports""",110,30,40,30,30,30,30,20,30,30,,30.7
"""Drive""",2011,2017,"""drama""","""crime""",100,50,60,60,60,40,50,40,60,50,,52.0
"""Dumb and Dumber""",1994,2002,"""comedy""","""""",107,70,60,60,50,40,70,70,60,70,,62.7
"""Dumb and Dumberer: When Harry Met Lloyd""",2003,2004,"""comedy""","""""",85,30,40,40,40,30,30,50,50,30,,35.6
"""Dungeons & Dragons: Honor Among Thieves""",2023,2023,"""action""","""comedy""",134,50,60,45,45,30,65,65,50,55,,52.3
"""Eagle Vs. Shark""",2007,2011,"""comedy""","""""",88,40,40,40,40,40,50,60,60,40,,43.7
"""Edward Scissorhands""",1990,2004,"""drama""","""""",105,60,60,60,60,40,60,50,50,70,,58.3
"""Elf""",2003,2004,"""comedy""","""""",97,50,60,50,50,40,60,50,60,60,,53.7
"""Enders Game""",2013,2018,"""action""","""fantasy""",114,30,40,60,40,40,40,30,40,40,,39.3
"""Enron: The Smartest Guys in the Room""",2005,2020,"""documentary""","""""",110,60,60,60,60,60,60,40,40,60,,57.6
"""ESPN 30 For 30 ESPN Films Presents Season 1 Episode 10: Goose""",2012,2020,"""documentary""","""sports""",49,50,50,60,60,60,60,40,50,60,,54.6
"""ESPN 30 For 30 ESPN Films Presents Season 1 Episode 11: The Announcement""",2012,2020,"""documentary""","""sports""",90,60,50,65,50,65,50,40,40,60,,55.1
"""ESPN 30 For 30 ESPN Films Presents Season 1 Episode 12: 26 Years: The Dewey Bozella Story""",2012,2013,"""documentary""","""sports""",120,60,60,60,70,70,50,30,30,50,,55.4
"""ESPN 30 For 30 ESPN Films Presents Season 1 Episode 1: Fab Five""",2011,2013,"""documentary""","""sports""",98,60,40,60,60,70,50,30,40,60,,53.7
"""ESPN 30 For 30 ESPN Films Presents Season 1 Episode 2: Catching Hell""",2011,2013,"""documentary""","""sports""",102,50,50,60,60,60,60,30,30,50,,51.5
"""ESPN 30 For 30 ESPN Films Presents Season 1 Episode 3: Renee""",2011,2020,"""documentary""","""sports""",79,50,60,60,60,60,60,35,45,50,,54.0
"""ESPN 30 For 30 ESPN Films Presents Season 1 Episode 4: The Dotted Line""",2011,2015,"""documentary""","""sports""",40,40,40,60,50,60,40,30,50,40,,44.4
"""ESPN 30 For 30 ESPN Films Presents Season 1 Episode 5: Charismatic""",2011,2018,"""documentary""","""sports""",52,60,40,50,50,50,40,30,40,40,,45.9
"""ESPN 30 For 30 ESPN Films Presents Season 1 Episode 6: The Real Rocky""",2011,2018,"""documentary""","""sports""",58,50,40,50,50,50,50,30,50,40,,45.6
"""ESPN 30 For 30 ESPN Films Presents Season 1 Episode 7: Unguarded""",2011,2018,"""documentary""","""sports""",51,70,70,60,60,60,70,30,60,50,,61.0
"""ESPN 30 For 30 ESPN Films Presents Season 1 Episode 8: Roll Tide/War Eagle""",2011,2013,"""documentary""","""sports""",90,60,40,50,50,60,50,50,50,40,,50.0
"""ESPN 30 For 30 ESPN Films Presents Season 1 Episode 9: The Marinovich Project""",2011,2015,"""documentary""","""sports""",90,70,70,70,60,60,70,40,50,60,,63.7
"""ESPN 30 For 30 ESPN Films Presents Season 2 Episode 1: The Little Master""",2015,2020,"""documentary""","""sports""",50,70,60,70,60,65,60,40,50,65,,62.2
"""ESPN 30 For 30 ESPN Films Presents Season 2 Episode 3: The Little Master""",2013,2022,"""documentary""","""sports""",77,60,50,70,50,70,55,40,50,70,,58.7
"""ESPN 30 For 30 ESPN Films Presents Season 2 Episode 4: Baltimore Boys""",2017,2020,"""documentary""","""sports""",77,60,60,60,60,60,60,40,40,60,,57.6
"""ESPN 30 For 30 ESPN Films Presents Season 2 Episode 5: Morningside 5""",2017,2020,"""documentary""","""sports""",74,60,45,50,50,60,50,40,40,50,,51.0
"""ESPN 30 For 30 ESPN Films Presents Season 2 Episode 6: World Beaters""",2017,2020,"""documentary""","""sports""",50,50,40,40,40,50,45,40,50,50,,45.5
"""ESPN 30 For 30 ESPN Films Presents Season 2 Episode 7: Crossroads""",2018,2021,"""documentary""","""sports""",80,50,60,60,50,50,40,30,40,50,,49.3
"""ESPN 30 For 30 ESPN Films Presents Season 2 Episode 8: D. Wade Life Unexpected""",2020,2021,"""documentary""","""sports""",100,50,30,50,30,40,35,30,35,45,,39.9
"""ESPN 30 For 30 ESPN Films Presents Season 3 Episode 30: The Good, The Bad, The Hungry""",2019,2024,"""documentary""","""sports""",76,60,50,70,60,65,55,40,60,60,,57.9
"""ESPN 30 For 30 ESPN Films Presents Special: Boys of Fall""",2010,2018,"""documentary""","""sports""",50,40,40,40,40,30,40,30,40,30,,36.8
"""ESPN 30 For 30 ESPN Films Presents Special: The Book of Manning""",2013,2020,"""documentary""","""sports""",75,50,40,60,40,55,40,30,40,55,,46.8
"""ESPN 30 For 30 Season 1 Episode 10: No Crossover: The Trial of Allen Iverson""",2010,2013,"""documentary""","""sports""",80,50,50,50,40,40,50,40,40,40,,45.6
"""ESPN 30 For 30 Season 1 Episode 11: Silly Little Game""",2010,2013,"""documentary""","""sports""",51,60,60,50,50,60,50,40,50,60,,55.1
"""ESPN 30 For 30 Season 1 Episode 12: Run, Ricky Run""",2010,2013,"""documentary""","""sports""",54,65,50,50,50,60,50,40,50,30,,50.2
"""ESPN 30 For 30 Season 1 Episode 13: The 16th Man""",2010,2013,"""documentary""","""sports""",52,60,60,65,65,70,60,40,50,70,,61.3
"""ESPN 30 For 30 Season 1 Episode 14: Straight Outta LA""",2010,2013,"""documentary""","""sports""",51,45,45,50,50,50,40,40,50,40,,44.9
"""ESPN 30 For 30 Season 1 Episode 15: June 17th, 1994""",2010,2013,"""documentary""","""sports""",53,55,50,50,50,60,40,40,50,60,,51.5
"""ESPN 30 For 30 Season 1 Episode 16: The Two Escobars""",2010,2013,"""documentary""","""sports""",104,70,70,70,70,70,70,40,50,60,,65.4
"""ESPN 30 For 30 Season 1 Episode 17: The Birth Of Big Air""",2010,2013,"""documentary""","""sports""",49,50,40,40,40,60,50,40,55,40,,45.9
"""ESPN 30 For 30 Season 1 Episode 18: Jordan Rides The Bus""",2010,2013,"""documentary""","""sports""",51,55,60,60,60,60,50,40,50,50,,54.4
"""ESPN 30 For 30 Season 1 Episode 19: Little Big Men""",2010,2013,"""documentary""","""sports""",53,40,40,40,40,45,30,40,50,30,,38.3
"""ESPN 30 For 30 Season 1 Episode 1: Kings Ransom""",2009,2013,"""documentary""","""sports""",53,50,40,40,40,50,50,40,40,30,,42.7
"""ESPN 30 For 30 Season 1 Episode 20: One Night In Vegas""",2010,2013,"""documentary""","""sports""",51,40,40,30,30,50,40,30,40,30,,37.1
"""ESPN 30 For 30 Season 1 Episode 21: Unmatched""",2010,2013,"""documentary""","""sports""",53,40,40,30,30,55,40,40,40,40,,39.8
"""ESPN 30 For 30 Season 1 Episode 22: The House Of Steinbrenner""",2010,2013,"""documentary""","""sports""",54,50,50,40,40,50,50,40,40,40,,45.6
"""ESPN 30 For 30 Season 1 Episode 23: Into The Wind""",2010,2013,"""documentary""","""sports""",52,60,60,60,60,70,60,40,50,60,,59.0
"""ESPN 30 For 30 Season 1 Episode 24: Four Days In October""",2010,2013,"""documentary""","""sports""",53,60,60,65,65,55,50,40,50,60,,57.2
"""ESPN 30 For 30 Season 1 Episode 25: Once Brothers""",2010,2013,"""documentary""","""sports""",79,70,70,75,75,75,70,40,70,70,,69.1
"""ESPN 30 For 30 Season 1 Episode 26: Tim Richmond To The Limit""",2010,2013,"""documentary""","""sports""",54,40,40,30,30,50,40,30,40,30,,37.1
"""ESPN 30 For 30 Season 1 Episode 27: Fernando Nation""",2010,2013,"""documentary""","""sports""",54,55,45,60,50,60,50,40,50,50,,51.5
"""ESPN 30 For 30 Season 1 Episode 28: Marion Jones Press Pause""",2010,2013,"""documentary""","""sports""",51,40,40,50,50,50,40,40,40,40,,42.7
"""ESPN 30 For 30 Season 1 Episode 29: The Best That Never Was""",2010,2013,"""documentary""","""sports""",101,60,60,60,60,65,50,40,55,50,,56.1
"""ESPN 30 For 30 Season 1 Episode 2: The Band That Wouldn't Die""",2009,2013,"""documentary""","""sports""",51,40,50,30,30,50,40,30,40,30,,38.5
"""ESPN 30 For 30 Season 1 Episode 30: Pony Express""",2010,2013,"""documentary""","""sports""",102,70,70,70,70,70,60,50,60,60,,65.4
"""ESPN 30 For 30 Season 1 Episode 3: Small Potatoes: Who Killed the USFL""",2009,2013,"""documentary""","""sports""",51,70,60,50,60,70,70,60,60,60,,63.2
"""ESPN 30 For 30 Season 1 Episode 4: Muhammad and Larry""",2009,2013,"""documentary""","""sports""",51,50,50,50,50,60,60,40,60,65,,54.1
"""ESPN 30 For 30 Season 1 Episode 5: Without Bias""",2009,2013,"""documentary""","""sports""",52,60,60,70,60,60,60,40,60,55,,58.8
"""ESPN 30 For 30 Season 1 Episode 6: The Legend of Jimmy the Greek""",2009,2013,"""documentary""","""sports""",51,50,50,50,40,40,40,40,50,40,,44.9
"""ESPN 30 For 30 Season 1 Episode 7: The U""",2009,2013,"""documentary""","""sports""",106,60,60,60,50,60,60,40,50,50,,55.9
"""ESPN 30 For 30 Season 1 Episode 8: Winning Time: Reggie Miller vs The New York Knicks""",2010,2013,"""documentary""","""sports""",68,60,60,55,55,60,60,60,60,50,,57.7
"""ESPN 30 For 30 Season 1 Episode 9: Guru of Go""",2010,2013,"""documentary""","""sports""",51,70,70,70,60,70,70,50,60,50,,64.4
"""ESPN 30 For 30 Season 2 Episode 10: Free Spirits""",2013,2014,"""documentary""","""sports""",52,65,60,60,60,60,60,40,50,60,,59.0
"""ESPN 30 For 30 Season 2 Episode 11: No Mas""",2013,2014,"""documentary""","""sports""",77,40,40,40,40,50,40,40,40,40,,41.0
"""ESPN 30 For 30 Season 2 Episode 12: Big Shot""",2013,2014,"""documentary""","""sports""",79,70,70,80,70,70,60,55,60,60,,66.7
"""ESPN 30 For 30 Season 2 Episode 13: This Is What They Want""",2013,2014,"""documentary""","""sports""",52,50,50,40,40,50,50,40,40,40,,45.6
"""ESPN 30 For 30 Season 2 Episode 14: Bernie And Ernie""",2013,2014,"""documentary""","""sports""",52,60,60,60,60,60,60,50,50,60,,58.8
"""ESPN 30 For 30 Season 2 Episode 15: Youngstown Boys""",2013,2014,"""documentary""","""sports""",103,55,50,60,60,60,50,40,50,60,,54.4
"""ESPN 30 For 30 Season 2 Episode 16: The Price of Gold""",2014,2017,"""documentary""","""sports""",78,60,50,50,50,60,50,40,40,50,,51.7
"""ESPN 30 For 30 Season 2 Episode 17: Requiem for the Big East""",2014,2017,"""documentary""","""sports""",104,60,60,50,50,50,50,40,50,50,,52.7
"""ESPN 30 For 30 Season 2 Episode 18: Bad Boys""",2014,2017,"""documentary""","""sports""",103,70,70,60,60,60,60,40,50,60,,61.5
"""ESPN 30 For 30 Season 2 Episode 19: Slaying the Badger""",2014,2017,"""documentary""","""sports""",79,60,60,60,60,60,60,50,50,60,,58.8
"""ESPN 30 For 30 Season 2 Episode 1: Broke""",2012,2014,"""documentary""","""sports""",78,65,50,60,60,60,60,40,50,50,,56.1
"""ESPN 30 For 30 Season 2 Episode 20: Playing for the Mob""",2014,2017,"""documentary""","""sports""",78,60,60,60,60,60,60,40,60,60,,58.5
"""ESPN 30 For 30 Season 2 Episode 21:  The Day The Series Stopped""",2014,2017,"""documentary""","""sports""",51,55,55,60,60,60,60,40,50,60,,56.3
"""ESPN 30 For 30 Season 2 Episode 22: When The Garden Was Eden""",2014,2017,"""documentary""","""sports""",76,50,50,50,50,60,50,40,40,40,,48.3
"""ESPN 30 For 30 Season 2 Episode 23: Brian and The Boz""",2014,2017,"""documentary""","""sports""",77,70,50,60,60,60,60,50,60,60,,59.8
"""ESPN 30 For 30 Season 2 Episode 24: Brothers in Exile""",2014,2017,"""documentary""","""sports""",78,70,60,60,60,70,70,50,60,60,,63.4
"""ESPN 30 For 30 Season 2 Episode 25: Rand University""",2014,2017,"""documentary""","""sports""",51,70,60,70,70,60,60,50,50,60,,62.4
"""ESPN 30 For 30 Season 2 Episode 26: The U Part 2""",2014,2017,"""documentary""","""sports""",102,75,70,75,60,70,70,60,65,60,,68.3
"""ESPN 30 For 30 Season 2 Episode 27: Of Miracles and Men""",2015,2017,"""documentary""","""sports""",103,70,70,80,70,70,70,50,50,70,,68.5
"""ESPN 30 For 30 Season 2 Episode 28: I Hate Christian Laettner""",2015,2017,"""documentary""","""sports""",90,70,60,70,70,60,70,60,50,55,,63.7
"""ESPN 30 For 30 Season 2 Episode 29: Sole Man""",2015,2017,"""documentary""","""sports""",78,55,50,50,50,50,50,40,40,40,,48.3
"""ESPN 30 For 30 Season 2 Episode 2: 9.79*""",2012,2014,"""documentary""","""sports""",81,60,60,70,70,60,70,40,60,60,,61.5
"""ESPN 30 For 30 Season 2 Episode 30: Angry Sky""",2015,2017,"""documentary""","""sports""",77,50,50,50,50,60,40,40,40,40,,47.1
"""ESPN 30 For 30 Season 2 Episode 3: There's No Place Like Home""",2012,2014,"""documentary""","""sports""",62,30,30,20,20,40,30,30,30,20,,27.8
"""ESPN 30 For 30 Season 2 Episode 4: Benji""",2012,2014,"""documentary""","""sports""",80,60,60,60,60,60,60,40,50,50,,56.6
"""ESPN 30 For 30 Season 2 Episode 5: Ghosts of Ole Miss""",2012,2014,"""documentary""","""sports""",52,50,50,40,40,50,40,40,50,40,,44.9
"""ESPN 30 For 30 Season 2 Episode 6: You Don't Know Bo""",2012,2014,"""documentary""","""sports""",77,80,70,70,70,65,70,40,60,70,,68.8
"""ESPN 30 For 30 Season 2 Episode 7: Survive and Advance""",2013,2014,"""documentary""","""sports""",102,70,80,70,70,70,60,50,60,65,,67.6
"""ESPN 30 For 30 Season 2 Episode 8: Elway to Marino""",2013,2014,"""documentary""","""sports""",79,60,60,50,50,50,50,40,50,50,,52.7
"""ESPN 30 For 30 Season 2 Episode 9: Hawaiian The Legend Of Eddie Aikau""",2013,2014,"""documentary""","""sports""",96,70,60,60,60,70,70,40,60,60,,62.7
"""ESPN 30 For 30 Season 3 Episode 10: Doc and Darryl""",2016,2018,"""documentary""","""sports""",78,50,50,60,60,60,60,40,60,50,,53.7
"""ESPN 30 For 30 Season 3 Episode 11: Phi Slama Jama""",2016,2021,"""documentary""","""sports""",78,50,40,55,55,55,55,50,50,50,,50.5
"""ESPN 30 For 30 Season 3 Episode 12: Hit It Hard""",2016,2018,"""documentary""","""sports""",50,40,40,60,40,50,50,45,50,40,,45.0
"""ESPN 30 For 30 Season 3 Episode 13: Catholics vs Convicts""",2016,2019,"""documentary""","""sports""",102,40,40,50,40,50,30,30,30,40,,39.5
"""ESPN 30 For 30 Season 3 Episode 14: This Was The XFL""",2017,2019,"""documentary""","""sports""",77,50,50,60,50,60,50,40,50,50,,51.2
"""ESPN 30 For 30 Season 3 Episode 15: One and Not Done""",2017,2019,"""documentary""","""sports""",102,60,70,60,60,60,50,40,50,60,,58.3
"""ESPN 30 For 30 Season 3 Episode 16A: Celtics/Lakers, Best of Enemies Part 1 & 2""",2017,2020,"""documentary""","""sports""",154,60,60,60,60,60,60,45,55,65,,59.4
"""ESPN 30 For 30 Season 3 Episode 16B: Celtics/Lakers, Best of Enemies Part 3""",2017,2020,"""documentary""","""sports""",142,60,60,60,60,60,60,45,55,65,,59.4
"""ESPN 30 For 30 Season 3 Episode 17: Mike and the Mad Dog""",2017,2019,"""documentary""","""sports""",50,30,30,30,30,40,30,30,50,30,,32.0
"""ESPN 30 For 30 Season 3 Episode 18: George Best, All By Himself""",2017,2020,"""documentary""","""sports""",89,50,50,40,30,50,40,40,40,40,,43.7
"""ESPN 30 For 30 Season 3 Episode 19: What Carter Lost""",2017,2020,"""documentary""","""sports""",77,70,70,70,60,65,65,40,60,70,,65.5
"""ESPN 30 For 30 Season 3 Episode 1: Trojan War""",2015,2018,"""documentary""","""sports""",78,65,65,60,60,50,60,40,60,60,,59.3
"""ESPN 30 For 30 Season 3 Episode 20: Year of the Scab""",2017,2020,"""documentary""","""sports""",77,60,40,60,50,60,55,40,50,60,,53.8
"""ESPN 30 For 30 Season 3 Episode 21: Tommy""",2017,2020,"""documentary""","""sports""",77,55,40,40,40,40,45,40,45,50,,45.2
"""ESPN 30 For 30 Season 3 Episode 22: Nature Boy""",2017,2020,"""documentary""","""sports""",77,60,60,50,50,50,50,40,45,50,,52.4
"""ESPN 30 For 30 Season 3 Episode 23: The Two Bills""",2018,2020,"""documentary""","""sports""",77,65,65,60,60,60,60,40,60,60,,60.2
"""ESPN 30 For 30 Season 3 Episode 25: Seau""",2018,2019,"""documentary""","""sports""",89,65,50,60,60,65,60,35,50,55,,57.0
"""ESPN 30 For 30 Season 3 Episode 27: Deion's Double Play""",2019,2020,"""documentary""","""sports""",60,65,65,50,50,50,65,60,65,65,,60.6
"""ESPN 30 For 30 Season 3 Episode 2: The Prince of Pennsylvania""",2015,2022,"""documentary""","""sports""",50,60,60,60,50,60,50,30,60,50,,54.4
"""ESPN 30 For 30 Season 3 Episode 3: The Gospel According to Mac""",2015,2019,"""documentary""","""sports""",101,40,30,30,30,50,40,30,40,40,,37.1
"""ESPN 30 For 30 Season 3 Episode 4: Chasing Tyson""",2015,2018,"""documentary""","""sports""",60,60,60,50,50,50,60,40,60,50,,54.4
"""ESPN 30 For 30 Season 3 Episode 5: Four Falls of Buffalo""",2015,2018,"""documentary""","""sports""",102,70,70,70,60,60,70,40,50,60,,63.7
"""ESPN 30 For 30 Season 3 Episode 6: The '85 Bears""",2016,2019,"""documentary""","""sports""",101,50,50,40,40,40,40,40,30,40,,42.9
"""ESPN 30 For 30 Season 3 Episode 7: Fantastic Lies""",2016,2019,"""documentary""","""sports""",102,60,70,70,60,60,60,40,60,60,,61.0
"""ESPN 30 For 30 Season 3 Episode 9: Believeland""",2016,2018,"""documentary""","""sports""",77,50,50,50,50,60,60,40,50,50,,51.5
"""ESPN 30 For 30 Season 4 Episode 1: Rodman for Better or Worse""",2019,2022,"""documentary""","""sports""",102,60,70,70,50,60,70,40,70,50,,60.5
"""ESPN 30 For 30 Season 4 Episode 3A: Vick Part 1""",2020,2022,"""documentary""","""sports""",107,55,50,50,50,50,55,40,40,50,,50.4
"""ESPN 30 For 30 Season 4 Episode 3B: Vick Part 2""",2020,2022,"""documentary""","""sports""",99,55,50,50,50,50,55,40,40,50,,50.4
"""ESPN 30 For 30 Season 4 Episode 4A: Lance Part 1""",2020,2022,"""documentary""","""sports""",95,50,50,50,50,50,50,40,40,55,,49.5
"""ESPN 30 For 30 Season 4 Episode 4B: Lance Part 2""",2020,2022,"""documentary""","""sports""",107,50,50,50,50,50,50,40,40,55,,49.5
"""ESPN 30 For 30 Season 4 Episode 5: Be Water""",2020,2022,"""documentary""","""sports""",97,55,55,55,50,50,55,40,40,55,,52.3
"""Everything Is Illuminated""",2005,2007,"""comedy""","""drama""",106,70,60,70,70,60,70,70,60,70,,67.1
"""Ex Machina""",2014,2018,"""drama""","""sci-fi""",108,50,40,40,40,30,30,30,40,40,,39.0
"""Extreme Job""",2019,2024,"""comedy""","""crime""",111,70,70,70,65,30,70,65,65,70,,65.1
"""Fast and Furious(1)(1)-The Fast and the Furious""",2001,2008,"""action""","""""",106,60,60,50,50,40,60,50,60,75,,57.8
"""Fast and Furious(10)(10)-F9: The Fast Saga""",2021,2022,"""action""","""""",143,65,50,50,50,40,60,50,40,60,,54.1
"""Fast and Furious(11)(11)-Fast X""",2023,2023,"""action""","""""",141,60,50,50,50,30,60,40,35,55,,50.5
"""Fast and Furious(2)(2)-2 Fast 2 Furious""",2003,2009,"""action""","""""",107,60,60,50,50,40,60,50,60,70,,57.1
"""Fast and Furious(3)(6)-Tokyo Drift""",2006,2016,"""action""","""""",106,60,60,50,50,40,60,50,60,75,,57.8
"""Fast and Furious(4)(3)-Fast and Furious""",2009,2016,"""action""","""""",107,60,60,50,50,40,60,50,60,70,,57.1
"""Fast and Furious(5)(4)-Fast Five""",2011,2012,"""action""","""""",130,60,60,50,50,40,60,50,55,70,,56.8
"""Fast and Furious(6)(5)-Fast and Furious 6""",2013,2016,"""action""","""""",130,60,60,50,50,40,60,50,50,65,,55.9
"""Fast and Furious(7)(7)-Furious 7""",2015,2016,"""action""","""""",137,60,60,50,50,40,60,50,50,60,,55.1
"""Fast and Furious(8)(8)-The Fate of the Furious""",2017,2019,"""action""","""""",136,50,50,50,50,40,60,50,40,60,,51.2
"""Fast and Furious(9) Fast & Furious Presents: Hobbs & Shaw""",2019,2020,"""action""","""""",137,70,50,60,60,40,65,50,40,60,,57.4
"""Fast Times at Ridgement High""",1982,2013,"""comedy""","""""",90,70,70,60,60,50,70,70,70,80,,67.8
"""Ferrari""",2023,2023,"""drama""","""""",130,40,50,60,50,55,50,30,50,55,,48.8
"""Ferris Bueller's Day Off""",1986,2003,"""comedy""","""""",103,60,70,70,60,50,70,70,70,75,,66.1
"""Fever Pitch""",2005,2008,"""sports""","""comedy""",104,50,50,40,50,50,60,60,40,60,,52.0
"""Field of Dreams""",1989,2002,"""drama""","""fantasy""",107,50,60,40,50,40,60,40,45,50,,49.8
"""Fight Club""",1999,2010,"""drama""","""""",139,70,50,60,60,50,70,60,50,70,,61.7
"""Finding Dory""",2016,2018,"""comedy""","""animated""",97,40,60,50,50,40,50,50,60,50,,49.0
"""Finding Nemo""",2003,2004,"""comedy""","""animated""",100,60,60,50,50,40,60,60,60,70,,57.8
"""Fletch""",1985,2024,"""comedy""","""crime""",98,50,60,50,50,30,55,60,60,55,,52.1
"""Forgetting Sarah Marshall""",2008,2010,"""comedy""","""""",111,70,50,60,60,40,70,70,50,65,,60.7
"""Forrest Gump""",1994,2006,"""comedy""","""drama""",142,70,60,80,70,60,70,70,40,80,,68.5
"""Foxcatcher""",2014,2020,"""biography""","""sports""",134,55,40,50,50,55,40,40,30,55,,47.8
"""Freddy Got Fingered""",2001,2024,"""comedy""","""""",87,65,40,40,40,30,60,55,60,45,,49.1
"""Freedom Writers""",2007,2011,"""drama""","""biography""",123,60,50,60,60,60,50,50,40,50,,54.1
"""Freeloaders""",2012,2013,"""comedy""","""""",77,30,20,30,30,30,30,50,50,20,,29.5
"""Friday Night Lights""",2004,2004,"""drama""","""sports""",118,50,60,60,60,50,70,50,60,60,,57.6
"""Game Over, Man!""",2018,2024,"""comedy""","""action""",101,35,40,35,30,30,30,40,40,30,,34.1
"""Garden State""",2004,2008,"""comedy""","""drama""",102,50,60,50,60,50,50,60,60,50,,53.4
"""GATTACA""",1997,2019,"""sci-fi""","""drama""",106,65,50,65,60,60,55,40,60,60,,57.9
"""Gentlemen Broncos""",2009,2010,"""comedy""","""sci-fi""",90,80,35,60,50,40,60,70,70,70,,60.2
"""Get Hard""",2015,2017,"""comedy""","""""",100,40,30,40,30,30,40,40,40,30,,35.4
"""Get Him to the Greek""",2010,2012,"""comedy""","""music""",109,70,60,50,50,40,70,50,60,60,,58.8
"""Ghost Rider""",2007,2020,"""action""","""fantasy""",110,40,60,30,30,30,50,35,30,30,,39.1
"""Ghostbusters""",1984,2019,"""fantasy""","""comedy""",105,60,40,60,60,40,50,60,60,65,,54.6
"""Gladiator""",2000,2022,"""action""","""""",155,40,60,40,50,30,60,40,40,60,,48.0
"""Glass""",2019,2019,"""sci-fi""","""drama""",129,65,40,50,40,30,50,50,40,50,,48.3
"""God Bless America""",2011,2013,"""comedy""","""""",105,70,50,70,50,50,70,60,60,60,,61.0
"""Going Clear: Scientology & the Prison of Belief""",2015,2021,"""documentary""","""""",119,60,60,60,40,60,60,60,40,50,,56.1
"""Good Burger""",1997,2011,"""comedy""","""""",95,75,30,40,40,40,50,50,50,50,,49.3
"""Good Will Hunting""",1997,2007,"""drama""","""""",126,60,70,70,70,70,80,70,60,80,,70.2
"""Goon(1)""",2011,2012,"""comedy""","""sports""",92,40,40,30,30,40,40,50,50,30,,38.0
"""Goon(2)-Last of the Enforcers""",2017,2017,"""comedy""","""sports""",101,30,30,30,30,40,30,30,40,30,,31.5
"""Grandma's Boy""",2006,2009,"""comedy""","""""",94,70,60,60,50,50,70,70,70,65,,63.4
"""Groundhog Day""",1993,2006,"""comedy""","""""",101,60,60,70,60,50,60,60,50,70,,61.0
"""Half Baked""",1998,2011,"""comedy""","""""",82,60,40,50,50,40,60,50,50,50,,50.7
"""Happy Feet(1)""",2006,2013,"""adventure""","""animated""",108,50,50,50,50,40,50,40,50,60,,49.8
"""Happy Feet(2)""",2011,2013,"""adventure""","""comedy""",100,40,50,45,50,40,50,40,50,50,,45.9
"""Happy Gilmore""",1996,1999,"""comedy""","""sports""",92,75,60,60,50,40,70,50,70,70,,62.7
"""Harold & Kumar Go to White Castle""",2004,2008,"""comedy""","""adventure""",88,60,50,60,30,40,60,50,60,50,,52.2
"""Harry Potter(1) and the Philosopher's Stone""",2001,2001,"""fantasy""","""""",152,70,70,80,70,50,70,60,50,70,,67.3
"""Harry Potter(2) and the Chamber of Secrets""",2002,2002,"""fantasy""","""""",161,70,70,80,70,50,70,60,50,70,,67.3
"""Harry Potter(3) and the Prisoner of Azkaban""",2004,2004,"""fantasy""","""""",142,50,50,80,70,50,60,50,50,70,,58.5
"""Harry Potter(4) and the Goblet of Fire""",2005,2005,"""fantasy""","""""",157,60,60,80,70,50,60,55,50,70,,62.3
"""Harry Potter(5) and the Order of the Phoenix""",2007,2007,"""fantasy""","""""",138,60,50,80,70,50,70,60,50,70,,62.4
"""Harry Potter(6) and the Half-Blood Prince""",2009,2010,"""fantasy""","""""",153,60,50,80,70,50,70,60,50,70,,62.4
"""Harry Potter(7) and the Deathly Hallows Pt.1""",2010,2011,"""fantasy""","""""",146,60,60,80,70,50,60,50,35,50,,58.3
"""Harry Potter(8) and the Deathly Hallows Pt.2""",2011,2012,"""fantasy""","""""",130,60,60,80,70,50,60,50,35,50,,58.3
"""He Got Game""",1998,2022,"""drama""","""sports""",136,50,50,65,60,40,60,40,40,50,,51.2
"""Heavy Weights""",1995,2009,"""comedy""","""""",100,70,40,60,50,50,60,70,50,50,,56.1
"""Holes""",2003,2006,"""adventure""","""comedy""",117,40,60,60,50,50,40,40,30,50,,47.6
"""Holy Rollers-The True Story of Card Counting Christians""",2011,2015,"""documentary""","""""",92,60,50,70,50,70,70,50,60,60,,60.2
"""Home Alone(1)""",1990,1998,"""comedy""","""family""",103,60,50,60,40,40,50,60,60,60,,53.9
"""Home Alone(2)-Lost in New York""",1992,1998,"""comedy""","""family""",120,50,40,50,40,40,40,50,40,50,,45.1
"""Hot Fuzz""",2007,2009,"""comedy""","""action""",121,60,50,50,50,40,60,60,40,60,,53.9
"""Hot Rod""",2007,2008,"""comedy""","""""",88,80,80,70,60,50,80,80,80,80,,74.6
"""Hot Tub Time Machine(1)""",2010,2012,"""comedy""","""sci-fi""",101,50,50,40,50,40,60,60,40,50,,49.5
"""Hot Tub Time Machine(2)""",2015,2016,"""comedy""","""sci-fi""",93,70,60,40,50,40,70,60,60,60,,58.5
"""House""",1977,2024,"""horror""","""comedy""",88,30,60,40,40,30,55,50,60,55,,45.7
"""Hundreds of Beavers""",2022,2024,"""action""","""comedy""",108,40,60,45,45,30,60,50,40,50,,47.4
"""Hurricane of Fun: The Making of Wet Hot""",2015,2017,"""documentary""","""comedy""",64,70,30,50,50,60,50,60,40,40,,50.7
"""Hustle""",2022,2022,"""drama""","""sports""",117,65,40,70,50,50,45,50,40,50,,52.3
"""I Love You, Man""",2009,2011,"""comedy""","""""",105,70,40,50,50,40,50,50,50,60,,52.9
"""I Want You Back""",2022,2023,"""comedy""","""romance""",116,45,45,55,50,30,55,50,50,50,,47.4
"""I, Robot""",2004,2004,"""action""","""""",115,60,50,60,50,50,50,40,40,40,,50.2
"""Icarus""",2017,2018,"""documentary""","""sports""",121,80,75,80,70,80,80,70,60,70,,75.4
"""Ice Age(1)""",2002,2006,"""comedy""","""animated""",81,60,50,50,50,40,50,60,60,50,,52.2
"""Ice Age(2): The Meltdown""",2006,2010,"""comedy""","""animated""",91,60,50,50,50,40,50,60,60,50,,52.2
"""Ice Guardians""",2016,2017,"""documentary""","""sports""",108,30,50,40,30,40,20,20,20,30,,32.4
"""Idiocracy""",2006,2009,"""comedy""","""""",84,80,70,80,60,50,80,80,80,60,,71.2
"""Inception""",2010,2012,"""action""","""sci-fi""",148,60,40,65,50,60,60,50,35,60,,54.9
"""Inglourious Basterds""",2009,2012,"""drama""","""adventure""",153,40,30,50,50,40,30,50,20,30,,37.3
"""Inside Job""",2010,2015,"""documentary""","""economics""",105,60,60,75,70,80,60,60,50,50,,62.2
"""Inside Out""",2015,2018,"""comedy""","""animated""",95,50,65,50,50,50,60,55,70,60,,56.2
"""Into The Wild""",2007,2008,"""adventure""","""biography""",148,60,40,50,50,60,40,40,30,50,,48.5
"""Invictus""",2009,2010,"""drama""","""biography""",134,60,50,60,60,60,50,50,30,60,,55.1
"""Invincible""",2006,2008,"""biography""","""sports""",105,70,60,60,50,50,70,50,60,60,,60.7
"""Island of Lemurs: Madagascar""",2014,2014,"""documentary""","""wilderness""",39,70,70,70,70,80,80,50,50,65,,69.0
"""Jay and Silent Bob Strike Back""",2001,2009,"""comedy""","""""",104,50,50,50,50,40,50,50,40,50,,48.5
"""Jeff Who Lives at Home""",2011,2013,"""comedy""","""drama""",83,60,60,40,40,40,60,60,50,50,,52.7
"""Jerry Maguire""",1996,2022,"""comedy""","""drama""",139,45,60,60,60,60,50,50,40,60,,54.1
"""Jiminy Glick in Lalawood""",2004,2024,"""comedy""","""""",90,40,30,45,40,40,45,40,60,40,,40.6
"""Joe Dirt""",2001,2006,"""comedy""","""""",91,50,50,60,40,40,60,50,60,60,,52.4
"""John Dies at The End""",2012,2016,"""comedy""","""horror""",99,50,50,60,40,30,60,60,50,50,,50.2
"""Jumanji: Welcome To The Jungle""",2017,2018,"""comedy""","""adventure""",119,60,70,50,50,40,60,60,40,60,,56.8
"""Juno""",2007,2007,"""comedy""","""drama""",96,40,60,50,60,40,50,60,50,60,,51.5
"""Keanu""",2016,2018,"""comedy""","""action""",100,60,40,40,40,40,40,40,40,30,,42.4
"""Kill Bill: Vol. 1""",2003,2010,"""action""","""""",111,60,50,55,50,50,60,60,50,60,,55.9
"""Kill Bill: Vol. 2""",2004,2010,"""action""","""""",137,50,50,55,50,50,50,60,40,50,,50.7
"""Kingpin""",1996,2008,"""comedy""","""sports""",114,60,40,50,50,30,50,60,40,40,,47.3
"""Kitten Bowl-2014""",2014,2014,"""cats""","""sports""",124,70,20,40,40,50,60,40,30,50,,47.3
"""Kneecap""",2024,2025,"""comedy""","""""",105,60,65,65,60,55,65,60,50,50,,59.4
"""Knocked Up""",2007,2011,"""comedy""","""""",129,60,50,40,40,40,60,50,40,50,,50.0
"""Kung Fu Hustle""",2004,2025,"""kung fu""","""comedy""",99,40,40,50,60,30,60,55,55,50,,47.2
"""Kung Fu Panda(1)""",2008,2013,"""adventure""","""animated""",92,60,60,50,40,40,60,60,60,60,,55.6
"""Kung Fu Panda(2)""",2011,2013,"""adventure""","""animated""",90,60,60,50,40,40,60,60,60,60,,55.6
"""Kung Fury""",2015,2015,"""comedy""","""action""",31,80,70,50,40,40,70,70,70,60,,63.4
"""L.A. Confidential""",1997,2011,"""drama""","""mystery""",138,70,70,70,60,50,60,50,60,65,,63.4
"""Last Goal Wins""",2023,2024,"""comedy""","""sports""",104,65,55,50,50,40,60,60,50,60,,56.1
"""Legally Blonde""",2001,2005,"""comedy""","""""",96,40,50,40,40,50,50,50,50,50,,46.3
"""Let's Go to Prison""",2006,2019,"""comedy""","""crime""",84,60,40,40,40,40,60,60,50,40,,48.3
"""Life Is Beautiful""",1997,2009,"""drama""","""comedy""",116,75,70,80,80,70,70,70,50,70,,71.7
"""Life of Pi""",2012,2014,"""adventure""","""fantasy""",127,30,20,50,30,30,20,20,20,30,,28.0
"""Little Giants""",1994,2013,"""comedy""","""sports""",107,60,40,50,30,30,50,40,40,50,,45.9
"""Little Miss Sunshine""",2006,2008,"""comedy""","""""",101,60,60,60,60,50,60,60,50,60,,58.5
"""Little Nicky""",2000,2002,"""comedy""","""""",90,65,40,40,40,30,50,50,50,50,,47.8
"""Looper""",2012,2014,"""action""","""drama""",113,30,30,50,50,40,40,30,40,40,,37.6
"""Lord of the Rings(1): The Fellowship of the Ring""",2001,2018,"""fantasy""","""adventure""",178,60,50,60,60,60,60,50,30,60,,56.3
"""Lord of the Rings(2): The Two Towers""",2002,2018,"""fantasy""","""adventure""",179,70,50,70,60,60,60,50,30,60,,59.3
"""Lord of the Rings(3): The Return of the King""",2003,2018,"""fantasy""","""adventure""",201,60,50,60,60,60,60,50,30,60,,56.3
"""MacGruber""",2010,2015,"""comedy""","""action""",90,50,20,40,40,30,50,50,50,40,,40.5
"""Mad Max: Fury Road""",2015,2018,"""action""","""""",120,70,50,55,30,30,60,50,40,50,,51.7
"""Madagascar(1)""",2005,2008,"""comedy""","""animated""",86,60,60,60,50,40,60,60,60,60,,57.3
"""Madagascar(2)-Escape 2 Africa""",2008,2013,"""comedy""","""animated""",89,50,50,60,50,40,50,50,60,50,,50.5
"""Major League""",1989,2020,"""sports""","""comedy""",107,70,60,60,60,30,60,60,55,60,,58.8
"""Major League II""",1994,2020,"""sports""","""comedy""",105,60,50,50,50,30,50,50,45,45,,49.0
"""Major League III: Back to the Minors""",1998,2020,"""sports""","""comedy""",100,20,30,25,25,20,30,30,30,25,,25.5
"""Major Payne""",1995,2004,"""comedy""","""""",95,70,30,50,50,40,50,60,60,60,,52.7
"""Malibus Most Wanted""",2003,2007,"""comedy""","""""",86,80,50,60,50,50,70,70,60,70,,64.1
"""Mars Express""",2023,2025,"""animation""","""artificial intelligence""",88,60,60,60,60,45,60,40,55,40,,53.9
"""Matilda""",1996,2002,"""fantasy""","""comedy""",102,40,50,60,60,50,60,50,50,60,,52.4
"""Me and Earl and the Dying Girl""",2015,2017,"""comedy""","""drama""",105,70,50,70,50,50,60,60,50,50,,57.8
"""Mean Girls""",2004,2008,"""comedy""","""""",97,60,60,60,50,50,60,60,60,60,,58.3
"""Men in Black(1)""",1997,1999,"""comedy""","""""",98,65,60,55,50,50,60,60,60,60,,58.8
"""Men in Black(2)""",2002,2003,"""comedy""","""""",88,65,60,55,50,50,60,60,60,60,,58.8
"""Men With Brooms""",2002,2006,"""comedy""","""drama""",102,60,40,60,40,50,40,50,50,50,,49.5
"""Metalocalypse: Army of the Doomstar""",2023,2025,"""comedy""","""animation""",83,45,50,65,50,30,50,60,55,50,,49.5
"""Michael Bolton's Big, Sexy Valentine's Day Special""",2017,2017,"""comedy""","""musical""",54,80,30,40,30,30,60,80,50,50,,52.0
"""Midnight Runners""",2017,2025,"""action""","""comedy""",109,60,55,50,50,35,55,60,50,60,,54.0
"""Millennium Series 1-The Girl With The Dragon Tattoo""",2009,2013,"""drama""","""""",152,60,30,50,50,40,60,40,30,50,,47.6
"""Miracle""",2004,2005,"""biography""","""sports""",135,50,50,60,60,60,60,50,40,60,,54.9
"""Miss Congeniality""",2000,2003,"""comedy""","""action""",109,40,60,60,50,60,60,60,50,50,,53.4
"""Moneyball""",2011,2012,"""sports""","""biography""",133,50,50,70,50,60,50,50,40,60,,53.9
"""Monsters Inc.""",2001,2008,"""animated""","""comedy""",92,60,60,60,60,40,50,60,60,60,,56.8
"""Monty Python and the Holy Grail""",1975,2005,"""comedy""","""""",91,70,50,70,50,50,70,70,70,70,,63.7
"""Monty Python-And Now For Something Completely Different""",1971,2018,"""comedy""","""sketches""",88,70,30,50,50,40,60,60,50,60,,53.4
"""Moonrise Kingdom""",2012,2014,"""comedy""","""adventure""",94,40,60,60,50,50,50,50,50,50,,50.5
"""Mother""",2009,2025,"""thriller""","""drama""",129,55,55,60,65,30,65,40,45,60,,54.1
"""Mr. Deeds""",2002,2006,"""comedy""","""""",96,50,30,40,40,30,40,30,50,40,,39.3
"""Nacho Libre""",2006,2008,"""comedy""","""""",92,60,40,50,50,40,60,60,50,50,,51.5
"""Napoleon Dynamite""",2004,2005,"""comedy""","""""",96,80,70,70,60,50,70,70,70,80,,70.7
"""National Treasure""",2004,2006,"""adventure""","""action""",131,40,40,40,40,60,50,40,30,40,,42.7
"""No-No: A Dockumentary""",2014,2020,"""documentary""","""sports""",100,50,40,60,40,60,50,40,30,40,,46.6
"""Norman""",2010,2011,"""comedy""","""drama""",99,60,60,60,50,50,50,60,60,50,,55.6
"""Not Another Teen Movie""",2001,2007,"""comedy""","""""",89,70,50,60,40,40,60,60,60,60,,57.1
"""Now You See Me(1)""",2013,2015,"""mystery""","""""",115,60,40,60,50,50,50,40,40,40,,48.8
"""Now You See Me(2)""",2016,2018,"""mystery""","""""",129,40,40,50,50,40,40,40,30,40,,41.2
"""Ocean's 11""",2001,2003,"""crime""","""""",116,60,70,60,50,50,65,60,50,60,,59.9
"""Ocean's 12""",2004,2005,"""crime""","""""",125,50,40,50,50,50,40,50,50,50,,47.3
"""Ocean's 13""",2007,2009,"""crime""","""""",122,50,40,60,50,50,60,50,50,50,,50.7
"""October Sky""",1999,2024,"""drama""","""""",108,45,60,50,55,45,50,30,60,50,,49.4
"""Office Space""",1999,2006,"""comedy""","""""",89,65,55,60,50,50,60,60,60,60,,58.5
"""One & Done (Ben Simmons)""",2016,2016,"""documentary""","""""",91,50,60,60,50,60,50,40,30,30,,48.8
"""One Crazy Summer""",1986,2014,"""comedy""","""""",93,50,30,30,40,30,40,40,40,40,,38.5
"""One Flew Over The Cuckoos Nest""",1975,2009,"""drama""","""""",133,60,60,70,70,50,60,60,50,60,,60.2
"""Orgazmo""",1997,2011,"""comedy""","""""",94,80,60,60,50,50,70,70,60,70,,65.6
"""Over The Garden Wall""",2014,2024,"""fantasy""","""comedy""",110,60,60,55,50,30,60,65,60,65,,57.0
"""Palm Springs""",2020,2023,"""comedy""","""sci-fi""",90,65,40,50,50,30,55,50,60,50,,50.6
"""Pelotero-Ballplayer""",2011,2011,"""documentary""","""sports""",77,60,60,80,60,70,70,40,60,60,,62.7
"""People's Republic of Desire""",2018,2020,"""documentary""","""""",95,50,60,65,50,60,55,40,50,50,,53.8
"""Perfect Blue""",1997,2025,"""thriller""","""anime""",81,45,45,55,60,30,55,40,60,60,,49.4
"""Phantom Thread""",2018,2018,"""drama""","""""",130,40,60,50,50,50,60,40,30,50,,49.0
"""Pineapple Express""",2008,2009,"""comedy""","""""",111,70,50,40,30,40,65,65,50,65,,55.6
"""Pirate Radio""",2009,2017,"""comedy""","""drama""",117,70,70,60,60,60,60,60,65,70,,65.1
"""Pirates of the Caribbean(1): The Curse of the Black Pearl""",2003,2012,"""action""","""fantasy""",143,60,40,60,40,40,60,50,30,60,,51.5
"""Pirates of the Caribbean(2): Dead Man's Chest""",2006,2024,"""action""","""fantasy""",151,55,35,50,40,40,50,50,30,50,,46.1
"""Pirates of the Caribbean(3): At World's End""",2007,2024,"""action""","""fantasy""",169,55,35,40,40,40,50,50,20,50,,44.6
"""Pirates of the Caribbean(4): On Stranger Tides""",2011,2024,"""action""","""fantasy""",136,55,35,50,40,40,50,50,30,50,,46.1
"""Pirates of the Caribbean(5): Dead Men Tell No Tales""",2017,2024,"""action""","""fantasy""",129,40,40,50,40,40,45,45,40,40,,42.0
"""Pitch Perfect""",2012,2012,"""music""","""comedy""",112,40,60,40,50,40,60,60,50,50,,49.5
"""Pocahontas""",1995,2012,"""animated""","""adventure""",81,30,40,40,50,50,30,30,50,40,,38.3
"""Point Break""",1991,2014,"""action""","""""",122,60,40,40,50,40,60,50,40,60,,50.7
"""Police Academy""",1984,2020,"""comedy""","""""",96,50,50,50,50,30,60,60,55,45,,49.5
"""Pootie Tang""",2001,2007,"""comedy""","""""",81,80,40,50,50,40,70,70,70,70,,61.2
"""Popstar-Never Stop Never Stopping""",2016,2017,"""comedy""","""""",87,50,50,40,40,40,60,60,50,50,,49.3
"""Puddle Cruiser""",1996,2012,"""comedy""","""""",102,70,70,80,60,50,80,80,60,70,,69.8
"""Pulp Fiction""",1994,2007,"""drama""","""""",154,70,70,80,70,60,70,70,50,80,,70.5
"""Race""",2016,2019,"""biography""","""sports""",134,40,50,60,60,60,40,40,35,60,,49.5
"""Rain Man""",1988,2010,"""drama""","""""",133,60,60,80,80,70,70,70,50,80,,68.8
"""Ready Player One""",2018,2018,"""action""","""sci-fi""",140,60,40,50,50,50,40,40,30,30,,44.6
"""Real Genius""",1985,2008,"""comedy""","""sci-fi""",108,70,70,60,70,60,70,70,60,70,,67.6
"""Remember the Titans""",2000,2005,"""biography""","""sports""",113,60,70,70,70,70,70,70,60,60,,66.1
"""Requiem For a Dream""",2000,2010,"""drama""","""""",102,70,70,70,80,70,70,60,60,70,,69.5
"""Reservoir Dogs""",1992,2014,"""crime""","""drama""",99,65,65,70,70,60,60,50,60,70,,64.1
"""Road To Perdition""",2002,2009,"""crime""","""drama""",117,60,70,70,70,70,70,50,50,60,,64.1
"""Robin Hood: Men In Tights""",1993,1998,"""comedy""","""""",104,70,40,40,50,50,50,60,50,60,,53.7
"""Role Models""",2008,2009,"""comedy""","""""",99,70,60,40,40,40,60,60,60,60,,56.6
"""Rookie of the Year""",1993,2002,"""sports""","""comedy""",103,60,50,60,40,40,55,50,45,55,,52.3
"""Rounders""",1998,2007,"""drama""","""""",121,70,70,80,80,70,70,60,60,70,,70.5
"""Run Ronnie Run""",2002,2018,"""comedy""","""""",86,60,30,50,40,40,50,50,50,40,,45.9
"""Rushmore""",1998,2008,"""comedy""","""""",93,80,70,70,70,50,70,70,80,80,,72.0
"""Safety Not Guaranteed""",2012,2013,"""comedy""","""""",86,60,50,60,60,40,60,60,70,50,,55.6
"""Saving Private Ryan""",1998,2004,"""drama""","""""",169,60,50,60,70,70,70,40,40,70,,60.5
"""School of Rock""",2003,2004,"""comedy""","""music""",108,50,50,50,50,40,50,50,50,40,,47.6
"""Scott Pilgrim vs. The World""",2010,2011,"""comedy""","""action""",112,60,60,50,60,30,50,60,40,50,,52.4
"""Se7en""",1995,2012,"""crime""","""drama""",127,75,60,60,65,50,60,40,40,60,,59.9
"""Searching for Bobby Fischer""",1993,2017,"""drama""","""""",109,60,70,70,60,70,55,40,60,60,,61.3
"""Secondhand Lions""",2003,2018,"""comedy""","""drama""",109,70,70,60,70,50,70,50,50,70,,64.6
"""Semi-Pro""",2008,2019,"""comedy""","""sports""",91,60,30,30,30,30,60,60,60,40,,44.6
"""Senior Year""",2022,2022,"""comedy""","""""",111,60,55,60,40,30,60,60,60,40,,52.0
"""Seven Pounds""",2008,2015,"""drama""","""""",123,40,40,65,60,50,40,40,35,50,,46.1
"""Seven Psychopaths""",2012,2012,"""comedy""","""""",110,50,50,60,50,40,50,60,40,50,,50.2
"""Shaolin Soccer""",2001,2006,"""comedy""","""action""",87,80,80,70,60,50,80,80,80,80,,74.6
"""Sharknado(1)""",2013,2014,"""action""","""comedy""",86,60,30,30,30,30,70,60,60,70,,50.2
"""Sharknado(2)-The Second One""",2014,2015,"""action""","""comedy""",95,60,30,30,30,30,70,60,60,70,,50.2
"""Sharknado(3)-Oh Hell No""",2015,2016,"""action""","""comedy""",93,60,30,30,30,30,70,60,60,70,,50.2
"""Sharknado(4)-The Fourth Awakens""",2016,2016,"""action""","""comedy""",95,60,30,30,30,30,70,60,60,70,,50.2
"""Sharknado(5)-Global Swarming""",2017,2018,"""action""","""comedy""",93,60,30,30,30,30,70,60,60,70,,50.2
"""Shaun of the Dead""",2004,2007,"""comedy""","""""",99,55,55,60,50,40,60,60,60,50,,54.1
"""Shrek""",2001,2004,"""animated""","""comedy""",90,30,50,40,50,40,50,50,50,50,,44.1
"""Shutter Island""",2010,2019,"""mystery""","""thriller""",138,70,60,70,60,50,70,50,40,60,,61.5
"""Silver Linings Playbook""",2012,2014,"""comedy""","""drama""",122,40,40,40,40,40,50,40,30,50,,42.2
"""Sing Street""",2016,2025,"""music""","""comedy""",106,65,60,50,50,30,65,60,50,65,,57.2
"""Sister Act""",1992,2003,"""comedy""","""crime""",100,50,50,60,50,40,50,50,40,50,,49.5
"""Slumdog Millionaire""",2008,2009,"""drama""","""""",120,60,70,70,70,60,60,60,60,70,,64.6
"""Sonic the Hedgehog""",2020,2024,"""comedy""","""""",99,50,50,50,50,30,55,50,55,50,,48.9
"""Sonic the Hedgehog 2""",2022,2024,"""comedy""","""""",122,55,45,50,50,30,50,45,50,50,,47.9
"""Sonic the Hedgehog 3""",2024,2025,"""comedy""","""""",110,50,45,50,50,30,50,45,50,45,,46.2
"""Sorry to Bother You""",2018,2019,"""comedy""","""fantasy""",111,70,50,60,60,40,60,60,60,60,,58.5
"""Source Code""",2011,2015,"""sci-fi""","""mystery""",93,40,40,60,50,50,40,40,60,40,,44.6
"""South Park-Bigger, Longer, and Uncut""",1999,2012,"""comedy""","""animated""",81,70,60,60,50,40,60,50,50,60,,58.0
"""Space Jam""",1996,1998,"""sports""","""animated""",88,70,70,80,60,50,70,50,70,80,,68.3
"""Spaceballs""",1987,2005,"""comedy""","""sci-fi""",96,70,70,70,50,50,70,70,70,70,,66.6
"""Speed Racer""",2008,2024,"""action""","""comedy""",135,50,65,55,55,30,65,45,45,65,,54.5
"""Split""",2016,2017,"""thriller""","""""",117,60,40,60,50,40,50,50,50,50,,50.5
"""Spotlight""",2015,2017,"""crime""","""history""",128,60,80,80,70,75,75,55,60,70,,70.0
"""Spy""",2015,2023,"""comedy""","""action""",120,55,55,40,40,30,60,50,50,50,,49.3
"""St. Vincent""",2014,2018,"""comedy""","""drama""",102,60,50,60,70,50,60,50,60,60,,57.6
"""Stand and Deliver""",1988,2006,"""drama""","""""",103,70,70,70,80,70,70,60,60,70,,69.5
"""Starsky and Hutch""",2004,2005,"""comedy""","""""",101,60,50,40,40,40,70,50,50,50,,51.7
"""Step Brothers""",2008,2009,"""comedy""","""""",98,70,60,60,40,40,60,60,60,60,,58.5
"""Straight Outta Compton""",2015,2017,"""biography""","""music""",147,60,70,70,70,60,50,60,40,60,,61.0
"""Strange Brew""",1983,2024,"""comedy""","""""",90,35,45,40,40,30,35,30,60,30,,37.0
"""Stranger Than Fiction""",2006,2007,"""comedy""","""""",113,50,70,80,60,50,70,60,50,60,,61.2
"""StudioGhibli-Castle in the Sky""",1986,2011,"""animated""","""adventure""",125,75,70,65,65,50,70,50,50,70,,65.7
"""StudioGhibli-Castle Of Cagliostro""",1979,2010,"""animated""","""adventure""",102,70,70,60,60,55,70,55,65,70,,65.5
"""StudioGhibli-From Up on Poppy Hill""",2011,2016,"""animated""","""drama""",91,60,70,50,60,60,60,50,60,50,,58.3
"""StudioGhibli-Grave of the Fireflies""",1988,2019,"""animated""","""drama""",89,70,60,70,70,70,70,50,70,70,,67.1
"""StudioGhibli-Howl's Moving Castle""",2004,2011,"""animated""","""adventure""",119,70,70,70,70,50,60,50,50,70,,64.4
"""StudioGhibli-Kiki's Delivery Service""",1989,2016,"""animated""","""adventure""",103,70,70,60,70,60,70,60,70,70,,67.3
"""StudioGhibli-My Neighbor Totoro""",1988,2012,"""animated""","""adventure""",86,65,70,60,60,50,70,50,60,70,,63.4
"""StudioGhibli-Nausicaa of the Valley of the Wind""",1984,2016,"""animated""","""adventure""",117,70,60,60,60,50,70,50,50,60,,61.0
"""StudioGhibli-Ponyo""",2008,2015,"""animated""","""adventure""",101,60,50,40,40,40,70,55,55,50,,52.3
"""StudioGhibli-Porco Rosso""",1992,2015,"""animated""","""adventure""",94,70,60,70,70,60,70,60,70,70,,66.8
"""StudioGhibli-Princess Mononoke""",1997,2009,"""animated""","""adventure""",134,80,75,80,80,60,80,60,80,80,,75.9
"""StudioGhibli-Spirited Away""",2001,2010,"""animated""","""adventure""",125,70,60,70,75,60,75,60,60,70,,67.3
"""StudioGhibli-The Secret World of Arrietty""",2010,2016,"""animated""","""adventure""",94,50,50,30,40,40,50,50,50,40,,44.9
"""StudioGhibli-The Tale of Princess Kaguya""",2013,2016,"""animated""","""adventure""",137,40,40,30,30,50,50,40,30,50,,41.5
"""StudioGhibli-The Wind Rises""",2013,2016,"""animated""","""biography""",126,70,80,80,80,70,80,60,70,80,,75.1
"""StudioGhibli-Whisper of the Heart""",1995,2016,"""animated""","""adventure""",111,60,60,40,40,50,60,60,50,50,,53.7
"""Sudden Death""",1995,2018,"""action""","""""",111,60,50,50,40,40,50,50,50,60,,51.7
"""Sugar""",2008,2011,"""sports""","""drama""",114,60,60,70,70,60,50,40,50,55,,57.8
"""Super Size Me""",2004,2005,"""documentary""","""""",100,30,60,60,50,65,65,60,50,65,,54.8
"""Super Troopers""",2001,2009,"""comedy""","""""",100,70,40,50,50,40,60,60,60,60,,55.4
"""Superbabies: Baby Geniuses 2""",2004,2010,"""comedy""","""""",88,50,20,40,20,30,50,40,40,50,,39.3
"""Superbad""",2007,2008,"""comedy""","""""",113,60,40,60,40,40,60,60,40,50,,51.2
"""Superheroes""",2011,2013,"""documentary""","""""",90,65,40,55,50,65,55,50,30,40,,51.6
"""Superstar""",1999,2020,"""comedy""","""""",81,60,60,40,40,40,60,50,60,50,,52.4
"""Swiss Army Man""",2016,2022,"""comedy""","""fantasy""",97,60,60,70,50,30,60,50,60,40,,53.7
"""Talladega Nights: The Ballad of Ricky Bobby""",2006,2007,"""comedy""","""sports""",108,65,40,40,40,40,60,60,50,60,,52.2
"""Tampopo""",1985,2019,"""comedy""","""western""",114,70,40,60,65,40,60,60,50,60,,57.0
"""Tangled""",2010,2012,"""animated""","""adventure""",100,20,40,30,50,40,30,20,40,20,,30.2
"""Team America: World Police""",2004,2020,"""comedy""","""action""",98,50,60,45,45,45,50,60,50,50,,50.9
"""Terri""",2011,2013,"""comedy""","""drama""",105,40,50,60,60,40,60,60,60,50,,51.2
"""The 40-Year-Old Virgin""",2005,2009,"""comedy""","""""",116,65,40,40,40,40,60,60,50,60,,52.2
"""The Accountant""",2016,2017,"""action""","""""",128,50,40,30,40,40,50,40,30,40,,41.7
"""The Adjustment Bureau""",2011,2013,"""sci-fi""","""""",106,60,60,65,60,40,60,60,60,50,,57.1
"""The Aristocats""",1970,2018,"""comedy""","""animated""",78,70,70,60,50,40,70,60,65,70,,63.7
"""The Babymakers""",2012,2014,"""comedy""","""""",95,30,20,30,30,30,30,40,20,20,,27.3
"""The Battered Bastards of Baseball""",2014,2020,"""documentary""","""sports""",80,50,35,40,40,40,40,40,50,35,,41.0
"""The Benchwarmers""",2006,2007,"""comedy""","""sports""",80,30,50,40,30,40,40,50,50,50,,41.5
"""The BFG""",2016,2018,"""fantasy""","""adventure""",117,30,30,40,40,30,20,30,30,20,,29.0
"""The Big Lebowski""",1998,2008,"""comedy""","""""",117,80,65,65,65,40,80,80,70,80,,70.9
"""The Big Short""",2015,2024,"""biography""","""""",130,60,60,60,50,60,60,40,40,50,,55.4
"""The Blind Side""",2009,2011,"""biography""","""sports""",129,30,50,50,30,60,30,40,30,40,,40.0
"""The Blues Brothers""",1980,2003,"""comedy""","""action""",133,80,60,80,70,60,70,80,50,80,,71.7
"""The Blues Brothers(2) 2000""",1998,2003,"""comedy""","""action""",123,70,40,60,60,50,50,60,40,40,,52.9
"""The Book of Mormon""",2011,2018,"""broadway play""","""comedy""",155,80,60,80,75,60,80,80,60,60,,70.9
"""The Boy and the Beast""",2015,2019,"""animated""","""adventure""",119,65,55,50,60,40,60,50,50,60,,56.1
"""The Breakfast Club""",1985,2006,"""comedy""","""drama""",97,60,60,70,70,30,70,60,65,80,,63.2
"""The Brothers Bloom""",2008,2011,"""comedy""","""drama""",114,50,40,60,70,40,60,50,50,50,,51.2
"""The Bucket List""",2007,2011,"""adventure""","""comedy""",97,40,40,30,40,40,50,40,50,40,,40.7
"""The Cell""",2000,2024,"""crime""","""sci-fi""",107,40,60,60,50,30,55,40,50,55,,49.1
"""The Da Vinci Code""",2006,2008,"""mystery""","""""",149,30,30,60,40,50,30,30,30,40,,37.1
"""The Darjeeling Limited""",2007,2018,"""comedy""","""adventure""",91,40,60,60,50,40,50,50,50,50,,49.5
"""The Day After Tomorrow""",2004,2008,"""adventure""","""action""",124,30,40,30,30,30,30,30,20,30,,31.0
"""The Departed""",2006,2008,"""crime""","""drama""",151,60,60,70,60,50,60,50,40,65,,59.0
"""The Disaster Artist""",2017,2018,"""comedy""","""biography""",104,70,30,50,40,50,60,50,50,50,,51.5
"""The Fifth Element""",1997,2018,"""action""","""sci-fi""",126,60,60,60,50,40,65,60,50,65,,58.2
"""The Foot Fist Way""",2006,2009,"""comedy""","""""",85,80,50,60,60,40,70,70,70,65,,63.7
"""The Frighteners""",1996,2011,"""comedy""","""fantasy""",110,40,60,60,50,40,60,50,50,60,,52.2
"""The Garden of Words""",2013,2016,"""animated""","""drama""",46,65,40,30,40,50,60,30,50,50,,48.5
"""The Girl Who Leapt Through Time""",2006,2018,"""animated""","""adventure""",98,80,70,70,70,40,70,70,80,70,,69.5
"""The God of Cookery""",1996,2024,"""comedy""","""action""",95,40,55,45,45,30,55,55,55,45,,46.5
"""The Goonies""",1985,2005,"""comedy""","""adventure""",114,70,70,70,60,40,70,60,60,70,,65.1
"""The Grand Budapest Hotel""",2014,2015,"""comedy""","""adventure""",99,40,60,50,50,40,60,60,60,60,,52.4
"""The Great Muppet Caper""",1981,2024,"""comedy""","""""",97,40,50,40,40,30,50,50,50,40,,42.9
"""The Hangover(1)""",2009,2010,"""comedy""","""""",100,65,40,40,40,40,60,55,55,60,,52.1
"""The Heartbreak Kid""",1972,2025,"""romantic comedy""","""satire""",106,30,40,40,40,30,50,40,40,40,,38.3
"""The Hitchhikers Guide to the Galaxy""",2005,2006,"""sci-fi""","""comedy""",109,70,60,70,60,50,70,70,65,65,,64.9
"""The Hudsucker Proxy""",1994,2025,"""satire""","""comedy""",111,50,50,60,60,30,60,55,50,55,,52.1
"""The Human Centipede""",2009,2010,"""horror""","""""",92,20,40,30,30,20,40,30,30,30,,29.8
"""The Hunger Games(1)-The Hunger Games""",2012,2012,"""adventure""","""sci-fi""",142,60,60,50,50,40,60,50,30,60,,54.1
"""The Hunger Games(2)-Catching Fire""",2013,2014,"""adventure""","""sci-fi""",146,60,60,50,50,40,60,50,30,60,,54.1
"""The Hunger Games(3)-Mockingjay (Pt. 1)""",2014,2015,"""adventure""","""sci-fi""",123,50,60,50,50,40,60,50,30,60,,52.2
"""The Hunger Games(4)-Mockingjay (Pt. 2)""",2015,2015,"""adventure""","""sci-fi""",137,50,60,50,50,40,60,50,30,60,,52.2
"""The Hunt for Red October""",1990,2002,"""action""","""thriller""",135,70,60,70,70,60,70,40,40,70,,63.9
"""The Illusionist""",2006,2010,"""drama""","""mystery""",110,50,50,60,60,40,60,60,50,50,,52.7
"""The Imitation Game""",2014,2017,"""drama""","""biography""",114,50,40,50,50,60,30,40,50,50,,46.3
"""The Incredibles""",2004,2008,"""animated""","""action""",115,50,50,50,50,40,60,50,40,50,,49.8
"""The Italian Job""",1969,2011,"""action""","""""",99,60,60,65,60,50,60,60,60,60,,59.5
"""The Italian Job""",2003,2006,"""action""","""""",111,60,50,60,50,50,65,65,50,60,,57.3
"""The Karate Kid""",1984,2012,"""action""","""drama""",126,60,50,60,60,40,50,50,40,60,,53.7
"""The Lego Batman Movie""",2017,2017,"""comedy""","""animated""",104,75,40,50,50,40,55,60,40,55,,54.0
"""The Lego Movie""",2014,2014,"""comedy""","""animated""",100,75,50,50,50,40,60,60,40,60,,56.8
"""The Life Aquatic with Steve Zissou""",2004,2009,"""comedy""","""adventure""",119,70,60,70,60,40,70,70,50,65,,63.2
"""The Lion King""",1994,2018,"""animated""","""adventure""",88,70,70,70,70,50,70,50,70,80,,68.0
"""The Little Rascals""",1994,2006,"""comedy""","""""",82,50,30,40,40,40,50,50,60,60,,46.3
"""The Longest Yard""",2005,2006,"""comedy""","""sports""",113,60,30,40,40,40,50,50,40,40,,44.4
"""The Man from U.N.C.L.E.""",2015,2025,"""action""","""comedy""",116,55,60,65,50,30,50,45,40,50,,51.1
"""The Matrix(1)""",1999,2001,"""action""","""sci-fi""",136,75,70,75,60,60,70,50,50,80,,68.8
"""The Matrix(2) Reloaded""",2003,2006,"""action""","""sci-fi""",138,60,50,55,50,50,60,50,40,50,,53.2
"""The Matrix(3) Revolutions""",2003,2008,"""action""","""sci-fi""",129,55,50,55,50,50,55,50,40,50,,51.6
"""The Naked Gun: From the Files of Police Squad""",1988,2020,"""comedy""","""""",85,60,60,60,50,30,65,65,60,55,,56.6
"""The Nice Guys""",2016,2016,"""comedy""","""action""",116,70,30,50,40,40,60,60,50,50,,51.2
"""The Notebook""",2004,2012,"""romantic comedy""","""""",123,30,50,40,30,40,30,30,30,40,,36.3
"""The Other Guys""",2010,2014,"""comedy""","""action""",107,60,50,40,40,40,60,55,45,50,,50.6
"""The Outlaws (Beomjoidosi)""",2017,2024,"""action""","""crime""",121,60,50,40,50,30,60,60,40,55,,51.2
"""The Overnight""",2015,2017,"""comedy""","""""",79,20,20,20,20,20,30,20,30,20,,21.7
"""The Play That Goes Wrong""",2012,2019,"""broadway play""","""comedy""",120,70,45,60,40,30,60,60,50,60,,54.9
"""The Point""",1971,2006,"""animated""","""adventure""",74,70,80,80,80,65,80,70,80,80,,75.9
"""The Prestige""",2006,2013,"""drama""","""mystery""",130,65,60,60,60,40,70,50,50,60,,59.0
"""The Pursuit of Happyness""",2006,2009,"""drama""","""biography""",117,60,60,70,70,60,70,50,50,60,,61.7
"""The Rookie""",2002,2002,"""drama""","""sports""",127,50,50,50,50,60,40,40,40,50,,48.5
"""The Room""",2003,2011,"""drama""","""""",99,60,40,40,40,40,20,40,40,80,,47.3
"""The Roundup (Beomjoidosi 2)""",2022,2024,"""action""","""crime""",106,60,50,40,55,30,65,50,50,55,,52.0
"""The Roundup: No Way Out (Beomjoidosi 3)""",2023,2024,"""action""","""crime""",105,50,40,40,50,30,50,40,45,50,,44.6
"""The Roundup: Punishment (Beomjoidosi 4)""",2024,2024,"""action""","""crime""",109,60,50,50,55,30,65,40,55,55,,52.4
"""The Royal Tenenbaums""",2001,2006,"""comedy""","""""",110,70,70,60,50,40,70,70,60,70,,64.1
"""The Russian Five""",2018,2020,"""documentary""","""sports""",102,70,70,75,70,65,70,50,60,65,,67.3
"""The Sandlot""",1993,1998,"""comedy""","""sports""",101,60,70,80,70,50,60,60,60,80,,66.1
"""The Sasquatch Gang""",2006,2009,"""comedy""","""""",86,80,30,50,40,40,60,55,60,55,,54.0
"""The Slammin' Salmon""",2009,2010,"""comedy""","""""",90,60,30,60,50,40,50,60,60,40,,48.8
"""The Social Network""",2010,2011,"""drama""","""biography""",120,30,40,50,50,60,50,50,40,40,,43.7
"""The Sound of Music""",1965,2005,"""drama""","""music""",172,20,30,40,30,50,30,20,20,40,,31.2
"""The Town""",2010,2023,"""crime""","""drama""",125,50,70,55,55,35,55,40,45,55,,52.7
"""The Truman Show""",1998,2004,"""comedy""","""sci-fi""",103,70,70,80,70,60,70,60,60,70,,68.8
"""The Untouchables""",1987,2007,"""crime""","""drama""",119,70,60,60,70,70,70,50,50,70,,65.1
"""The Usual Suspects""",1995,2001,"""crime""","""mystery""",106,80,70,80,80,50,70,50,70,80,,71.7
"""The Waterboy""",1998,1999,"""comedy""","""sports""",90,60,60,60,50,40,60,50,60,60,,56.6
"""The Yellow Submarine""",1968,1998,"""music""","""animated""",85,80,70,70,60,60,70,60,70,80,,71.0
"""Theater Camp""",2023,2024,"""mockumentary""","""comedy""",92,55,55,45,40,30,60,60,55,50,,50.7
"""They Came Together""",2014,2017,"""comedy""","""""",83,30,20,30,30,20,20,30,40,20,,25.4
"""They Cloned Tyrone""",2023,2024,"""mystery""","""sci-fi""",122,60,60,60,60,45,65,55,50,65,,59.0
"""Thirteen Days""",2000,2005,"""history""","""drama""",145,60,70,70,50,60,60,40,40,60,,59.3
"""This Film Is Not Yet Rated""",2006,2018,"""documentary""","""""",98,70,60,75,50,75,50,50,50,50,,60.2
"""This Is Spinal Tap""",1984,2008,"""comedy""","""music""",82,80,60,75,50,40,70,70,75,70,,66.8
"""This Is The End""",2013,2014,"""comedy""","""fantasy""",107,40,20,30,30,30,40,30,30,30,,31.7
"""Three Billboards Outside Ebbing Missouri""",2017,2018,"""drama""","""comedy""",115,65,40,60,50,40,50,50,50,60,,52.9
"""Tin Cup""",1996,2001,"""drama""","""comedy""",135,60,50,50,50,40,50,50,40,60,,52.0
"""To Live and Die in L.A.""",1985,2025,"""thriller""","""action""",116,45,40,50,40,30,50,45,40,50,,44.0
"""Tokyo Godfathers""",2003,2024,"""animation""","""adventure""",92,50,55,55,55,30,50,50,55,60,,51.3
"""Tongan Ninja""",2002,2010,"""comedy""","""action""",83,65,20,40,50,30,50,40,50,30,,42.0
"""Tootsie""",1982,2025,"""comedy""","""""",116,40,50,55,55,30,45,45,45,40,,44.3
"""Toy Story 1""",1995,1998,"""animated""","""adventure""",81,65,60,60,60,50,60,50,65,80,,62.4
"""Toy Story 2""",1999,1999,"""animated""","""adventure""",92,50,50,55,50,50,50,50,65,60,,52.7
"""Toy Story 3""",2010,2011,"""animated""","""adventure""",103,70,70,70,70,50,70,50,65,70,,66.3
"""Trailer Park Boys-Christmas Special""",2004,2013,"""comedy""","""""",57,40,50,50,50,30,50,60,40,40,,44.9
"""Trailer Park Boys-Countdown to Liquor Day""",2009,2013,"""comedy""","""""",102,40,50,50,50,30,50,60,30,40,,44.4
"""Trailer Park Boys-Don't Legalize It""",2014,2016,"""comedy""","""""",95,40,40,50,50,30,50,60,30,40,,42.9
"""Trailer Park Boys-The Big Dirty""",2006,2013,"""comedy""","""""",95,40,50,50,50,30,50,60,40,40,,44.9
"""Trailer Park Boys-The Movie""",1999,2013,"""comedy""","""""",67,60,50,60,60,30,60,60,60,50,,54.1
"""Training Day""",2001,2011,"""crime""","""drama""",122,70,60,60,70,40,60,50,50,60,,59.5
"""Trainspotting""",1996,2010,"""drama""","""""",94,70,50,70,70,60,70,50,60,70,,64.1
"""Tremors""",1990,2001,"""comedy""","""horror""",96,40,50,30,30,30,50,50,50,50,,42.7
"""Tropic Thunder""",2008,2010,"""comedy""","""action""",107,70,60,40,40,40,70,60,60,60,,57.8
"""Tucker and Dale vs Evil""",2010,2018,"""comedy""","""horror""",89,50,60,60,60,40,60,50,50,40,,52.0
"""Twilight(1)""",2008,2009,"""fantasy""","""romance""",122,40,40,50,40,30,40,40,40,40,,40.0
"""Twilight(2)-New Moon""",2009,2011,"""fantasy""","""romance""",130,40,40,50,40,30,40,40,40,40,,40.0
"""Twilight(3)-Eclipse""",2010,2011,"""fantasy""","""romance""",124,60,40,50,40,30,50,40,40,40,,45.1
"""Twilight(4)-Breaking Down Pt.1""",2011,2013,"""fantasy""","""romance""",117,40,40,50,40,30,40,40,40,40,,40.0
"""Twilight(5)-Breaking Dawn Pt. 2""",2012,2013,"""fantasy""","""romance""",115,50,40,50,40,30,50,40,40,40,,43.2
"""Unbreakable""",2000,2010,"""drama""","""sci-fi""",106,70,60,70,60,40,70,50,60,70,,62.9
"""Uncut Gems""",2019,2024,"""crime""","""drama""",135,60,40,40,50,30,55,40,40,55,,47.7
"""Up""",2009,2012,"""animated""","""adventure""",96,70,70,70,70,40,60,60,70,70,,65.1
"""V for Vendetta""",2005,2008,"""action""","""sci-fi""",132,60,70,70,60,60,60,50,50,70,,62.7
"""Walk Hard: The Dewey Cox Story""",2007,2012,"""comedy""","""music""",96,60,40,40,40,40,50,50,55,40,,46.6
"""Walk the Line""",2005,2009,"""biography""","""music""",136,40,30,40,30,50,30,30,30,40,,36.3
"""Wall-E""",2008,2014,"""animated""","""adventure""",98,60,70,70,60,40,70,50,60,60,,61.0
"""Wallace and Gromit: A Close Shave""",1995,2020,"""animated""","""comedy""",30,60,50,50,50,40,50,60,60,55,,52.9
"""Wallace and Gromit: A Grand Day Out""",1989,2019,"""animated""","""adventure""",23,70,70,50,50,40,60,60,60,60,,59.8
"""Wallace and Gromit: A Matter of Loaf and Death""",2008,2020,"""animated""","""comedy""",30,40,40,40,40,40,50,50,50,40,,42.4
"""Wallace and Gromit: The Curse of the Were-Rabbit""",2005,2020,"""animated""","""adventure""",85,50,50,50,50,40,55,55,50,50,,50.0
"""Wallace and Gromit: The Wrong Trousers""",1993,2020,"""animated""","""comedy""",30,60,60,50,50,40,55,60,60,60,,55.7
"""Waterworld""",1995,2007,"""sci-fi""","""action""",135,50,30,60,30,40,50,40,30,50,,43.9
"""Wayne's World 1""",1992,2005,"""comedy""","""music""",94,60,50,60,50,40,60,60,55,60,,55.6
"""Wayne's World 2""",1993,2005,"""comedy""","""music""",95,50,50,50,50,40,50,55,55,50,,49.6
"""We're the Millers""",2013,2015,"""comedy""","""""",110,70,30,40,40,30,45,45,45,45,,45.4
"""Wedding Crashers""",2005,2009,"""comedy""","""""",119,40,50,30,40,40,50,50,40,50,,43.9
"""Weekend At Bernies 1""",1989,2008,"""comedy""","""adventure""",97,70,50,60,40,40,60,60,60,65,,57.8
"""Weekend At Bernies 2""",1993,2010,"""comedy""","""adventure""",97,50,50,40,40,40,30,40,50,30,,41.2
"""Wet Hot American Summer""",2001,2010,"""comedy""","""""",97,80,80,70,60,50,80,80,80,80,,74.6
"""What We Do In The Shadows""",2014,2016,"""comedy""","""mockumentary""",86,70,70,70,50,50,70,70,65,60,,64.9
"""White Men Can't Jump""",1992,2019,"""sports""","""comedy""",115,40,50,40,50,50,50,40,40,60,,47.3
"""Wild Wild West""",1999,2022,"""comedy""","""sci-fi""",106,40,50,40,50,30,60,55,60,40,,45.7
"""Without a Paddle""",2004,2007,"""comedy""","""adventure""",95,30,40,40,40,30,50,50,40,30,,37.6
"""Wizard People, Dear Reader""",2004,2016,"""comedy""","""""",152,80,60,80,50,50,80,80,50,80,,70.5
"""Wolf Children""",2012,2016,"""animated""","""drama""",117,40,50,40,50,40,40,40,40,50,,43.7
"""X-Men(1)(2000)-X-Men""",2000,2010,"""superhero""","""action""",104,40,50,55,50,50,50,40,50,60,,49.3
"""X-Men(10)(2029)-Logan""",2017,2018,"""superhero""","""action""",137,30,40,40,40,30,30,30,30,30,,33.2
"""X-Men(11)(1992)-Dark Phoenix""",2019,2024,"""superhero""","""action""",113,40,50,50,50,30,55,40,45,50,,45.7
"""X-Men(2)(2003)-X2""",2003,2010,"""superhero""","""action""",134,50,50,55,50,50,50,40,40,60,,50.7
"""X-Men(3)(2006)-The Last Stand""",2006,2014,"""superhero""","""action""",104,65,60,55,50,50,60,40,60,70,,58.8
"""X-Men(4)(1981)-Origins Wolverine""",2009,2014,"""superhero""","""action""",107,55,40,55,50,50,40,40,50,40,,46.6
"""X-Men(5)(1962)-First Class""",2011,2014,"""superhero""","""action""",131,70,65,55,50,50,70,40,40,60,,59.3
"""X-Men(6)(2013)-The Wolverine""",2013,2015,"""superhero""","""action""",126,55,40,55,50,50,40,40,50,40,,46.6
"""X-Men(7)(2023)-Days of Future Past""",2014,2016,"""superhero""","""action""",132,70,65,55,50,50,70,40,40,60,,59.3
"""X-Men(8)(1983)-Apocalypse""",2016,2017,"""superhero""","""action""",144,70,65,55,50,50,70,40,40,60,,59.3
"""X-Men(9)(2016)-Deadpool""",2016,2017,"""superhero""","""action""",108,50,50,55,50,50,60,50,50,50,,51.7
"""Yolo (Re la gun tang)""",2024,2025,"""drama""","""boxing""",129,60,40,60,60,30,60,50,45,65,,53.4
"""Your Name""",2016,2016,"""animated""","""drama""",106,75,60,70,70,50,70,60,65,70,,66.6
"""Youth In Revolt""",2009,2010,"""comedy""","""drama""",90,60,60,60,60,40,60,60,65,50,,56.8
"""Zack and Miri Make a Porno""",2008,2010,"""comedy""","""romance""",101,30,40,40,30,30,40,30,30,40,,35.1
"""Zoolander 1""",2001,2003,"""comedy""","""""",90,70,70,70,50,40,70,60,70,80,,66.3
"""Zoolander 2""",2016,2017,"""comedy""","""""",101,40,30,40,40,40,30,40,30,30,,35.4
